image_name,fruit,stage,fruit_id,ripeness_id,days_remaining,relative_path
340.jpg,mango,rotten,2,2,0.4,mango\Rotten\340.jpg
557.jpg,apple,unripe,0,0,9.68,apple\Unripe\557.jpg
408.jpg,apple,unripe,0,0,10.0,apple\Unripe\408.jpg
152.jpg,pineapple,fresh,5,1,2.84,pineapple\Fresh\152.jpg
193.jpg,papaya,fresh,4,1,1.75,papaya\Fresh\193.jpg
580.jpg,pineapple,unripe,5,0,5.65,pineapple\Unripe\580.jpg
403.jpg,orange,rotten,3,2,0.61,orange\Rotten\403.jpg
453.jpg,mango,unripe,2,0,7.14,mango\Unripe\453.jpg
334.jpg,pineapple,rotten,5,2,-1.4,pineapple\Rotten\334.jpg
77.jpg,apple,unripe,0,0,10.16,apple\Unripe\77.jpg
79.jpg,pineapple,rotten,5,2,-1.51,pineapple\Rotten\79.jpg
144.jpg,pineapple,unripe,5,0,5.96,pineapple\Unripe\144.jpg
489.jpg,pineapple,fresh,5,1,3.22,pineapple\Fresh\489.jpg
487.jpg,apple,unripe,0,0,9.63,apple\Unripe\487.jpg
326.jpg,apple,unripe,0,0,10.2,apple\Unripe\326.jpg
41.jpg,mango,rotten,2,2,0.36,mango\Rotten\41.jpg
436.jpg,mango,rotten,2,2,0.25,mango\Rotten\436.jpg
4.jpg,apple,rotten,0,2,0.12,apple\Rotten\4.jpg
16.jpg,mango,unripe,2,0,6.69,mango\Unripe\16.jpg
211.jpg,apple,fresh,0,1,5.24,apple\Fresh\211.jpg
349.jpg,apple,rotten,0,2,0.64,apple\Rotten\349.jpg
470.jpg,banana,rotten,1,2,0.37,banana\Rotten\470.jpg
529.jpg,orange,unripe,3,0,8.24,orange\Unripe\529.jpg
498.jpg,orange,unripe,3,0,7.58,orange\Unripe\498.jpg
355.jpg,mango,fresh,2,1,2.97,mango\Fresh\355.jpg
486.jpg,banana,unripe,1,0,6.43,banana\Unripe\486.jpg
657.jpg,papaya,unripe,4,0,4.67,papaya\Unripe\657.jpg
186.jpg,pineapple,unripe,5,0,6.2,pineapple\Unripe\186.jpg
337.jpg,pineapple,unripe,5,0,5.69,pineapple\Unripe\337.jpg
239.jpg,pineapple,fresh,5,1,2.78,pineapple\Fresh\239.jpg
438.jpg,pineapple,fresh,5,1,3.04,pineapple\Fresh\438.jpg
86.jpg,mango,fresh,2,1,2.73,mango\Fresh\86.jpg
458.jpg,mango,fresh,2,1,3.18,mango\Fresh\458.jpg
412.jpg,papaya,fresh,4,1,1.89,papaya\Fresh\412.jpg
655.jpg,apple,unripe,0,0,9.99,apple\Unripe\655.jpg
401.jpg,banana,rotten,1,2,0.71,banana\Rotten\401.jpg
471.jpg,orange,unripe,3,0,8.05,orange\Unripe\471.jpg
394.jpg,banana,rotten,1,2,0.23,banana\Rotten\394.jpg
485.jpg,mango,unripe,2,0,6.81,mango\Unripe\485.jpg
192.jpg,apple,rotten,0,2,0.16,apple\Rotten\192.jpg
7.jpg,papaya,rotten,4,2,0.09,papaya\Rotten\7.jpg
393.jpg,mango,fresh,2,1,3.25,mango\Fresh\393.jpg
512.jpg,pineapple,rotten,5,2,0.15,pineapple\Rotten\512.jpg
5.jpg,banana,unripe,1,0,5.97,banana\Unripe\5.jpg
549.jpg,apple,rotten,0,2,0.22,apple\Rotten\549.jpg
98.jpg,apple,unripe,0,0,9.66,apple\Unripe\98.jpg
81.jpg,orange,rotten,3,2,-1.02,orange\Rotten\81.jpg
474.jpg,mango,fresh,2,1,3.28,mango\Fresh\474.jpg
192.jpg,banana,unripe,1,0,5.65,banana\Unripe\192.jpg
171.jpg,pineapple,unripe,5,0,6.1,pineapple\Unripe\171.jpg
135.jpg,banana,unripe,1,0,5.98,banana\Unripe\135.jpg
100.jpg,banana,rotten,1,2,0.28,banana\Rotten\100.jpg
631.jpg,apple,rotten,0,2,0.29,apple\Rotten\631.jpg
440.jpg,orange,fresh,3,1,5.25,orange\Fresh\440.jpg
129.jpg,pineapple,rotten,5,2,0.65,pineapple\Rotten\129.jpg
2.jpg,apple,fresh,0,1,4.88,apple\Fresh\2.jpg
180.jpg,mango,unripe,2,0,6.99,mango\Unripe\180.jpg
49.jpg,banana,rotten,1,2,0.71,banana\Rotten\49.jpg
477.jpg,banana,rotten,1,2,0.63,banana\Rotten\477.jpg
106.jpg,banana,unripe,1,0,6.07,banana\Unripe\106.jpg
315.jpg,pineapple,unripe,5,0,5.74,pineapple\Unripe\315.jpg
564.jpg,orange,unripe,3,0,8.3,orange\Unripe\564.jpg
220.jpg,mango,fresh,2,1,3.1,mango\Fresh\220.jpg
17.jpg,papaya,unripe,4,0,5.04,papaya\Unripe\17.jpg
434.jpg,mango,fresh,2,1,3.04,mango\Fresh\434.jpg
622.jpg,mango,unripe,2,0,7.18,mango\Unripe\622.jpg
367.jpg,pineapple,unripe,5,0,5.63,pineapple\Unripe\367.jpg
265.jpg,orange,fresh,3,1,4.74,orange\Fresh\265.jpg
97.jpg,orange,fresh,3,1,4.72,orange\Fresh\97.jpg
428.jpg,mango,unripe,2,0,6.99,mango\Unripe\428.jpg
54.jpg,pineapple,unripe,5,0,5.99,pineapple\Unripe\54.jpg
98.jpg,apple,fresh,0,1,4.78,apple\Fresh\98.jpg
124.jpg,papaya,unripe,4,0,4.99,papaya\Unripe\124.jpg
85.jpg,banana,fresh,1,1,3.08,banana\Fresh\85.jpg
616.jpg,pineapple,rotten,5,2,0.64,pineapple\Rotten\616.jpg
242.jpg,apple,fresh,0,1,5.09,apple\Fresh\242.jpg
331.jpg,papaya,fresh,4,1,2.2,papaya\Fresh\331.jpg
341.jpg,banana,rotten,1,2,0.48,banana\Rotten\341.jpg
454.jpg,orange,fresh,3,1,5.17,orange\Fresh\454.jpg
649.jpg,pineapple,unripe,5,0,6.23,pineapple\Unripe\649.jpg
206.jpg,orange,unripe,3,0,8.39,orange\Unripe\206.jpg
577.jpg,papaya,fresh,4,1,1.87,papaya\Fresh\577.jpg
251.jpg,papaya,rotten,4,2,0.78,papaya\Rotten\251.jpg
510.jpg,orange,fresh,3,1,4.93,orange\Fresh\510.jpg
310.jpg,pineapple,fresh,5,1,2.89,pineapple\Fresh\310.jpg
450.jpg,pineapple,rotten,5,2,0.23,pineapple\Rotten\450.jpg
214.jpg,papaya,unripe,4,0,4.88,papaya\Unripe\214.jpg
227.jpg,papaya,unripe,4,0,4.53,papaya\Unripe\227.jpg
38.jpg,banana,rotten,1,2,0.06,banana\Rotten\38.jpg
396.jpg,banana,unripe,1,0,5.79,banana\Unripe\396.jpg
485.jpg,banana,rotten,1,2,0.01,banana\Rotten\485.jpg
113.jpg,apple,unripe,0,0,9.82,apple\Unripe\113.jpg
605.jpg,pineapple,rotten,5,2,0.78,pineapple\Rotten\605.jpg
301.jpg,banana,unripe,1,0,6.04,banana\Unripe\301.jpg
132.jpg,mango,fresh,2,1,2.92,mango\Fresh\132.jpg
618.jpg,orange,fresh,3,1,4.82,orange\Fresh\618.jpg
197.jpg,mango,rotten,2,2,-1.26,mango\Rotten\197.jpg
434.jpg,pineapple,rotten,5,2,0.05,pineapple\Rotten\434.jpg
22.jpg,pineapple,unripe,5,0,5.74,pineapple\Unripe\22.jpg
682.jpg,pineapple,rotten,5,2,0.17,pineapple\Rotten\682.jpg
126.jpg,mango,unripe,2,0,7.14,mango\Unripe\126.jpg
453.jpg,pineapple,rotten,5,2,0.25,pineapple\Rotten\453.jpg
574.jpg,apple,unripe,0,0,9.76,apple\Unripe\574.jpg
188.jpg,pineapple,unripe,5,0,6.44,pineapple\Unripe\188.jpg
641.jpg,apple,rotten,0,2,-1.47,apple\Rotten\641.jpg
135.jpg,banana,rotten,1,2,-1.82,banana\Rotten\135.jpg
336.jpg,banana,unripe,1,0,6.46,banana\Unripe\336.jpg
506.jpg,pineapple,rotten,5,2,0.5,pineapple\Rotten\506.jpg
412.jpg,orange,rotten,3,2,0.4,orange\Rotten\412.jpg
144.jpg,papaya,fresh,4,1,1.89,papaya\Fresh\144.jpg
351.jpg,pineapple,unripe,5,0,6.14,pineapple\Unripe\351.jpg
66.jpg,papaya,rotten,4,2,0.71,papaya\Rotten\66.jpg
224.jpg,apple,unripe,0,0,10.25,apple\Unripe\224.jpg
641.jpg,papaya,rotten,4,2,-1.81,papaya\Rotten\641.jpg
341.jpg,papaya,rotten,4,2,0.2,papaya\Rotten\341.jpg
515.jpg,apple,fresh,0,1,4.76,apple\Fresh\515.jpg
147.jpg,banana,unripe,1,0,6.17,banana\Unripe\147.jpg
493.jpg,orange,unripe,3,0,7.76,orange\Unripe\493.jpg
401.jpg,pineapple,unripe,5,0,5.94,pineapple\Unripe\401.jpg
384.jpg,mango,rotten,2,2,0.05,mango\Rotten\384.jpg
386.jpg,papaya,unripe,4,0,5.24,papaya\Unripe\386.jpg
116.jpg,apple,fresh,0,1,4.72,apple\Fresh\116.jpg
214.jpg,pineapple,unripe,5,0,5.55,pineapple\Unripe\214.jpg
152.jpg,banana,unripe,1,0,6.04,banana\Unripe\152.jpg
185.jpg,mango,rotten,2,2,0.65,mango\Rotten\185.jpg
317.jpg,papaya,unripe,4,0,5.12,papaya\Unripe\317.jpg
604.jpg,apple,unripe,0,0,9.66,apple\Unripe\604.jpg
320.jpg,orange,rotten,3,2,0.06,orange\Rotten\320.jpg
345.jpg,pineapple,unripe,5,0,5.92,pineapple\Unripe\345.jpg
262.jpg,papaya,rotten,4,2,0.3,papaya\Rotten\262.jpg
260.jpg,apple,unripe,0,0,10.27,apple\Unripe\260.jpg
39.jpg,papaya,unripe,4,0,4.82,papaya\Unripe\39.jpg
421.jpg,orange,fresh,3,1,5.14,orange\Fresh\421.jpg
151.jpg,orange,unripe,3,0,8.43,orange\Unripe\151.jpg
540.jpg,orange,rotten,3,2,-2.45,orange\Rotten\540.jpg
20.jpg,mango,rotten,2,2,0.43,mango\Rotten\20.jpg
573.jpg,pineapple,fresh,5,1,3.05,pineapple\Fresh\573.jpg
184.jpg,apple,unripe,0,0,9.91,apple\Unripe\184.jpg
553.jpg,mango,fresh,2,1,2.84,mango\Fresh\553.jpg
183.jpg,papaya,unripe,4,0,4.87,papaya\Unripe\183.jpg
148.jpg,pineapple,fresh,5,1,3.2,pineapple\Fresh\148.jpg
483.jpg,pineapple,unripe,5,0,6.15,pineapple\Unripe\483.jpg
317.jpg,apple,rotten,0,2,0.11,apple\Rotten\317.jpg
12.jpg,apple,unripe,0,0,9.94,apple\Unripe\12.jpg
435.jpg,papaya,fresh,4,1,1.78,papaya\Fresh\435.jpg
672.jpg,mango,rotten,2,2,0.55,mango\Rotten\672.jpg
40.jpg,apple,fresh,0,1,5.11,apple\Fresh\40.jpg
437.jpg,banana,rotten,1,2,0.21,banana\Rotten\437.jpg
624.jpg,papaya,unripe,4,0,5.45,papaya\Unripe\624.jpg
612.jpg,pineapple,rotten,5,2,0.43,pineapple\Rotten\612.jpg
99.jpg,mango,unripe,2,0,7.02,mango\Unripe\99.jpg
21.jpg,pineapple,unripe,5,0,6.26,pineapple\Unripe\21.jpg
614.jpg,apple,unripe,0,0,9.9,apple\Unripe\614.jpg
305.jpg,papaya,unripe,4,0,4.69,papaya\Unripe\305.jpg
527.jpg,papaya,fresh,4,1,1.89,papaya\Fresh\527.jpg
587.jpg,papaya,unripe,4,0,4.97,papaya\Unripe\587.jpg
518.jpg,pineapple,rotten,5,2,0.31,pineapple\Rotten\518.jpg
550.jpg,mango,unripe,2,0,7.12,mango\Unripe\550.jpg
508.jpg,apple,unripe,0,0,9.62,apple\Unripe\508.jpg
483.jpg,mango,unripe,2,0,6.89,mango\Unripe\483.jpg
320.jpg,apple,fresh,0,1,5.18,apple\Fresh\320.jpg
188.jpg,orange,fresh,3,1,4.81,orange\Fresh\188.jpg
511.jpg,mango,unripe,2,0,6.57,mango\Unripe\511.jpg
512.jpg,papaya,unripe,4,0,4.54,papaya\Unripe\512.jpg
44.jpg,papaya,rotten,4,2,0.43,papaya\Rotten\44.jpg
68.jpg,mango,unripe,2,0,6.78,mango\Unripe\68.jpg
389.jpg,apple,unripe,0,0,10.28,apple\Unripe\389.jpg
88.jpg,mango,fresh,2,1,3.29,mango\Fresh\88.jpg
554.jpg,pineapple,unripe,5,0,6.09,pineapple\Unripe\554.jpg
78.jpg,banana,unripe,1,0,6.03,banana\Unripe\78.jpg
478.jpg,banana,fresh,1,1,3.01,banana\Fresh\478.jpg
489.jpg,mango,rotten,2,2,0.0,mango\Rotten\489.jpg
184.jpg,mango,rotten,2,2,0.66,mango\Rotten\184.jpg
84.jpg,papaya,rotten,4,2,0.42,papaya\Rotten\84.jpg
70.jpg,pineapple,rotten,5,2,0.09,pineapple\Rotten\70.jpg
214.jpg,pineapple,fresh,5,1,3.04,pineapple\Fresh\214.jpg
653.jpg,apple,rotten,0,2,-1.32,apple\Rotten\653.jpg
558.jpg,mango,unripe,2,0,6.8,mango\Unripe\558.jpg
134.jpg,pineapple,unripe,5,0,6.4,pineapple\Unripe\134.jpg
170.jpg,orange,fresh,3,1,4.94,orange\Fresh\170.jpg
49.jpg,banana,fresh,1,1,2.73,banana\Fresh\49.jpg
94.jpg,papaya,unripe,4,0,4.94,papaya\Unripe\94.jpg
391.jpg,mango,fresh,2,1,3.11,mango\Fresh\391.jpg
205.jpg,mango,rotten,2,2,0.02,mango\Rotten\205.jpg
80.jpg,mango,fresh,2,1,3.24,mango\Fresh\80.jpg
465.jpg,papaya,fresh,4,1,2.26,papaya\Fresh\465.jpg
601.jpg,apple,unripe,0,0,10.44,apple\Unripe\601.jpg
494.jpg,mango,unripe,2,0,6.82,mango\Unripe\494.jpg
360.jpg,apple,fresh,0,1,5.13,apple\Fresh\360.jpg
47.jpg,banana,rotten,1,2,0.67,banana\Rotten\47.jpg
316.jpg,banana,fresh,1,1,3.28,banana\Fresh\316.jpg
116.jpg,banana,rotten,1,2,-2.0,banana\Rotten\116.jpg
167.jpg,orange,fresh,3,1,4.94,orange\Fresh\167.jpg
292.jpg,orange,rotten,3,2,0.38,orange\Rotten\292.jpg
119.jpg,orange,fresh,3,1,5.03,orange\Fresh\119.jpg
77.jpg,mango,fresh,2,1,2.75,mango\Fresh\77.jpg
174.jpg,papaya,fresh,4,1,2.24,papaya\Fresh\174.jpg
658.jpg,banana,rotten,1,2,0.28,banana\Rotten\658.jpg
142.jpg,apple,fresh,0,1,4.92,apple\Fresh\142.jpg
261.jpg,pineapple,rotten,5,2,0.78,pineapple\Rotten\261.jpg
344.jpg,apple,fresh,0,1,4.92,apple\Fresh\344.jpg
635.jpg,papaya,rotten,4,2,0.75,papaya\Rotten\635.jpg
305.jpg,papaya,fresh,4,1,2.02,papaya\Fresh\305.jpg
74.jpg,mango,fresh,2,1,3.11,mango\Fresh\74.jpg
445.jpg,papaya,rotten,4,2,0.7,papaya\Rotten\445.jpg
388.jpg,pineapple,unripe,5,0,5.64,pineapple\Unripe\388.jpg
495.jpg,apple,unripe,0,0,9.73,apple\Unripe\495.jpg
586.jpg,papaya,unripe,4,0,4.63,papaya\Unripe\586.jpg
328.jpg,apple,unripe,0,0,9.96,apple\Unripe\328.jpg
214.jpg,orange,fresh,3,1,5.28,orange\Fresh\214.jpg
4.jpg,orange,fresh,3,1,5.12,orange\Fresh\4.jpg
409.jpg,pineapple,rotten,5,2,0.29,pineapple\Rotten\409.jpg
4.jpg,apple,fresh,0,1,4.99,apple\Fresh\4.jpg
277.jpg,banana,rotten,1,2,0.52,banana\Rotten\277.jpg
435.jpg,mango,unripe,2,0,6.73,mango\Unripe\435.jpg
394.jpg,mango,unripe,2,0,7.12,mango\Unripe\394.jpg
515.jpg,orange,unripe,3,0,7.97,orange\Unripe\515.jpg
631.jpg,apple,unripe,0,0,10.42,apple\Unripe\631.jpg
45.jpg,mango,fresh,2,1,3.05,mango\Fresh\45.jpg
562.jpg,apple,rotten,0,2,0.12,apple\Rotten\562.jpg
117.jpg,pineapple,unripe,5,0,6.04,pineapple\Unripe\117.jpg
306.jpg,apple,fresh,0,1,5.11,apple\Fresh\306.jpg
530.jpg,apple,unripe,0,0,10.3,apple\Unripe\530.jpg
254.jpg,orange,rotten,3,2,0.14,orange\Rotten\254.jpg
358.jpg,pineapple,fresh,5,1,3.01,pineapple\Fresh\358.jpg
612.jpg,banana,rotten,1,2,0.79,banana\Rotten\612.jpg
58.jpg,pineapple,fresh,5,1,2.75,pineapple\Fresh\58.jpg
193.jpg,banana,fresh,1,1,2.97,banana\Fresh\193.jpg
73.jpg,orange,rotten,3,2,0.66,orange\Rotten\73.jpg
312.jpg,papaya,fresh,4,1,1.87,papaya\Fresh\312.jpg
516.jpg,orange,rotten,3,2,0.52,orange\Rotten\516.jpg
85.jpg,banana,rotten,1,2,0.53,banana\Rotten\85.jpg
433.jpg,apple,rotten,0,2,0.35,apple\Rotten\433.jpg
345.jpg,banana,fresh,1,1,2.88,banana\Fresh\345.jpg
419.jpg,papaya,unripe,4,0,4.61,papaya\Unripe\419.jpg
490.jpg,apple,rotten,0,2,0.68,apple\Rotten\490.jpg
515.jpg,banana,fresh,1,1,2.85,banana\Fresh\515.jpg
445.jpg,orange,unripe,3,0,8.24,orange\Unripe\445.jpg
322.jpg,apple,fresh,0,1,5.2,apple\Fresh\322.jpg
247.jpg,apple,unripe,0,0,9.64,apple\Unripe\247.jpg
333.jpg,banana,unripe,1,0,5.77,banana\Unripe\333.jpg
566.jpg,pineapple,rotten,5,2,0.45,pineapple\Rotten\566.jpg
679.jpg,orange,rotten,3,2,0.79,orange\Rotten\679.jpg
635.jpg,mango,rotten,2,2,-2.44,mango\Rotten\635.jpg
479.jpg,pineapple,unripe,5,0,6.33,pineapple\Unripe\479.jpg
307.jpg,apple,fresh,0,1,4.73,apple\Fresh\307.jpg
537.jpg,banana,fresh,1,1,2.98,banana\Fresh\537.jpg
583.jpg,mango,unripe,2,0,7.32,mango\Unripe\583.jpg
405.jpg,pineapple,fresh,5,1,3.2,pineapple\Fresh\405.jpg
161.jpg,apple,unripe,0,0,9.57,apple\Unripe\161.jpg
21.jpg,orange,unripe,3,0,7.79,orange\Unripe\21.jpg
218.jpg,banana,rotten,1,2,0.37,banana\Rotten\218.jpg
35.jpg,mango,unripe,2,0,7.48,mango\Unripe\35.jpg
152.jpg,apple,unripe,0,0,10.41,apple\Unripe\152.jpg
116.jpg,orange,fresh,3,1,4.85,orange\Fresh\116.jpg
313.jpg,orange,fresh,3,1,4.92,orange\Fresh\313.jpg
525.jpg,papaya,fresh,4,1,1.77,papaya\Fresh\525.jpg
495.jpg,mango,rotten,2,2,0.14,mango\Rotten\495.jpg
162.jpg,papaya,rotten,4,2,-1.89,papaya\Rotten\162.jpg
254.jpg,papaya,unripe,4,0,5.09,papaya\Unripe\254.jpg
339.jpg,banana,unripe,1,0,5.82,banana\Unripe\339.jpg
182.jpg,mango,unripe,2,0,6.89,mango\Unripe\182.jpg
180.jpg,apple,rotten,0,2,-1.51,apple\Rotten\180.jpg
166.jpg,pineapple,rotten,5,2,0.26,pineapple\Rotten\166.jpg
40.jpg,banana,rotten,1,2,0.17,banana\Rotten\40.jpg
159.jpg,orange,unripe,3,0,7.53,orange\Unripe\159.jpg
127.jpg,pineapple,unripe,5,0,6.47,pineapple\Unripe\127.jpg
438.jpg,papaya,fresh,4,1,2.01,papaya\Fresh\438.jpg
594.jpg,banana,fresh,1,1,2.98,banana\Fresh\594.jpg
194.jpg,papaya,unripe,4,0,4.98,papaya\Unripe\194.jpg
113.jpg,pineapple,unripe,5,0,5.51,pineapple\Unripe\113.jpg
153.jpg,papaya,unripe,4,0,4.83,papaya\Unripe\153.jpg
514.jpg,apple,rotten,0,2,0.46,apple\Rotten\514.jpg
335.jpg,papaya,unripe,4,0,4.95,papaya\Unripe\335.jpg
134.jpg,papaya,unripe,4,0,4.81,papaya\Unripe\134.jpg
549.jpg,mango,unripe,2,0,6.89,mango\Unripe\549.jpg
123.jpg,papaya,rotten,4,2,0.09,papaya\Rotten\123.jpg
353.jpg,pineapple,fresh,5,1,3.1,pineapple\Fresh\353.jpg
447.jpg,apple,rotten,0,2,-1.43,apple\Rotten\447.jpg
1.jpg,mango,fresh,2,1,2.94,mango\Fresh\1.jpg
485.jpg,banana,fresh,1,1,2.8,banana\Fresh\485.jpg
638.jpg,banana,rotten,1,2,0.36,banana\Rotten\638.jpg
343.jpg,apple,unripe,0,0,10.45,apple\Unripe\343.jpg
3.jpg,pineapple,fresh,5,1,2.73,pineapple\Fresh\3.jpg
317.jpg,pineapple,rotten,5,2,0.18,pineapple\Rotten\317.jpg
354.jpg,mango,unripe,2,0,7.03,mango\Unripe\354.jpg
74.jpg,mango,unripe,2,0,6.9,mango\Unripe\74.jpg
98.jpg,mango,fresh,2,1,3.14,mango\Fresh\98.jpg
453.jpg,orange,fresh,3,1,5.23,orange\Fresh\453.jpg
586.jpg,banana,rotten,1,2,0.53,banana\Rotten\586.jpg
432.jpg,apple,fresh,0,1,5.24,apple\Fresh\432.jpg
215.jpg,pineapple,fresh,5,1,2.75,pineapple\Fresh\215.jpg
295.jpg,banana,rotten,1,2,0.69,banana\Rotten\295.jpg
289.jpg,pineapple,rotten,5,2,-1.99,pineapple\Rotten\289.jpg
276.jpg,pineapple,fresh,5,1,3.26,pineapple\Fresh\276.jpg
16.jpg,papaya,fresh,4,1,2.27,papaya\Fresh\16.jpg
298.jpg,mango,rotten,2,2,0.58,mango\Rotten\298.jpg
552.jpg,pineapple,rotten,5,2,-2.21,pineapple\Rotten\552.jpg
521.jpg,banana,rotten,1,2,0.17,banana\Rotten\521.jpg
187.jpg,pineapple,rotten,5,2,0.56,pineapple\Rotten\187.jpg
268.jpg,mango,unripe,2,0,6.62,mango\Unripe\268.jpg
140.jpg,orange,rotten,3,2,0.17,orange\Rotten\140.jpg
236.jpg,orange,fresh,3,1,4.8,orange\Fresh\236.jpg
195.jpg,orange,unripe,3,0,7.52,orange\Unripe\195.jpg
167.jpg,banana,rotten,1,2,-1.26,banana\Rotten\167.jpg
230.jpg,banana,fresh,1,1,3.12,banana\Fresh\230.jpg
216.jpg,mango,rotten,2,2,0.45,mango\Rotten\216.jpg
484.jpg,pineapple,unripe,5,0,6.46,pineapple\Unripe\484.jpg
333.jpg,banana,rotten,1,2,-1.43,banana\Rotten\333.jpg
26.jpg,orange,rotten,3,2,0.33,orange\Rotten\26.jpg
128.jpg,apple,unripe,0,0,9.62,apple\Unripe\128.jpg
459.jpg,orange,unripe,3,0,8.12,orange\Unripe\459.jpg
203.jpg,pineapple,fresh,5,1,2.94,pineapple\Fresh\203.jpg
107.jpg,papaya,unripe,4,0,5.3,papaya\Unripe\107.jpg
610.jpg,papaya,fresh,4,1,1.77,papaya\Fresh\610.jpg
389.jpg,apple,rotten,0,2,0.36,apple\Rotten\389.jpg
129.jpg,mango,unripe,2,0,6.55,mango\Unripe\129.jpg
320.jpg,pineapple,fresh,5,1,2.78,pineapple\Fresh\320.jpg
449.jpg,papaya,rotten,4,2,0.27,papaya\Rotten\449.jpg
221.jpg,mango,unripe,2,0,7.32,mango\Unripe\221.jpg
611.jpg,pineapple,unripe,5,0,5.63,pineapple\Unripe\611.jpg
67.jpg,papaya,rotten,4,2,0.62,papaya\Rotten\67.jpg
632.jpg,mango,unripe,2,0,7.23,mango\Unripe\632.jpg
135.jpg,mango,unripe,2,0,7.22,mango\Unripe\135.jpg
646.jpg,papaya,unripe,4,0,4.81,papaya\Unripe\646.jpg
114.jpg,banana,fresh,1,1,2.9,banana\Fresh\114.jpg
456.jpg,papaya,unripe,4,0,5.47,papaya\Unripe\456.jpg
534.jpg,papaya,unripe,4,0,5.17,papaya\Unripe\534.jpg
114.jpg,orange,rotten,3,2,-1.12,orange\Rotten\114.jpg
62.jpg,banana,fresh,1,1,2.78,banana\Fresh\62.jpg
482.jpg,mango,fresh,2,1,3.26,mango\Fresh\482.jpg
33.jpg,apple,rotten,0,2,0.17,apple\Rotten\33.jpg
338.jpg,papaya,fresh,4,1,2.16,papaya\Fresh\338.jpg
204.jpg,apple,rotten,0,2,0.36,apple\Rotten\204.jpg
548.jpg,banana,unripe,1,0,5.67,banana\Unripe\548.jpg
629.jpg,orange,unripe,3,0,7.92,orange\Unripe\629.jpg
409.jpg,papaya,rotten,4,2,-1.66,papaya\Rotten\409.jpg
15.jpg,mango,rotten,2,2,0.67,mango\Rotten\15.jpg
657.jpg,banana,unripe,1,0,6.45,banana\Unripe\657.jpg
217.jpg,apple,rotten,0,2,0.58,apple\Rotten\217.jpg
267.jpg,pineapple,unripe,5,0,6.37,pineapple\Unripe\267.jpg
116.jpg,mango,unripe,2,0,6.95,mango\Unripe\116.jpg
617.jpg,orange,unripe,3,0,8.47,orange\Unripe\617.jpg
424.jpg,mango,unripe,2,0,6.85,mango\Unripe\424.jpg
525.jpg,papaya,unripe,4,0,4.62,papaya\Unripe\525.jpg
446.jpg,apple,rotten,0,2,0.59,apple\Rotten\446.jpg
415.jpg,mango,unripe,2,0,6.73,mango\Unripe\415.jpg
608.jpg,orange,unripe,3,0,8.43,orange\Unripe\608.jpg
58.jpg,orange,fresh,3,1,5.0,orange\Fresh\58.jpg
643.jpg,pineapple,fresh,5,1,3.22,pineapple\Fresh\643.jpg
20.jpg,mango,unripe,2,0,6.67,mango\Unripe\20.jpg
37.jpg,pineapple,fresh,5,1,3.0,pineapple\Fresh\37.jpg
531.jpg,banana,unripe,1,0,6.27,banana\Unripe\531.jpg
64.jpg,banana,fresh,1,1,3.02,banana\Fresh\64.jpg
475.jpg,papaya,unripe,4,0,5.07,papaya\Unripe\475.jpg
13.jpg,banana,rotten,1,2,0.4,banana\Rotten\13.jpg
345.jpg,pineapple,rotten,5,2,0.78,pineapple\Rotten\345.jpg
204.jpg,pineapple,rotten,5,2,0.51,pineapple\Rotten\204.jpg
510.jpg,banana,rotten,1,2,0.58,banana\Rotten\510.jpg
595.jpg,banana,fresh,1,1,2.91,banana\Fresh\595.jpg
415.jpg,papaya,unripe,4,0,4.53,papaya\Unripe\415.jpg
302.jpg,papaya,fresh,4,1,1.98,papaya\Fresh\302.jpg
516.jpg,papaya,fresh,4,1,2.14,papaya\Fresh\516.jpg
270.jpg,banana,unripe,1,0,5.74,banana\Unripe\270.jpg
487.jpg,mango,fresh,2,1,3.11,mango\Fresh\487.jpg
261.jpg,banana,unripe,1,0,5.97,banana\Unripe\261.jpg
593.jpg,orange,unripe,3,0,7.67,orange\Unripe\593.jpg
117.jpg,papaya,rotten,4,2,0.56,papaya\Rotten\117.jpg
8.jpg,banana,unripe,1,0,6.12,banana\Unripe\8.jpg
483.jpg,apple,unripe,0,0,9.51,apple\Unripe\483.jpg
90.jpg,orange,fresh,3,1,5.16,orange\Fresh\90.jpg
376.jpg,apple,rotten,0,2,0.55,apple\Rotten\376.jpg
149.jpg,orange,rotten,3,2,0.06,orange\Rotten\149.jpg
84.jpg,mango,fresh,2,1,3.1,mango\Fresh\84.jpg
351.jpg,papaya,fresh,4,1,2.1,papaya\Fresh\351.jpg
676.jpg,banana,fresh,1,1,2.94,banana\Fresh\676.jpg
464.jpg,mango,unripe,2,0,7.45,mango\Unripe\464.jpg
124.jpg,papaya,rotten,4,2,0.52,papaya\Rotten\124.jpg
638.jpg,orange,unripe,3,0,8.3,orange\Unripe\638.jpg
315.jpg,apple,fresh,0,1,5.06,apple\Fresh\315.jpg
633.jpg,mango,rotten,2,2,0.21,mango\Rotten\633.jpg
300.jpg,banana,fresh,1,1,2.71,banana\Fresh\300.jpg
142.jpg,papaya,rotten,4,2,-1.65,papaya\Rotten\142.jpg
568.jpg,orange,rotten,3,2,0.3,orange\Rotten\568.jpg
341.jpg,orange,rotten,3,2,0.6,orange\Rotten\341.jpg
75.jpg,apple,rotten,0,2,0.4,apple\Rotten\75.jpg
72.jpg,pineapple,rotten,5,2,0.65,pineapple\Rotten\72.jpg
5.jpg,papaya,fresh,4,1,2.28,papaya\Fresh\5.jpg
47.jpg,mango,fresh,2,1,2.74,mango\Fresh\47.jpg
167.jpg,mango,fresh,2,1,2.9,mango\Fresh\167.jpg
560.jpg,apple,unripe,0,0,10.48,apple\Unripe\560.jpg
464.jpg,apple,fresh,0,1,4.92,apple\Fresh\464.jpg
430.jpg,apple,rotten,0,2,0.78,apple\Rotten\430.jpg
640.jpg,pineapple,rotten,5,2,0.42,pineapple\Rotten\640.jpg
511.jpg,papaya,rotten,4,2,-1.49,papaya\Rotten\511.jpg
606.jpg,pineapple,rotten,5,2,0.69,pineapple\Rotten\606.jpg
187.jpg,papaya,fresh,4,1,2.14,papaya\Fresh\187.jpg
328.jpg,apple,rotten,0,2,0.01,apple\Rotten\328.jpg
299.jpg,banana,rotten,1,2,0.22,banana\Rotten\299.jpg
464.jpg,pineapple,fresh,5,1,3.04,pineapple\Fresh\464.jpg
98.jpg,banana,unripe,1,0,6.28,banana\Unripe\98.jpg
351.jpg,orange,fresh,3,1,4.78,orange\Fresh\351.jpg
620.jpg,papaya,unripe,4,0,4.83,papaya\Unripe\620.jpg
151.jpg,mango,fresh,2,1,2.75,mango\Fresh\151.jpg
611.jpg,pineapple,fresh,5,1,2.96,pineapple\Fresh\611.jpg
378.jpg,apple,rotten,0,2,0.34,apple\Rotten\378.jpg
692.jpg,orange,rotten,3,2,0.34,orange\Rotten\692.jpg
111.jpg,orange,fresh,3,1,5.28,orange\Fresh\111.jpg
425.jpg,papaya,unripe,4,0,4.7,papaya\Unripe\425.jpg
186.jpg,banana,unripe,1,0,6.12,banana\Unripe\186.jpg
29.jpg,orange,fresh,3,1,5.17,orange\Fresh\29.jpg
460.jpg,orange,unripe,3,0,7.62,orange\Unripe\460.jpg
539.jpg,papaya,fresh,4,1,2.23,papaya\Fresh\539.jpg
268.jpg,banana,unripe,1,0,5.8,banana\Unripe\268.jpg
446.jpg,papaya,fresh,4,1,1.91,papaya\Fresh\446.jpg
99.jpg,apple,fresh,0,1,4.72,apple\Fresh\99.jpg
210.jpg,papaya,fresh,4,1,2.21,papaya\Fresh\210.jpg
276.jpg,banana,rotten,1,2,0.57,banana\Rotten\276.jpg
531.jpg,mango,fresh,2,1,2.77,mango\Fresh\531.jpg
600.jpg,papaya,rotten,4,2,0.03,papaya\Rotten\600.jpg
556.jpg,apple,rotten,0,2,0.04,apple\Rotten\556.jpg
432.jpg,papaya,rotten,4,2,0.46,papaya\Rotten\432.jpg
85.jpg,pineapple,unripe,5,0,6.4,pineapple\Unripe\85.jpg
202.jpg,papaya,unripe,4,0,4.88,papaya\Unripe\202.jpg
259.jpg,mango,fresh,2,1,3.05,mango\Fresh\259.jpg
483.jpg,banana,unripe,1,0,5.53,banana\Unripe\483.jpg
449.jpg,pineapple,fresh,5,1,2.79,pineapple\Fresh\449.jpg
160.jpg,banana,fresh,1,1,3.3,banana\Fresh\160.jpg
568.jpg,papaya,fresh,4,1,1.87,papaya\Fresh\568.jpg
366.jpg,banana,fresh,1,1,2.84,banana\Fresh\366.jpg
150.jpg,pineapple,fresh,5,1,3.28,pineapple\Fresh\150.jpg
260.jpg,pineapple,unripe,5,0,5.75,pineapple\Unripe\260.jpg
272.jpg,apple,unripe,0,0,10.43,apple\Unripe\272.jpg
524.jpg,orange,unripe,3,0,8.49,orange\Unripe\524.jpg
84.jpg,orange,unripe,3,0,8.37,orange\Unripe\84.jpg
587.jpg,orange,rotten,3,2,0.56,orange\Rotten\587.jpg
176.jpg,mango,unripe,2,0,6.74,mango\Unripe\176.jpg
319.jpg,mango,fresh,2,1,3.15,mango\Fresh\319.jpg
103.jpg,orange,fresh,3,1,5.08,orange\Fresh\103.jpg
111.jpg,papaya,fresh,4,1,1.82,papaya\Fresh\111.jpg
18.jpg,orange,unripe,3,0,7.66,orange\Unripe\18.jpg
348.jpg,mango,fresh,2,1,3.2,mango\Fresh\348.jpg
312.jpg,banana,unripe,1,0,6.01,banana\Unripe\312.jpg
9.jpg,mango,rotten,2,2,0.06,mango\Rotten\9.jpg
82.jpg,papaya,unripe,4,0,4.99,papaya\Unripe\82.jpg
167.jpg,banana,fresh,1,1,3.15,banana\Fresh\167.jpg
165.jpg,pineapple,fresh,5,1,3.15,pineapple\Fresh\165.jpg
411.jpg,papaya,unripe,4,0,4.97,papaya\Unripe\411.jpg
57.jpg,papaya,rotten,4,2,0.64,papaya\Rotten\57.jpg
315.jpg,banana,rotten,1,2,0.59,banana\Rotten\315.jpg
441.jpg,pineapple,unripe,5,0,5.85,pineapple\Unripe\441.jpg
489.jpg,apple,fresh,0,1,4.9,apple\Fresh\489.jpg
410.jpg,papaya,fresh,4,1,2.02,papaya\Fresh\410.jpg
64.jpg,papaya,fresh,4,1,1.7,papaya\Fresh\64.jpg
536.jpg,banana,rotten,1,2,0.36,banana\Rotten\536.jpg
197.jpg,pineapple,fresh,5,1,3.03,pineapple\Fresh\197.jpg
266.jpg,papaya,rotten,4,2,0.17,papaya\Rotten\266.jpg
252.jpg,mango,fresh,2,1,2.75,mango\Fresh\252.jpg
153.jpg,papaya,fresh,4,1,1.83,papaya\Fresh\153.jpg
416.jpg,pineapple,rotten,5,2,0.49,pineapple\Rotten\416.jpg
87.jpg,apple,unripe,0,0,10.36,apple\Unripe\87.jpg
508.jpg,orange,fresh,3,1,4.75,orange\Fresh\508.jpg
59.jpg,apple,fresh,0,1,4.88,apple\Fresh\59.jpg
375.jpg,mango,fresh,2,1,2.78,mango\Fresh\375.jpg
30.jpg,pineapple,rotten,5,2,0.25,pineapple\Rotten\30.jpg
649.jpg,mango,rotten,2,2,-1.37,mango\Rotten\649.jpg
452.jpg,banana,unripe,1,0,6.03,banana\Unripe\452.jpg
613.jpg,mango,rotten,2,2,0.79,mango\Rotten\613.jpg
144.jpg,papaya,unripe,4,0,5.19,papaya\Unripe\144.jpg
682.jpg,papaya,rotten,4,2,0.05,papaya\Rotten\682.jpg
645.jpg,orange,unripe,3,0,8.5,orange\Unripe\645.jpg
444.jpg,pineapple,unripe,5,0,5.67,pineapple\Unripe\444.jpg
245.jpg,pineapple,fresh,5,1,3.04,pineapple\Fresh\245.jpg
233.jpg,orange,fresh,3,1,5.01,orange\Fresh\233.jpg
578.jpg,banana,fresh,1,1,2.87,banana\Fresh\578.jpg
189.jpg,banana,rotten,1,2,0.54,banana\Rotten\189.jpg
511.jpg,banana,rotten,1,2,0.7,banana\Rotten\511.jpg
201.jpg,banana,unripe,1,0,5.65,banana\Unripe\201.jpg
288.jpg,mango,unripe,2,0,6.6,mango\Unripe\288.jpg
470.jpg,apple,unripe,0,0,10.3,apple\Unripe\470.jpg
552.jpg,orange,fresh,3,1,5.05,orange\Fresh\552.jpg
392.jpg,orange,unripe,3,0,8.22,orange\Unripe\392.jpg
15.jpg,mango,unripe,2,0,6.67,mango\Unripe\15.jpg
468.jpg,banana,fresh,1,1,2.72,banana\Fresh\468.jpg
8.jpg,pineapple,unripe,5,0,5.84,pineapple\Unripe\8.jpg
567.jpg,banana,rotten,1,2,0.11,banana\Rotten\567.jpg
99.jpg,banana,unripe,1,0,6.47,banana\Unripe\99.jpg
105.jpg,orange,unripe,3,0,8.36,orange\Unripe\105.jpg
69.jpg,orange,rotten,3,2,0.57,orange\Rotten\69.jpg
201.jpg,mango,fresh,2,1,2.86,mango\Fresh\201.jpg
137.jpg,pineapple,fresh,5,1,3.09,pineapple\Fresh\137.jpg
268.jpg,apple,rotten,0,2,0.41,apple\Rotten\268.jpg
41.jpg,mango,fresh,2,1,3.07,mango\Fresh\41.jpg
462.jpg,orange,fresh,3,1,4.76,orange\Fresh\462.jpg
329.jpg,mango,unripe,2,0,7.37,mango\Unripe\329.jpg
421.jpg,pineapple,rotten,5,2,0.03,pineapple\Rotten\421.jpg
444.jpg,mango,fresh,2,1,2.78,mango\Fresh\444.jpg
526.jpg,apple,unripe,0,0,9.8,apple\Unripe\526.jpg
23.jpg,banana,fresh,1,1,3.2,banana\Fresh\23.jpg
558.jpg,apple,rotten,0,2,0.28,apple\Rotten\558.jpg
344.jpg,orange,rotten,3,2,0.6,orange\Rotten\344.jpg
621.jpg,pineapple,unripe,5,0,6.01,pineapple\Unripe\621.jpg
317.jpg,papaya,fresh,4,1,2.12,papaya\Fresh\317.jpg
512.jpg,orange,fresh,3,1,5.26,orange\Fresh\512.jpg
384.jpg,pineapple,unripe,5,0,6.49,pineapple\Unripe\384.jpg
478.jpg,apple,unripe,0,0,10.46,apple\Unripe\478.jpg
673.jpg,banana,unripe,1,0,6.49,banana\Unripe\673.jpg
6.jpg,orange,fresh,3,1,5.13,orange\Fresh\6.jpg
164.jpg,banana,unripe,1,0,5.55,banana\Unripe\164.jpg
489.jpg,papaya,fresh,4,1,1.92,papaya\Fresh\489.jpg
593.jpg,apple,unripe,0,0,10.32,apple\Unripe\593.jpg
209.jpg,papaya,rotten,4,2,0.4,papaya\Rotten\209.jpg
192.jpg,banana,fresh,1,1,3.14,banana\Fresh\192.jpg
272.jpg,orange,unripe,3,0,7.54,orange\Unripe\272.jpg
308.jpg,apple,fresh,0,1,5.26,apple\Fresh\308.jpg
646.jpg,banana,rotten,1,2,0.51,banana\Rotten\646.jpg
88.jpg,pineapple,rotten,5,2,0.37,pineapple\Rotten\88.jpg
270.jpg,banana,fresh,1,1,3.07,banana\Fresh\270.jpg
53.jpg,banana,rotten,1,2,-2.09,banana\Rotten\53.jpg
34.jpg,papaya,fresh,4,1,1.97,papaya\Fresh\34.jpg
282.jpg,papaya,unripe,4,0,4.69,papaya\Unripe\282.jpg
505.jpg,pineapple,unripe,5,0,5.69,pineapple\Unripe\505.jpg
27.jpg,apple,rotten,0,2,0.18,apple\Rotten\27.jpg
574.jpg,pineapple,fresh,5,1,3.06,pineapple\Fresh\574.jpg
306.jpg,papaya,rotten,4,2,0.37,papaya\Rotten\306.jpg
484.jpg,papaya,unripe,4,0,5.2,papaya\Unripe\484.jpg
93.jpg,pineapple,unripe,5,0,6.43,pineapple\Unripe\93.jpg
145.jpg,pineapple,fresh,5,1,3.27,pineapple\Fresh\145.jpg
115.jpg,orange,fresh,3,1,5.25,orange\Fresh\115.jpg
576.jpg,orange,fresh,3,1,4.91,orange\Fresh\576.jpg
580.jpg,mango,fresh,2,1,2.73,mango\Fresh\580.jpg
328.jpg,mango,unripe,2,0,6.64,mango\Unripe\328.jpg
112.jpg,apple,rotten,0,2,-2.08,apple\Rotten\112.jpg
341.jpg,apple,fresh,0,1,5.14,apple\Fresh\341.jpg
627.jpg,papaya,rotten,4,2,0.11,papaya\Rotten\627.jpg
8.jpg,papaya,unripe,4,0,5.03,papaya\Unripe\8.jpg
338.jpg,pineapple,rotten,5,2,0.13,pineapple\Rotten\338.jpg
203.jpg,papaya,unripe,4,0,5.39,papaya\Unripe\203.jpg
469.jpg,pineapple,unripe,5,0,5.65,pineapple\Unripe\469.jpg
83.jpg,mango,fresh,2,1,3.29,mango\Fresh\83.jpg
516.jpg,mango,fresh,2,1,2.84,mango\Fresh\516.jpg
400.jpg,apple,unripe,0,0,9.69,apple\Unripe\400.jpg
619.jpg,pineapple,fresh,5,1,2.81,pineapple\Fresh\619.jpg
609.jpg,pineapple,rotten,5,2,0.45,pineapple\Rotten\609.jpg
0.jpg,pineapple,unripe,5,0,6.41,pineapple\Unripe\0.jpg
9.jpg,mango,fresh,2,1,2.72,mango\Fresh\9.jpg
121.jpg,banana,rotten,1,2,0.51,banana\Rotten\121.jpg
565.jpg,apple,fresh,0,1,4.83,apple\Fresh\565.jpg
458.jpg,papaya,unripe,4,0,4.52,papaya\Unripe\458.jpg
345.jpg,mango,fresh,2,1,2.82,mango\Fresh\345.jpg
614.jpg,mango,unripe,2,0,6.86,mango\Unripe\614.jpg
535.jpg,pineapple,unripe,5,0,6.17,pineapple\Unripe\535.jpg
178.jpg,mango,unripe,2,0,7.18,mango\Unripe\178.jpg
11.jpg,orange,rotten,3,2,0.57,orange\Rotten\11.jpg
560.jpg,apple,fresh,0,1,5.18,apple\Fresh\560.jpg
335.jpg,apple,unripe,0,0,10.29,apple\Unripe\335.jpg
647.jpg,banana,rotten,1,2,0.58,banana\Rotten\647.jpg
279.jpg,pineapple,rotten,5,2,0.46,pineapple\Rotten\279.jpg
368.jpg,mango,fresh,2,1,2.74,mango\Fresh\368.jpg
236.jpg,papaya,rotten,4,2,0.16,papaya\Rotten\236.jpg
316.jpg,pineapple,rotten,5,2,0.12,pineapple\Rotten\316.jpg
482.jpg,pineapple,fresh,5,1,3.13,pineapple\Fresh\482.jpg
305.jpg,banana,rotten,1,2,0.78,banana\Rotten\305.jpg
327.jpg,mango,unripe,2,0,7.22,mango\Unripe\327.jpg
426.jpg,papaya,rotten,4,2,0.7,papaya\Rotten\426.jpg
378.jpg,mango,fresh,2,1,2.83,mango\Fresh\378.jpg
193.jpg,banana,rotten,1,2,0.1,banana\Rotten\193.jpg
419.jpg,pineapple,unripe,5,0,6.19,pineapple\Unripe\419.jpg
99.jpg,papaya,fresh,4,1,2.27,papaya\Fresh\99.jpg
249.jpg,orange,rotten,3,2,0.18,orange\Rotten\249.jpg
410.jpg,pineapple,rotten,5,2,0.19,pineapple\Rotten\410.jpg
50.jpg,apple,rotten,0,2,0.49,apple\Rotten\50.jpg
98.jpg,pineapple,unripe,5,0,5.5,pineapple\Unripe\98.jpg
577.jpg,orange,unripe,3,0,8.3,orange\Unripe\577.jpg
105.jpg,mango,rotten,2,2,0.26,mango\Rotten\105.jpg
476.jpg,pineapple,rotten,5,2,0.47,pineapple\Rotten\476.jpg
187.jpg,mango,rotten,2,2,0.36,mango\Rotten\187.jpg
658.jpg,pineapple,unripe,5,0,6.24,pineapple\Unripe\658.jpg
100.jpg,mango,unripe,2,0,7.37,mango\Unripe\100.jpg
106.jpg,apple,unripe,0,0,10.25,apple\Unripe\106.jpg
213.jpg,orange,rotten,3,2,-1.49,orange\Rotten\213.jpg
13.jpg,orange,unripe,3,0,7.97,orange\Unripe\13.jpg
103.jpg,papaya,rotten,4,2,0.04,papaya\Rotten\103.jpg
369.jpg,apple,rotten,0,2,-2.11,apple\Rotten\369.jpg
531.jpg,banana,fresh,1,1,2.91,banana\Fresh\531.jpg
237.jpg,apple,unripe,0,0,9.73,apple\Unripe\237.jpg
348.jpg,papaya,unripe,4,0,5.23,papaya\Unripe\348.jpg
429.jpg,apple,fresh,0,1,4.79,apple\Fresh\429.jpg
184.jpg,papaya,unripe,4,0,4.95,papaya\Unripe\184.jpg
495.jpg,papaya,fresh,4,1,1.81,papaya\Fresh\495.jpg
500.jpg,banana,rotten,1,2,0.17,banana\Rotten\500.jpg
181.jpg,papaya,fresh,4,1,1.73,papaya\Fresh\181.jpg
529.jpg,pineapple,fresh,5,1,3.06,pineapple\Fresh\529.jpg
613.jpg,papaya,rotten,4,2,0.07,papaya\Rotten\613.jpg
85.jpg,mango,rotten,2,2,0.52,mango\Rotten\85.jpg
537.jpg,banana,unripe,1,0,5.87,banana\Unripe\537.jpg
632.jpg,banana,rotten,1,2,0.54,banana\Rotten\632.jpg
198.jpg,pineapple,unripe,5,0,5.55,pineapple\Unripe\198.jpg
247.jpg,pineapple,rotten,5,2,0.72,pineapple\Rotten\247.jpg
278.jpg,banana,unripe,1,0,5.82,banana\Unripe\278.jpg
611.jpg,papaya,unripe,4,0,4.87,papaya\Unripe\611.jpg
631.jpg,pineapple,unripe,5,0,5.88,pineapple\Unripe\631.jpg
343.jpg,mango,rotten,2,2,0.48,mango\Rotten\343.jpg
7.jpg,apple,rotten,0,2,0.77,apple\Rotten\7.jpg
226.jpg,mango,unripe,2,0,6.87,mango\Unripe\226.jpg
47.jpg,mango,rotten,2,2,-2.06,mango\Rotten\47.jpg
598.jpg,apple,fresh,0,1,4.94,apple\Fresh\598.jpg
552.jpg,mango,unripe,2,0,6.79,mango\Unripe\552.jpg
293.jpg,mango,unripe,2,0,6.57,mango\Unripe\293.jpg
534.jpg,apple,unripe,0,0,9.88,apple\Unripe\534.jpg
185.jpg,orange,fresh,3,1,4.87,orange\Fresh\185.jpg
392.jpg,papaya,rotten,4,2,0.51,papaya\Rotten\392.jpg
495.jpg,banana,rotten,1,2,0.26,banana\Rotten\495.jpg
32.jpg,apple,unripe,0,0,9.71,apple\Unripe\32.jpg
395.jpg,mango,fresh,2,1,2.77,mango\Fresh\395.jpg
513.jpg,mango,rotten,2,2,-1.8,mango\Rotten\513.jpg
136.jpg,orange,rotten,3,2,-2.35,orange\Rotten\136.jpg
311.jpg,mango,unripe,2,0,7.27,mango\Unripe\311.jpg
304.jpg,papaya,fresh,4,1,1.73,papaya\Fresh\304.jpg
405.jpg,apple,unripe,0,0,9.67,apple\Unripe\405.jpg
504.jpg,orange,unripe,3,0,8.02,orange\Unripe\504.jpg
435.jpg,pineapple,rotten,5,2,-1.94,pineapple\Rotten\435.jpg
258.jpg,papaya,unripe,4,0,5.0,papaya\Unripe\258.jpg
83.jpg,mango,unripe,2,0,6.91,mango\Unripe\83.jpg
261.jpg,orange,fresh,3,1,5.18,orange\Fresh\261.jpg
325.jpg,mango,unripe,2,0,7.36,mango\Unripe\325.jpg
266.jpg,papaya,fresh,4,1,1.85,papaya\Fresh\266.jpg
608.jpg,mango,rotten,2,2,0.59,mango\Rotten\608.jpg
16.jpg,orange,unripe,3,0,8.32,orange\Unripe\16.jpg
356.jpg,mango,fresh,2,1,2.71,mango\Fresh\356.jpg
308.jpg,banana,fresh,1,1,2.77,banana\Fresh\308.jpg
181.jpg,orange,fresh,3,1,5.05,orange\Fresh\181.jpg
53.jpg,orange,rotten,3,2,0.17,orange\Rotten\53.jpg
27.jpg,pineapple,unripe,5,0,5.79,pineapple\Unripe\27.jpg
271.jpg,banana,unripe,1,0,6.03,banana\Unripe\271.jpg
201.jpg,orange,rotten,3,2,-2.24,orange\Rotten\201.jpg
13.jpg,pineapple,fresh,5,1,3.24,pineapple\Fresh\13.jpg
334.jpg,papaya,rotten,4,2,0.71,papaya\Rotten\334.jpg
23.jpg,pineapple,fresh,5,1,2.99,pineapple\Fresh\23.jpg
522.jpg,papaya,fresh,4,1,1.71,papaya\Fresh\522.jpg
160.jpg,mango,unripe,2,0,7.34,mango\Unripe\160.jpg
604.jpg,pineapple,unripe,5,0,6.09,pineapple\Unripe\604.jpg
184.jpg,pineapple,unripe,5,0,6.32,pineapple\Unripe\184.jpg
569.jpg,apple,unripe,0,0,10.26,apple\Unripe\569.jpg
457.jpg,apple,unripe,0,0,10.03,apple\Unripe\457.jpg
141.jpg,orange,unripe,3,0,8.21,orange\Unripe\141.jpg
216.jpg,orange,rotten,3,2,0.39,orange\Rotten\216.jpg
403.jpg,papaya,unripe,4,0,4.78,papaya\Unripe\403.jpg
56.jpg,papaya,rotten,4,2,0.69,papaya\Rotten\56.jpg
278.jpg,apple,fresh,0,1,4.98,apple\Fresh\278.jpg
466.jpg,papaya,unripe,4,0,4.81,papaya\Unripe\466.jpg
472.jpg,papaya,unripe,4,0,4.99,papaya\Unripe\472.jpg
92.jpg,papaya,unripe,4,0,5.02,papaya\Unripe\92.jpg
203.jpg,apple,unripe,0,0,10.11,apple\Unripe\203.jpg
548.jpg,pineapple,unripe,5,0,6.05,pineapple\Unripe\548.jpg
488.jpg,orange,unripe,3,0,8.15,orange\Unripe\488.jpg
206.jpg,apple,unripe,0,0,9.94,apple\Unripe\206.jpg
628.jpg,orange,unripe,3,0,8.02,orange\Unripe\628.jpg
408.jpg,banana,fresh,1,1,2.78,banana\Fresh\408.jpg
617.jpg,orange,rotten,3,2,0.66,orange\Rotten\617.jpg
469.jpg,orange,fresh,3,1,5.18,orange\Fresh\469.jpg
412.jpg,mango,unripe,2,0,6.51,mango\Unripe\412.jpg
464.jpg,papaya,fresh,4,1,2.2,papaya\Fresh\464.jpg
129.jpg,papaya,fresh,4,1,2.02,papaya\Fresh\129.jpg
344.jpg,pineapple,unripe,5,0,5.68,pineapple\Unripe\344.jpg
286.jpg,orange,rotten,3,2,-2.13,orange\Rotten\286.jpg
305.jpg,mango,rotten,2,2,0.18,mango\Rotten\305.jpg
358.jpg,banana,unripe,1,0,5.72,banana\Unripe\358.jpg
590.jpg,orange,rotten,3,2,0.19,orange\Rotten\590.jpg
178.jpg,orange,rotten,3,2,0.28,orange\Rotten\178.jpg
659.jpg,pineapple,rotten,5,2,0.33,pineapple\Rotten\659.jpg
6.jpg,apple,fresh,0,1,5.09,apple\Fresh\6.jpg
149.jpg,mango,rotten,2,2,0.4,mango\Rotten\149.jpg
41.jpg,apple,rotten,0,2,0.11,apple\Rotten\41.jpg
507.jpg,orange,fresh,3,1,5.03,orange\Fresh\507.jpg
86.jpg,banana,unripe,1,0,5.52,banana\Unripe\86.jpg
443.jpg,mango,fresh,2,1,3.07,mango\Fresh\443.jpg
118.jpg,banana,unripe,1,0,6.1,banana\Unripe\118.jpg
50.jpg,papaya,rotten,4,2,-2.02,papaya\Rotten\50.jpg
245.jpg,orange,unripe,3,0,8.01,orange\Unripe\245.jpg
512.jpg,apple,fresh,0,1,5.04,apple\Fresh\512.jpg
9.jpg,pineapple,fresh,5,1,3.15,pineapple\Fresh\9.jpg
21.jpg,banana,unripe,1,0,6.42,banana\Unripe\21.jpg
403.jpg,pineapple,fresh,5,1,2.76,pineapple\Fresh\403.jpg
323.jpg,banana,rotten,1,2,0.09,banana\Rotten\323.jpg
569.jpg,banana,rotten,1,2,0.64,banana\Rotten\569.jpg
286.jpg,papaya,unripe,4,0,4.73,papaya\Unripe\286.jpg
225.jpg,papaya,rotten,4,2,0.69,papaya\Rotten\225.jpg
350.jpg,orange,rotten,3,2,0.51,orange\Rotten\350.jpg
23.jpg,apple,unripe,0,0,9.89,apple\Unripe\23.jpg
104.jpg,apple,fresh,0,1,5.15,apple\Fresh\104.jpg
7.jpg,pineapple,rotten,5,2,0.3,pineapple\Rotten\7.jpg
307.jpg,pineapple,unripe,5,0,5.58,pineapple\Unripe\307.jpg
18.jpg,mango,rotten,2,2,0.17,mango\Rotten\18.jpg
144.jpg,banana,rotten,1,2,0.17,banana\Rotten\144.jpg
252.jpg,mango,unripe,2,0,7.43,mango\Unripe\252.jpg
596.jpg,orange,fresh,3,1,5.24,orange\Fresh\596.jpg
219.jpg,orange,fresh,3,1,4.83,orange\Fresh\219.jpg
33.jpg,papaya,fresh,4,1,1.82,papaya\Fresh\33.jpg
263.jpg,banana,rotten,1,2,-2.07,banana\Rotten\263.jpg
270.jpg,orange,fresh,3,1,4.86,orange\Fresh\270.jpg
386.jpg,apple,rotten,0,2,0.47,apple\Rotten\386.jpg
108.jpg,mango,unripe,2,0,7.26,mango\Unripe\108.jpg
423.jpg,pineapple,unripe,5,0,5.58,pineapple\Unripe\423.jpg
314.jpg,orange,fresh,3,1,5.18,orange\Fresh\314.jpg
7.jpg,orange,rotten,3,2,0.51,orange\Rotten\7.jpg
484.jpg,apple,fresh,0,1,4.94,apple\Fresh\484.jpg
171.jpg,mango,unripe,2,0,7.15,mango\Unripe\171.jpg
644.jpg,banana,unripe,1,0,5.72,banana\Unripe\644.jpg
22.jpg,orange,unripe,3,0,8.23,orange\Unripe\22.jpg
408.jpg,pineapple,unripe,5,0,5.66,pineapple\Unripe\408.jpg
86.jpg,papaya,fresh,4,1,1.75,papaya\Fresh\86.jpg
352.jpg,pineapple,fresh,5,1,2.88,pineapple\Fresh\352.jpg
93.jpg,banana,rotten,1,2,0.53,banana\Rotten\93.jpg
112.jpg,apple,unripe,0,0,10.24,apple\Unripe\112.jpg
151.jpg,banana,unripe,1,0,6.5,banana\Unripe\151.jpg
554.jpg,papaya,unripe,4,0,4.83,papaya\Unripe\554.jpg
521.jpg,pineapple,rotten,5,2,0.38,pineapple\Rotten\521.jpg
56.jpg,banana,rotten,1,2,0.44,banana\Rotten\56.jpg
504.jpg,papaya,unripe,4,0,5.05,papaya\Unripe\504.jpg
242.jpg,orange,unripe,3,0,8.42,orange\Unripe\242.jpg
202.jpg,apple,fresh,0,1,4.74,apple\Fresh\202.jpg
416.jpg,mango,fresh,2,1,3.08,mango\Fresh\416.jpg
86.jpg,orange,fresh,3,1,5.22,orange\Fresh\86.jpg
159.jpg,pineapple,rotten,5,2,0.22,pineapple\Rotten\159.jpg
240.jpg,banana,rotten,1,2,0.54,banana\Rotten\240.jpg
515.jpg,mango,fresh,2,1,2.71,mango\Fresh\515.jpg
155.jpg,pineapple,unripe,5,0,5.56,pineapple\Unripe\155.jpg
61.jpg,mango,fresh,2,1,2.82,mango\Fresh\61.jpg
674.jpg,pineapple,unripe,5,0,5.77,pineapple\Unripe\674.jpg
628.jpg,apple,rotten,0,2,0.48,apple\Rotten\628.jpg
69.jpg,banana,fresh,1,1,3.18,banana\Fresh\69.jpg
551.jpg,mango,unripe,2,0,6.71,mango\Unripe\551.jpg
102.jpg,mango,unripe,2,0,7.13,mango\Unripe\102.jpg
168.jpg,banana,unripe,1,0,6.4,banana\Unripe\168.jpg
371.jpg,papaya,rotten,4,2,0.27,papaya\Rotten\371.jpg
86.jpg,banana,rotten,1,2,0.2,banana\Rotten\86.jpg
434.jpg,orange,unripe,3,0,7.87,orange\Unripe\434.jpg
234.jpg,papaya,fresh,4,1,1.9,papaya\Fresh\234.jpg
253.jpg,banana,unripe,1,0,6.38,banana\Unripe\253.jpg
633.jpg,apple,unripe,0,0,9.96,apple\Unripe\633.jpg
498.jpg,papaya,fresh,4,1,2.19,papaya\Fresh\498.jpg
211.jpg,pineapple,rotten,5,2,0.33,pineapple\Rotten\211.jpg
253.jpg,pineapple,rotten,5,2,0.56,pineapple\Rotten\253.jpg
578.jpg,papaya,unripe,4,0,5.39,papaya\Unripe\578.jpg
5.jpg,orange,unripe,3,0,7.65,orange\Unripe\5.jpg
491.jpg,papaya,fresh,4,1,1.97,papaya\Fresh\491.jpg
484.jpg,pineapple,fresh,5,1,3.07,pineapple\Fresh\484.jpg
594.jpg,mango,rotten,2,2,0.37,mango\Rotten\594.jpg
582.jpg,apple,fresh,0,1,4.98,apple\Fresh\582.jpg
261.jpg,papaya,rotten,4,2,0.69,papaya\Rotten\261.jpg
644.jpg,papaya,rotten,4,2,0.37,papaya\Rotten\644.jpg
49.jpg,orange,rotten,3,2,-1.54,orange\Rotten\49.jpg
219.jpg,pineapple,unripe,5,0,5.69,pineapple\Unripe\219.jpg
103.jpg,pineapple,rotten,5,2,0.46,pineapple\Rotten\103.jpg
18.jpg,papaya,fresh,4,1,1.82,papaya\Fresh\18.jpg
462.jpg,papaya,fresh,4,1,2.07,papaya\Fresh\462.jpg
586.jpg,orange,unripe,3,0,8.23,orange\Unripe\586.jpg
345.jpg,papaya,unripe,4,0,4.51,papaya\Unripe\345.jpg
87.jpg,pineapple,rotten,5,2,0.38,pineapple\Rotten\87.jpg
503.jpg,apple,unripe,0,0,10.23,apple\Unripe\503.jpg
356.jpg,papaya,fresh,4,1,1.92,papaya\Fresh\356.jpg
532.jpg,apple,rotten,0,2,0.72,apple\Rotten\532.jpg
209.jpg,orange,unripe,3,0,8.43,orange\Unripe\209.jpg
17.jpg,orange,rotten,3,2,0.44,orange\Rotten\17.jpg
592.jpg,banana,rotten,1,2,-2.07,banana\Rotten\592.jpg
382.jpg,papaya,unripe,4,0,4.63,papaya\Unripe\382.jpg
336.jpg,orange,rotten,3,2,-2.4,orange\Rotten\336.jpg
556.jpg,banana,unripe,1,0,6.08,banana\Unripe\556.jpg
393.jpg,orange,unripe,3,0,8.23,orange\Unripe\393.jpg
137.jpg,papaya,unripe,4,0,5.21,papaya\Unripe\137.jpg
392.jpg,pineapple,rotten,5,2,0.35,pineapple\Rotten\392.jpg
15.jpg,orange,rotten,3,2,0.65,orange\Rotten\15.jpg
374.jpg,apple,rotten,0,2,0.75,apple\Rotten\374.jpg
207.jpg,orange,unripe,3,0,7.65,orange\Unripe\207.jpg
388.jpg,orange,unripe,3,0,7.94,orange\Unripe\388.jpg
514.jpg,papaya,fresh,4,1,2.15,papaya\Fresh\514.jpg
19.jpg,orange,unripe,3,0,7.82,orange\Unripe\19.jpg
269.jpg,pineapple,rotten,5,2,0.26,pineapple\Rotten\269.jpg
508.jpg,mango,rotten,2,2,-1.22,mango\Rotten\508.jpg
47.jpg,banana,unripe,1,0,5.55,banana\Unripe\47.jpg
133.jpg,mango,fresh,2,1,3.22,mango\Fresh\133.jpg
293.jpg,pineapple,unripe,5,0,5.87,pineapple\Unripe\293.jpg
454.jpg,papaya,rotten,4,2,0.46,papaya\Rotten\454.jpg
607.jpg,mango,unripe,2,0,7.38,mango\Unripe\607.jpg
273.jpg,pineapple,fresh,5,1,2.74,pineapple\Fresh\273.jpg
183.jpg,apple,unripe,0,0,10.44,apple\Unripe\183.jpg
211.jpg,banana,unripe,1,0,6.31,banana\Unripe\211.jpg
532.jpg,orange,rotten,3,2,0.31,orange\Rotten\532.jpg
570.jpg,apple,unripe,0,0,10.13,apple\Unripe\570.jpg
24.jpg,banana,rotten,1,2,0.5,banana\Rotten\24.jpg
621.jpg,apple,unripe,0,0,10.06,apple\Unripe\621.jpg
569.jpg,mango,unripe,2,0,7.35,mango\Unripe\569.jpg
526.jpg,papaya,fresh,4,1,2.03,papaya\Fresh\526.jpg
168.jpg,papaya,rotten,4,2,0.13,papaya\Rotten\168.jpg
357.jpg,apple,fresh,0,1,5.02,apple\Fresh\357.jpg
99.jpg,pineapple,fresh,5,1,3.15,pineapple\Fresh\99.jpg
532.jpg,papaya,unripe,4,0,4.84,papaya\Unripe\532.jpg
6.jpg,papaya,unripe,4,0,5.45,papaya\Unripe\6.jpg
366.jpg,pineapple,fresh,5,1,3.12,pineapple\Fresh\366.jpg
495.jpg,mango,fresh,2,1,3.06,mango\Fresh\495.jpg
216.jpg,mango,unripe,2,0,6.61,mango\Unripe\216.jpg
141.jpg,banana,unripe,1,0,6.08,banana\Unripe\141.jpg
269.jpg,papaya,rotten,4,2,0.76,papaya\Rotten\269.jpg
309.jpg,banana,rotten,1,2,-1.66,banana\Rotten\309.jpg
10.jpg,papaya,rotten,4,2,0.03,papaya\Rotten\10.jpg
110.jpg,pineapple,unripe,5,0,5.94,pineapple\Unripe\110.jpg
628.jpg,orange,rotten,3,2,0.23,orange\Rotten\628.jpg
143.jpg,papaya,fresh,4,1,1.74,papaya\Fresh\143.jpg
130.jpg,pineapple,unripe,5,0,6.43,pineapple\Unripe\130.jpg
144.jpg,orange,rotten,3,2,-1.54,orange\Rotten\144.jpg
638.jpg,banana,unripe,1,0,6.39,banana\Unripe\638.jpg
428.jpg,orange,unripe,3,0,8.01,orange\Unripe\428.jpg
560.jpg,banana,rotten,1,2,0.76,banana\Rotten\560.jpg
150.jpg,banana,rotten,1,2,0.28,banana\Rotten\150.jpg
92.jpg,papaya,rotten,4,2,0.67,papaya\Rotten\92.jpg
480.jpg,apple,rotten,0,2,0.42,apple\Rotten\480.jpg
499.jpg,orange,fresh,3,1,4.91,orange\Fresh\499.jpg
663.jpg,orange,rotten,3,2,0.4,orange\Rotten\663.jpg
5.jpg,mango,fresh,2,1,2.82,mango\Fresh\5.jpg
31.jpg,orange,fresh,3,1,5.04,orange\Fresh\31.jpg
558.jpg,pineapple,fresh,5,1,3.06,pineapple\Fresh\558.jpg
388.jpg,pineapple,fresh,5,1,3.19,pineapple\Fresh\388.jpg
514.jpg,orange,rotten,3,2,-2.02,orange\Rotten\514.jpg
199.jpg,apple,rotten,0,2,0.66,apple\Rotten\199.jpg
437.jpg,papaya,unripe,4,0,5.46,papaya\Unripe\437.jpg
117.jpg,mango,fresh,2,1,3.28,mango\Fresh\117.jpg
106.jpg,pineapple,rotten,5,2,0.28,pineapple\Rotten\106.jpg
324.jpg,orange,rotten,3,2,-2.37,orange\Rotten\324.jpg
275.jpg,pineapple,fresh,5,1,2.88,pineapple\Fresh\275.jpg
319.jpg,mango,unripe,2,0,6.68,mango\Unripe\319.jpg
80.jpg,pineapple,fresh,5,1,3.18,pineapple\Fresh\80.jpg
105.jpg,pineapple,fresh,5,1,2.91,pineapple\Fresh\105.jpg
177.jpg,apple,fresh,0,1,5.07,apple\Fresh\177.jpg
320.jpg,pineapple,unripe,5,0,5.91,pineapple\Unripe\320.jpg
266.jpg,orange,fresh,3,1,4.75,orange\Fresh\266.jpg
6.jpg,banana,rotten,1,2,0.73,banana\Rotten\6.jpg
459.jpg,orange,fresh,3,1,4.78,orange\Fresh\459.jpg
171.jpg,papaya,unripe,4,0,4.99,papaya\Unripe\171.jpg
452.jpg,pineapple,fresh,5,1,2.79,pineapple\Fresh\452.jpg
440.jpg,pineapple,unripe,5,0,5.91,pineapple\Unripe\440.jpg
391.jpg,apple,rotten,0,2,-1.8,apple\Rotten\391.jpg
388.jpg,orange,rotten,3,2,0.17,orange\Rotten\388.jpg
125.jpg,banana,fresh,1,1,2.87,banana\Fresh\125.jpg
549.jpg,banana,fresh,1,1,2.78,banana\Fresh\549.jpg
333.jpg,apple,fresh,0,1,5.12,apple\Fresh\333.jpg
175.jpg,pineapple,unripe,5,0,5.99,pineapple\Unripe\175.jpg
170.jpg,orange,rotten,3,2,0.47,orange\Rotten\170.jpg
126.jpg,papaya,unripe,4,0,5.08,papaya\Unripe\126.jpg
167.jpg,apple,rotten,0,2,0.23,apple\Rotten\167.jpg
331.jpg,banana,fresh,1,1,3.17,banana\Fresh\331.jpg
58.jpg,orange,unripe,3,0,8.26,orange\Unripe\58.jpg
132.jpg,pineapple,fresh,5,1,3.18,pineapple\Fresh\132.jpg
123.jpg,banana,rotten,1,2,0.08,banana\Rotten\123.jpg
542.jpg,papaya,rotten,4,2,0.51,papaya\Rotten\542.jpg
51.jpg,apple,unripe,0,0,10.27,apple\Unripe\51.jpg
524.jpg,apple,unripe,0,0,10.33,apple\Unripe\524.jpg
354.jpg,orange,rotten,3,2,-2.25,orange\Rotten\354.jpg
96.jpg,papaya,rotten,4,2,0.66,papaya\Rotten\96.jpg
240.jpg,apple,unripe,0,0,10.3,apple\Unripe\240.jpg
591.jpg,orange,unripe,3,0,8.01,orange\Unripe\591.jpg
22.jpg,apple,rotten,0,2,0.6,apple\Rotten\22.jpg
675.jpg,pineapple,unripe,5,0,5.91,pineapple\Unripe\675.jpg
43.jpg,papaya,unripe,4,0,4.63,papaya\Unripe\43.jpg
114.jpg,papaya,fresh,4,1,2.16,papaya\Fresh\114.jpg
184.jpg,papaya,fresh,4,1,2.08,papaya\Fresh\184.jpg
313.jpg,papaya,fresh,4,1,1.78,papaya\Fresh\313.jpg
539.jpg,orange,fresh,3,1,5.06,orange\Fresh\539.jpg
279.jpg,orange,fresh,3,1,5.2,orange\Fresh\279.jpg
126.jpg,banana,fresh,1,1,2.79,banana\Fresh\126.jpg
99.jpg,papaya,unripe,4,0,4.69,papaya\Unripe\99.jpg
114.jpg,papaya,rotten,4,2,-1.34,papaya\Rotten\114.jpg
148.jpg,apple,rotten,0,2,0.59,apple\Rotten\148.jpg
239.jpg,pineapple,rotten,5,2,-1.07,pineapple\Rotten\239.jpg
573.jpg,banana,rotten,1,2,0.02,banana\Rotten\573.jpg
232.jpg,papaya,fresh,4,1,1.98,papaya\Fresh\232.jpg
139.jpg,pineapple,fresh,5,1,3.08,pineapple\Fresh\139.jpg
295.jpg,mango,unripe,2,0,6.55,mango\Unripe\295.jpg
486.jpg,papaya,fresh,4,1,1.79,papaya\Fresh\486.jpg
19.jpg,banana,fresh,1,1,3.09,banana\Fresh\19.jpg
29.jpg,orange,unripe,3,0,7.83,orange\Unripe\29.jpg
391.jpg,banana,fresh,1,1,2.85,banana\Fresh\391.jpg
349.jpg,apple,fresh,0,1,5.18,apple\Fresh\349.jpg
43.jpg,banana,fresh,1,1,3.2,banana\Fresh\43.jpg
26.jpg,papaya,rotten,4,2,0.56,papaya\Rotten\26.jpg
240.jpg,banana,unripe,1,0,5.9,banana\Unripe\240.jpg
25.jpg,pineapple,unripe,5,0,6.22,pineapple\Unripe\25.jpg
76.jpg,apple,unripe,0,0,9.78,apple\Unripe\76.jpg
55.jpg,orange,rotten,3,2,0.33,orange\Rotten\55.jpg
523.jpg,papaya,unripe,4,0,4.77,papaya\Unripe\523.jpg
588.jpg,apple,fresh,0,1,4.8,apple\Fresh\588.jpg
467.jpg,pineapple,unripe,5,0,6.16,pineapple\Unripe\467.jpg
191.jpg,orange,fresh,3,1,4.83,orange\Fresh\191.jpg
398.jpg,orange,unripe,3,0,8.33,orange\Unripe\398.jpg
412.jpg,mango,fresh,2,1,3.28,mango\Fresh\412.jpg
473.jpg,apple,unripe,0,0,10.07,apple\Unripe\473.jpg
543.jpg,banana,rotten,1,2,0.78,banana\Rotten\543.jpg
294.jpg,mango,unripe,2,0,7.44,mango\Unripe\294.jpg
39.jpg,orange,unripe,3,0,7.81,orange\Unripe\39.jpg
598.jpg,orange,unripe,3,0,7.6,orange\Unripe\598.jpg
41.jpg,orange,fresh,3,1,4.73,orange\Fresh\41.jpg
351.jpg,papaya,rotten,4,2,0.35,papaya\Rotten\351.jpg
193.jpg,mango,fresh,2,1,2.97,mango\Fresh\193.jpg
428.jpg,apple,rotten,0,2,0.42,apple\Rotten\428.jpg
331.jpg,mango,unripe,2,0,7.35,mango\Unripe\331.jpg
506.jpg,orange,unripe,3,0,8.22,orange\Unripe\506.jpg
597.jpg,apple,unripe,0,0,10.28,apple\Unripe\597.jpg
290.jpg,banana,rotten,1,2,-2.0,banana\Rotten\290.jpg
475.jpg,apple,rotten,0,2,0.74,apple\Rotten\475.jpg
372.jpg,papaya,fresh,4,1,2.07,papaya\Fresh\372.jpg
672.jpg,pineapple,rotten,5,2,-1.76,pineapple\Rotten\672.jpg
597.jpg,apple,rotten,0,2,0.36,apple\Rotten\597.jpg
256.jpg,banana,unripe,1,0,6.01,banana\Unripe\256.jpg
102.jpg,apple,unripe,0,0,10.15,apple\Unripe\102.jpg
33.jpg,mango,rotten,2,2,0.09,mango\Rotten\33.jpg
217.jpg,mango,unripe,2,0,6.5,mango\Unripe\217.jpg
79.jpg,orange,fresh,3,1,4.82,orange\Fresh\79.jpg
351.jpg,banana,unripe,1,0,5.76,banana\Unripe\351.jpg
198.jpg,papaya,fresh,4,1,1.73,papaya\Fresh\198.jpg
471.jpg,banana,rotten,1,2,0.36,banana\Rotten\471.jpg
566.jpg,mango,fresh,2,1,3.21,mango\Fresh\566.jpg
317.jpg,banana,rotten,1,2,0.2,banana\Rotten\317.jpg
371.jpg,orange,rotten,3,2,0.09,orange\Rotten\371.jpg
691.jpg,papaya,rotten,4,2,0.22,papaya\Rotten\691.jpg
184.jpg,mango,fresh,2,1,3.22,mango\Fresh\184.jpg
581.jpg,orange,unripe,3,0,8.11,orange\Unripe\581.jpg
12.jpg,apple,rotten,0,2,0.66,apple\Rotten\12.jpg
14.jpg,orange,rotten,3,2,0.04,orange\Rotten\14.jpg
629.jpg,mango,rotten,2,2,0.76,mango\Rotten\629.jpg
579.jpg,banana,rotten,1,2,-1.76,banana\Rotten\579.jpg
445.jpg,mango,unripe,2,0,6.96,mango\Unripe\445.jpg
143.jpg,apple,rotten,0,2,-1.75,apple\Rotten\143.jpg
608.jpg,pineapple,fresh,5,1,2.94,pineapple\Fresh\608.jpg
470.jpg,pineapple,unripe,5,0,6.04,pineapple\Unripe\470.jpg
552.jpg,pineapple,unripe,5,0,6.0,pineapple\Unripe\552.jpg
585.jpg,banana,unripe,1,0,5.98,banana\Unripe\585.jpg
560.jpg,pineapple,rotten,5,2,-2.46,pineapple\Rotten\560.jpg
161.jpg,banana,rotten,1,2,0.6,banana\Rotten\161.jpg
494.jpg,banana,unripe,1,0,5.76,banana\Unripe\494.jpg
471.jpg,mango,unripe,2,0,7.15,mango\Unripe\471.jpg
652.jpg,banana,rotten,1,2,0.19,banana\Rotten\652.jpg
4.jpg,pineapple,rotten,5,2,0.11,pineapple\Rotten\4.jpg
636.jpg,banana,fresh,1,1,2.8,banana\Fresh\636.jpg
2.jpg,pineapple,unripe,5,0,5.7,pineapple\Unripe\2.jpg
358.jpg,mango,unripe,2,0,6.51,mango\Unripe\358.jpg
603.jpg,pineapple,rotten,5,2,0.31,pineapple\Rotten\603.jpg
6.jpg,pineapple,fresh,5,1,3.2,pineapple\Fresh\6.jpg
59.jpg,apple,rotten,0,2,0.69,apple\Rotten\59.jpg
397.jpg,apple,fresh,0,1,5.08,apple\Fresh\397.jpg
398.jpg,papaya,rotten,4,2,0.69,papaya\Rotten\398.jpg
536.jpg,papaya,rotten,4,2,-1.18,papaya\Rotten\536.jpg
350.jpg,banana,unripe,1,0,5.96,banana\Unripe\350.jpg
656.jpg,pineapple,fresh,5,1,3.28,pineapple\Fresh\656.jpg
515.jpg,orange,rotten,3,2,0.55,orange\Rotten\515.jpg
42.jpg,banana,rotten,1,2,0.55,banana\Rotten\42.jpg
156.jpg,orange,rotten,3,2,0.44,orange\Rotten\156.jpg
124.jpg,pineapple,fresh,5,1,2.91,pineapple\Fresh\124.jpg
32.jpg,papaya,rotten,4,2,0.68,papaya\Rotten\32.jpg
403.jpg,mango,unripe,2,0,6.72,mango\Unripe\403.jpg
393.jpg,orange,rotten,3,2,0.39,orange\Rotten\393.jpg
112.jpg,pineapple,unripe,5,0,6.42,pineapple\Unripe\112.jpg
368.jpg,pineapple,rotten,5,2,0.53,pineapple\Rotten\368.jpg
216.jpg,pineapple,rotten,5,2,0.72,pineapple\Rotten\216.jpg
220.jpg,banana,unripe,1,0,6.0,banana\Unripe\220.jpg
56.jpg,papaya,fresh,4,1,1.99,papaya\Fresh\56.jpg
426.jpg,apple,rotten,0,2,0.06,apple\Rotten\426.jpg
204.jpg,pineapple,unripe,5,0,6.15,pineapple\Unripe\204.jpg
54.jpg,orange,rotten,3,2,0.51,orange\Rotten\54.jpg
43.jpg,pineapple,fresh,5,1,2.8,pineapple\Fresh\43.jpg
588.jpg,papaya,rotten,4,2,0.65,papaya\Rotten\588.jpg
155.jpg,papaya,fresh,4,1,1.94,papaya\Fresh\155.jpg
527.jpg,apple,rotten,0,2,-1.77,apple\Rotten\527.jpg
242.jpg,banana,fresh,1,1,2.85,banana\Fresh\242.jpg
614.jpg,mango,rotten,2,2,0.36,mango\Rotten\614.jpg
280.jpg,orange,rotten,3,2,0.66,orange\Rotten\280.jpg
258.jpg,pineapple,rotten,5,2,0.6,pineapple\Rotten\258.jpg
66.jpg,orange,rotten,3,2,0.78,orange\Rotten\66.jpg
361.jpg,pineapple,rotten,5,2,0.25,pineapple\Rotten\361.jpg
531.jpg,papaya,rotten,4,2,0.01,papaya\Rotten\531.jpg
162.jpg,pineapple,unripe,5,0,6.19,pineapple\Unripe\162.jpg
530.jpg,mango,fresh,2,1,2.74,mango\Fresh\530.jpg
9.jpg,papaya,fresh,4,1,1.71,papaya\Fresh\9.jpg
144.jpg,banana,unripe,1,0,5.6,banana\Unripe\144.jpg
654.jpg,orange,rotten,3,2,0.21,orange\Rotten\654.jpg
21.jpg,papaya,rotten,4,2,0.62,papaya\Rotten\21.jpg
203.jpg,banana,unripe,1,0,6.46,banana\Unripe\203.jpg
492.jpg,pineapple,fresh,5,1,2.89,pineapple\Fresh\492.jpg
183.jpg,pineapple,unripe,5,0,6.2,pineapple\Unripe\183.jpg
204.jpg,apple,fresh,0,1,4.78,apple\Fresh\204.jpg
240.jpg,pineapple,unripe,5,0,5.99,pineapple\Unripe\240.jpg
56.jpg,mango,unripe,2,0,6.8,mango\Unripe\56.jpg
566.jpg,banana,unripe,1,0,6.12,banana\Unripe\566.jpg
671.jpg,pineapple,rotten,5,2,0.63,pineapple\Rotten\671.jpg
403.jpg,pineapple,rotten,5,2,0.26,pineapple\Rotten\403.jpg
55.jpg,orange,fresh,3,1,4.77,orange\Fresh\55.jpg
58.jpg,pineapple,unripe,5,0,6.14,pineapple\Unripe\58.jpg
548.jpg,apple,fresh,0,1,5.3,apple\Fresh\548.jpg
569.jpg,apple,fresh,0,1,5.17,apple\Fresh\569.jpg
207.jpg,papaya,fresh,4,1,2.22,papaya\Fresh\207.jpg
542.jpg,banana,unripe,1,0,6.1,banana\Unripe\542.jpg
475.jpg,orange,unripe,3,0,7.92,orange\Unripe\475.jpg
434.jpg,apple,fresh,0,1,4.92,apple\Fresh\434.jpg
366.jpg,apple,unripe,0,0,10.23,apple\Unripe\366.jpg
201.jpg,banana,rotten,1,2,0.66,banana\Rotten\201.jpg
613.jpg,pineapple,unripe,5,0,5.57,pineapple\Unripe\613.jpg
565.jpg,papaya,fresh,4,1,2.22,papaya\Fresh\565.jpg
364.jpg,orange,rotten,3,2,0.29,orange\Rotten\364.jpg
75.jpg,mango,fresh,2,1,2.79,mango\Fresh\75.jpg
22.jpg,banana,fresh,1,1,2.85,banana\Fresh\22.jpg
473.jpg,mango,fresh,2,1,2.85,mango\Fresh\473.jpg
502.jpg,orange,rotten,3,2,-1.31,orange\Rotten\502.jpg
264.jpg,apple,fresh,0,1,4.94,apple\Fresh\264.jpg
187.jpg,apple,rotten,0,2,0.05,apple\Rotten\187.jpg
149.jpg,papaya,fresh,4,1,2.25,papaya\Fresh\149.jpg
159.jpg,papaya,unripe,4,0,4.82,papaya\Unripe\159.jpg
200.jpg,pineapple,unripe,5,0,5.72,pineapple\Unripe\200.jpg
208.jpg,mango,fresh,2,1,3.18,mango\Fresh\208.jpg
96.jpg,banana,unripe,1,0,5.68,banana\Unripe\96.jpg
627.jpg,papaya,unripe,4,0,5.32,papaya\Unripe\627.jpg
82.jpg,apple,unripe,0,0,10.31,apple\Unripe\82.jpg
631.jpg,banana,rotten,1,2,0.52,banana\Rotten\631.jpg
167.jpg,mango,unripe,2,0,6.83,mango\Unripe\167.jpg
74.jpg,orange,fresh,3,1,4.82,orange\Fresh\74.jpg
633.jpg,papaya,unripe,4,0,5.11,papaya\Unripe\633.jpg
248.jpg,apple,unripe,0,0,10.0,apple\Unripe\248.jpg
459.jpg,apple,rotten,0,2,0.24,apple\Rotten\459.jpg
294.jpg,banana,rotten,1,2,0.47,banana\Rotten\294.jpg
635.jpg,pineapple,fresh,5,1,3.18,pineapple\Fresh\635.jpg
245.jpg,mango,unripe,2,0,6.87,mango\Unripe\245.jpg
645.jpg,papaya,rotten,4,2,0.59,papaya\Rotten\645.jpg
63.jpg,orange,rotten,3,2,0.04,orange\Rotten\63.jpg
330.jpg,pineapple,rotten,5,2,0.8,pineapple\Rotten\330.jpg
341.jpg,papaya,unripe,4,0,4.95,papaya\Unripe\341.jpg
357.jpg,orange,rotten,3,2,0.35,orange\Rotten\357.jpg
206.jpg,papaya,fresh,4,1,2.29,papaya\Fresh\206.jpg
334.jpg,pineapple,unripe,5,0,6.22,pineapple\Unripe\334.jpg
126.jpg,orange,rotten,3,2,0.15,orange\Rotten\126.jpg
286.jpg,mango,rotten,2,2,-1.29,mango\Rotten\286.jpg
493.jpg,mango,rotten,2,2,0.15,mango\Rotten\493.jpg
548.jpg,papaya,fresh,4,1,2.08,papaya\Fresh\548.jpg
513.jpg,papaya,fresh,4,1,1.77,papaya\Fresh\513.jpg
50.jpg,banana,unripe,1,0,5.82,banana\Unripe\50.jpg
34.jpg,apple,rotten,0,2,0.79,apple\Rotten\34.jpg
183.jpg,banana,rotten,1,2,0.18,banana\Rotten\183.jpg
309.jpg,banana,fresh,1,1,3.06,banana\Fresh\309.jpg
576.jpg,mango,unripe,2,0,7.0,mango\Unripe\576.jpg
492.jpg,pineapple,unripe,5,0,6.4,pineapple\Unripe\492.jpg
15.jpg,apple,unripe,0,0,10.41,apple\Unripe\15.jpg
223.jpg,papaya,rotten,4,2,0.58,papaya\Rotten\223.jpg
520.jpg,apple,unripe,0,0,9.88,apple\Unripe\520.jpg
535.jpg,papaya,unripe,4,0,4.53,papaya\Unripe\535.jpg
46.jpg,orange,fresh,3,1,5.22,orange\Fresh\46.jpg
64.jpg,pineapple,rotten,5,2,0.61,pineapple\Rotten\64.jpg
251.jpg,pineapple,unripe,5,0,5.86,pineapple\Unripe\251.jpg
126.jpg,pineapple,unripe,5,0,5.56,pineapple\Unripe\126.jpg
178.jpg,papaya,unripe,4,0,5.35,papaya\Unripe\178.jpg
35.jpg,papaya,fresh,4,1,1.78,papaya\Fresh\35.jpg
300.jpg,papaya,fresh,4,1,2.1,papaya\Fresh\300.jpg
133.jpg,pineapple,fresh,5,1,2.97,pineapple\Fresh\133.jpg
225.jpg,banana,unripe,1,0,6.14,banana\Unripe\225.jpg
10.jpg,pineapple,rotten,5,2,0.31,pineapple\Rotten\10.jpg
22.jpg,papaya,rotten,4,2,-1.6,papaya\Rotten\22.jpg
209.jpg,apple,rotten,0,2,0.46,apple\Rotten\209.jpg
501.jpg,banana,unripe,1,0,6.06,banana\Unripe\501.jpg
54.jpg,orange,fresh,3,1,5.24,orange\Fresh\54.jpg
394.jpg,banana,fresh,1,1,2.76,banana\Fresh\394.jpg
395.jpg,orange,unripe,3,0,7.99,orange\Unripe\395.jpg
85.jpg,mango,fresh,2,1,2.96,mango\Fresh\85.jpg
183.jpg,papaya,fresh,4,1,1.82,papaya\Fresh\183.jpg
265.jpg,apple,unripe,0,0,10.49,apple\Unripe\265.jpg
120.jpg,apple,fresh,0,1,4.74,apple\Fresh\120.jpg
166.jpg,pineapple,fresh,5,1,3.22,pineapple\Fresh\166.jpg
119.jpg,pineapple,fresh,5,1,2.8,pineapple\Fresh\119.jpg
339.jpg,orange,fresh,3,1,4.94,orange\Fresh\339.jpg
484.jpg,mango,fresh,2,1,3.17,mango\Fresh\484.jpg
436.jpg,pineapple,rotten,5,2,0.54,pineapple\Rotten\436.jpg
608.jpg,banana,rotten,1,2,-2.08,banana\Rotten\608.jpg
65.jpg,orange,unripe,3,0,7.87,orange\Unripe\65.jpg
503.jpg,orange,rotten,3,2,0.07,orange\Rotten\503.jpg
376.jpg,mango,fresh,2,1,2.8,mango\Fresh\376.jpg
320.jpg,mango,fresh,2,1,2.88,mango\Fresh\320.jpg
415.jpg,pineapple,unripe,5,0,6.33,pineapple\Unripe\415.jpg
52.jpg,papaya,unripe,4,0,4.69,papaya\Unripe\52.jpg
616.jpg,papaya,fresh,4,1,1.7,papaya\Fresh\616.jpg
613.jpg,orange,unripe,3,0,8.29,orange\Unripe\613.jpg
450.jpg,banana,fresh,1,1,2.98,banana\Fresh\450.jpg
405.jpg,orange,fresh,3,1,5.06,orange\Fresh\405.jpg
276.jpg,mango,fresh,2,1,3.07,mango\Fresh\276.jpg
503.jpg,apple,rotten,0,2,0.7,apple\Rotten\503.jpg
474.jpg,apple,fresh,0,1,4.89,apple\Fresh\474.jpg
505.jpg,orange,fresh,3,1,4.7,orange\Fresh\505.jpg
67.jpg,pineapple,unripe,5,0,5.67,pineapple\Unripe\67.jpg
272.jpg,orange,fresh,3,1,4.94,orange\Fresh\272.jpg
561.jpg,banana,fresh,1,1,2.85,banana\Fresh\561.jpg
37.jpg,banana,rotten,1,2,-1.34,banana\Rotten\37.jpg
209.jpg,mango,unripe,2,0,6.93,mango\Unripe\209.jpg
223.jpg,orange,fresh,3,1,5.2,orange\Fresh\223.jpg
175.jpg,mango,unripe,2,0,7.11,mango\Unripe\175.jpg
580.jpg,mango,rotten,2,2,-1.06,mango\Rotten\580.jpg
622.jpg,apple,rotten,0,2,0.09,apple\Rotten\622.jpg
67.jpg,orange,unripe,3,0,7.57,orange\Unripe\67.jpg
651.jpg,banana,rotten,1,2,0.14,banana\Rotten\651.jpg
283.jpg,pineapple,unripe,5,0,5.65,pineapple\Unripe\283.jpg
167.jpg,papaya,unripe,4,0,4.9,papaya\Unripe\167.jpg
34.jpg,apple,unripe,0,0,10.44,apple\Unripe\34.jpg
508.jpg,banana,unripe,1,0,6.34,banana\Unripe\508.jpg
236.jpg,apple,rotten,0,2,0.24,apple\Rotten\236.jpg
18.jpg,papaya,unripe,4,0,4.56,papaya\Unripe\18.jpg
385.jpg,papaya,fresh,4,1,2.21,papaya\Fresh\385.jpg
51.jpg,pineapple,rotten,5,2,0.69,pineapple\Rotten\51.jpg
463.jpg,mango,unripe,2,0,6.85,mango\Unripe\463.jpg
450.jpg,pineapple,fresh,5,1,3.21,pineapple\Fresh\450.jpg
492.jpg,apple,fresh,0,1,4.79,apple\Fresh\492.jpg
322.jpg,papaya,unripe,4,0,4.59,papaya\Unripe\322.jpg
518.jpg,apple,unripe,0,0,9.7,apple\Unripe\518.jpg
127.jpg,orange,rotten,3,2,-1.33,orange\Rotten\127.jpg
308.jpg,banana,rotten,1,2,0.62,banana\Rotten\308.jpg
195.jpg,banana,unripe,1,0,5.88,banana\Unripe\195.jpg
323.jpg,mango,unripe,2,0,6.94,mango\Unripe\323.jpg
481.jpg,apple,rotten,0,2,0.63,apple\Rotten\481.jpg
339.jpg,apple,unripe,0,0,10.3,apple\Unripe\339.jpg
620.jpg,pineapple,rotten,5,2,0.34,pineapple\Rotten\620.jpg
194.jpg,banana,rotten,1,2,0.44,banana\Rotten\194.jpg
245.jpg,orange,fresh,3,1,5.05,orange\Fresh\245.jpg
71.jpg,papaya,rotten,4,2,0.44,papaya\Rotten\71.jpg
422.jpg,mango,unripe,2,0,6.99,mango\Unripe\422.jpg
503.jpg,banana,rotten,1,2,-2.04,banana\Rotten\503.jpg
614.jpg,orange,rotten,3,2,0.29,orange\Rotten\614.jpg
106.jpg,banana,rotten,1,2,-1.73,banana\Rotten\106.jpg
149.jpg,mango,unripe,2,0,7.24,mango\Unripe\149.jpg
63.jpg,papaya,rotten,4,2,0.47,papaya\Rotten\63.jpg
300.jpg,mango,rotten,2,2,0.16,mango\Rotten\300.jpg
25.jpg,pineapple,fresh,5,1,2.84,pineapple\Fresh\25.jpg
660.jpg,papaya,fresh,4,1,1.86,papaya\Fresh\660.jpg
27.jpg,papaya,unripe,4,0,5.23,papaya\Unripe\27.jpg
512.jpg,orange,rotten,3,2,-1.89,orange\Rotten\512.jpg
115.jpg,mango,fresh,2,1,2.72,mango\Fresh\115.jpg
217.jpg,pineapple,unripe,5,0,6.35,pineapple\Unripe\217.jpg
530.jpg,mango,unripe,2,0,6.55,mango\Unripe\530.jpg
473.jpg,apple,fresh,0,1,5.16,apple\Fresh\473.jpg
18.jpg,papaya,rotten,4,2,-2.22,papaya\Rotten\18.jpg
178.jpg,pineapple,unripe,5,0,6.29,pineapple\Unripe\178.jpg
632.jpg,pineapple,fresh,5,1,2.77,pineapple\Fresh\632.jpg
215.jpg,banana,unripe,1,0,6.04,banana\Unripe\215.jpg
0.jpg,apple,unripe,0,0,10.13,apple\Unripe\0.jpg
175.jpg,apple,unripe,0,0,10.13,apple\Unripe\175.jpg
563.jpg,mango,fresh,2,1,3.06,mango\Fresh\563.jpg
62.jpg,papaya,fresh,4,1,1.76,papaya\Fresh\62.jpg
479.jpg,banana,rotten,1,2,0.64,banana\Rotten\479.jpg
27.jpg,apple,unripe,0,0,9.82,apple\Unripe\27.jpg
95.jpg,pineapple,rotten,5,2,0.39,pineapple\Rotten\95.jpg
665.jpg,papaya,fresh,4,1,2.16,papaya\Fresh\665.jpg
534.jpg,banana,fresh,1,1,3.22,banana\Fresh\534.jpg
52.jpg,apple,unripe,0,0,9.76,apple\Unripe\52.jpg
458.jpg,banana,unripe,1,0,6.08,banana\Unripe\458.jpg
121.jpg,papaya,fresh,4,1,1.87,papaya\Fresh\121.jpg
372.jpg,pineapple,rotten,5,2,0.73,pineapple\Rotten\372.jpg
44.jpg,pineapple,unripe,5,0,5.57,pineapple\Unripe\44.jpg
126.jpg,apple,unripe,0,0,9.74,apple\Unripe\126.jpg
537.jpg,mango,fresh,2,1,3.13,mango\Fresh\537.jpg
664.jpg,apple,rotten,0,2,0.74,apple\Rotten\664.jpg
626.jpg,papaya,rotten,4,2,-2.24,papaya\Rotten\626.jpg
321.jpg,mango,fresh,2,1,3.06,mango\Fresh\321.jpg
681.jpg,pineapple,rotten,5,2,0.48,pineapple\Rotten\681.jpg
514.jpg,mango,unripe,2,0,7.11,mango\Unripe\514.jpg
373.jpg,papaya,fresh,4,1,1.85,papaya\Fresh\373.jpg
140.jpg,banana,fresh,1,1,2.73,banana\Fresh\140.jpg
208.jpg,apple,rotten,0,2,0.57,apple\Rotten\208.jpg
220.jpg,banana,rotten,1,2,0.62,banana\Rotten\220.jpg
357.jpg,papaya,rotten,4,2,0.58,papaya\Rotten\357.jpg
338.jpg,orange,rotten,3,2,0.44,orange\Rotten\338.jpg
455.jpg,papaya,unripe,4,0,4.67,papaya\Unripe\455.jpg
469.jpg,papaya,fresh,4,1,2.17,papaya\Fresh\469.jpg
190.jpg,mango,fresh,2,1,2.89,mango\Fresh\190.jpg
516.jpg,orange,unripe,3,0,8.28,orange\Unripe\516.jpg
205.jpg,banana,rotten,1,2,0.51,banana\Rotten\205.jpg
446.jpg,apple,unripe,0,0,9.95,apple\Unripe\446.jpg
99.jpg,orange,unripe,3,0,7.57,orange\Unripe\99.jpg
322.jpg,pineapple,rotten,5,2,-1.98,pineapple\Rotten\322.jpg
83.jpg,papaya,fresh,4,1,1.84,papaya\Fresh\83.jpg
409.jpg,orange,fresh,3,1,5.04,orange\Fresh\409.jpg
197.jpg,mango,unripe,2,0,7.4,mango\Unripe\197.jpg
608.jpg,mango,unripe,2,0,6.72,mango\Unripe\608.jpg
39.jpg,banana,fresh,1,1,2.9,banana\Fresh\39.jpg
452.jpg,mango,fresh,2,1,2.92,mango\Fresh\452.jpg
332.jpg,orange,fresh,3,1,5.09,orange\Fresh\332.jpg
237.jpg,banana,unripe,1,0,5.84,banana\Unripe\237.jpg
216.jpg,pineapple,fresh,5,1,2.93,pineapple\Fresh\216.jpg
318.jpg,apple,rotten,0,2,0.57,apple\Rotten\318.jpg
292.jpg,banana,unripe,1,0,5.61,banana\Unripe\292.jpg
168.jpg,apple,unripe,0,0,10.25,apple\Unripe\168.jpg
101.jpg,orange,unripe,3,0,7.63,orange\Unripe\101.jpg
601.jpg,mango,unripe,2,0,6.52,mango\Unripe\601.jpg
400.jpg,pineapple,unripe,5,0,5.55,pineapple\Unripe\400.jpg
289.jpg,mango,fresh,2,1,3.03,mango\Fresh\289.jpg
35.jpg,pineapple,fresh,5,1,3.13,pineapple\Fresh\35.jpg
81.jpg,banana,unripe,1,0,6.09,banana\Unripe\81.jpg
71.jpg,pineapple,fresh,5,1,3.08,pineapple\Fresh\71.jpg
13.jpg,mango,fresh,2,1,3.21,mango\Fresh\13.jpg
597.jpg,pineapple,rotten,5,2,0.25,pineapple\Rotten\597.jpg
278.jpg,mango,rotten,2,2,0.15,mango\Rotten\278.jpg
326.jpg,pineapple,unripe,5,0,6.38,pineapple\Unripe\326.jpg
433.jpg,apple,fresh,0,1,4.76,apple\Fresh\433.jpg
220.jpg,orange,fresh,3,1,5.0,orange\Fresh\220.jpg
195.jpg,apple,fresh,0,1,4.99,apple\Fresh\195.jpg
409.jpg,apple,unripe,0,0,10.48,apple\Unripe\409.jpg
631.jpg,orange,rotten,3,2,0.37,orange\Rotten\631.jpg
182.jpg,orange,rotten,3,2,0.23,orange\Rotten\182.jpg
112.jpg,pineapple,rotten,5,2,0.3,pineapple\Rotten\112.jpg
44.jpg,mango,rotten,2,2,0.4,mango\Rotten\44.jpg
556.jpg,orange,rotten,3,2,-2.05,orange\Rotten\556.jpg
56.jpg,pineapple,unripe,5,0,5.58,pineapple\Unripe\56.jpg
34.jpg,pineapple,fresh,5,1,3.08,pineapple\Fresh\34.jpg
14.jpg,papaya,rotten,4,2,0.7,papaya\Rotten\14.jpg
599.jpg,pineapple,fresh,5,1,2.76,pineapple\Fresh\599.jpg
328.jpg,pineapple,unripe,5,0,6.36,pineapple\Unripe\328.jpg
649.jpg,banana,rotten,1,2,0.53,banana\Rotten\649.jpg
531.jpg,mango,unripe,2,0,6.54,mango\Unripe\531.jpg
437.jpg,mango,fresh,2,1,2.81,mango\Fresh\437.jpg
8.jpg,orange,fresh,3,1,5.17,orange\Fresh\8.jpg
224.jpg,papaya,rotten,4,2,0.37,papaya\Rotten\224.jpg
255.jpg,pineapple,rotten,5,2,0.72,pineapple\Rotten\255.jpg
311.jpg,pineapple,rotten,5,2,0.04,pineapple\Rotten\311.jpg
343.jpg,pineapple,unripe,5,0,5.83,pineapple\Unripe\343.jpg
490.jpg,orange,fresh,3,1,5.27,orange\Fresh\490.jpg
9.jpg,banana,fresh,1,1,2.88,banana\Fresh\9.jpg
158.jpg,pineapple,rotten,5,2,-1.98,pineapple\Rotten\158.jpg
187.jpg,pineapple,unripe,5,0,5.72,pineapple\Unripe\187.jpg
46.jpg,banana,unripe,1,0,5.93,banana\Unripe\46.jpg
43.jpg,orange,fresh,3,1,5.07,orange\Fresh\43.jpg
122.jpg,banana,unripe,1,0,6.19,banana\Unripe\122.jpg
25.jpg,papaya,rotten,4,2,0.01,papaya\Rotten\25.jpg
472.jpg,mango,fresh,2,1,3.29,mango\Fresh\472.jpg
48.jpg,papaya,unripe,4,0,5.48,papaya\Unripe\48.jpg
122.jpg,papaya,fresh,4,1,2.17,papaya\Fresh\122.jpg
333.jpg,mango,fresh,2,1,3.04,mango\Fresh\333.jpg
90.jpg,banana,fresh,1,1,3.24,banana\Fresh\90.jpg
413.jpg,pineapple,rotten,5,2,0.33,pineapple\Rotten\413.jpg
276.jpg,pineapple,unripe,5,0,5.85,pineapple\Unripe\276.jpg
48.jpg,orange,rotten,3,2,0.16,orange\Rotten\48.jpg
126.jpg,orange,unripe,3,0,8.22,orange\Unripe\126.jpg
59.jpg,pineapple,fresh,5,1,2.89,pineapple\Fresh\59.jpg
235.jpg,apple,unripe,0,0,10.05,apple\Unripe\235.jpg
188.jpg,orange,rotten,3,2,0.12,orange\Rotten\188.jpg
441.jpg,mango,unripe,2,0,7.34,mango\Unripe\441.jpg
293.jpg,papaya,fresh,4,1,2.19,papaya\Fresh\293.jpg
406.jpg,pineapple,unripe,5,0,5.66,pineapple\Unripe\406.jpg
173.jpg,papaya,fresh,4,1,2.12,papaya\Fresh\173.jpg
2.jpg,mango,rotten,2,2,0.57,mango\Rotten\2.jpg
19.jpg,mango,unripe,2,0,7.16,mango\Unripe\19.jpg
465.jpg,banana,rotten,1,2,0.33,banana\Rotten\465.jpg
327.jpg,papaya,fresh,4,1,1.92,papaya\Fresh\327.jpg
176.jpg,orange,rotten,3,2,0.07,orange\Rotten\176.jpg
568.jpg,pineapple,rotten,5,2,0.7,pineapple\Rotten\568.jpg
94.jpg,banana,rotten,1,2,0.13,banana\Rotten\94.jpg
107.jpg,orange,unripe,3,0,7.8,orange\Unripe\107.jpg
185.jpg,pineapple,rotten,5,2,-1.8,pineapple\Rotten\185.jpg
301.jpg,banana,fresh,1,1,3.21,banana\Fresh\301.jpg
569.jpg,papaya,unripe,4,0,5.48,papaya\Unripe\569.jpg
185.jpg,pineapple,unripe,5,0,5.62,pineapple\Unripe\185.jpg
211.jpg,apple,rotten,0,2,0.12,apple\Rotten\211.jpg
171.jpg,orange,fresh,3,1,4.89,orange\Fresh\171.jpg
466.jpg,orange,fresh,3,1,5.02,orange\Fresh\466.jpg
340.jpg,apple,fresh,0,1,5.16,apple\Fresh\340.jpg
29.jpg,papaya,rotten,4,2,0.79,papaya\Rotten\29.jpg
617.jpg,orange,fresh,3,1,4.83,orange\Fresh\617.jpg
543.jpg,banana,fresh,1,1,3.22,banana\Fresh\543.jpg
144.jpg,orange,fresh,3,1,5.09,orange\Fresh\144.jpg
495.jpg,pineapple,unripe,5,0,6.37,pineapple\Unripe\495.jpg
14.jpg,apple,rotten,0,2,0.55,apple\Rotten\14.jpg
550.jpg,apple,rotten,0,2,0.67,apple\Rotten\550.jpg
372.jpg,banana,unripe,1,0,5.83,banana\Unripe\372.jpg
70.jpg,banana,fresh,1,1,3.04,banana\Fresh\70.jpg
380.jpg,papaya,unripe,4,0,4.51,papaya\Unripe\380.jpg
195.jpg,papaya,unripe,4,0,4.74,papaya\Unripe\195.jpg
327.jpg,apple,unripe,0,0,9.91,apple\Unripe\327.jpg
263.jpg,banana,fresh,1,1,3.08,banana\Fresh\263.jpg
319.jpg,banana,fresh,1,1,2.72,banana\Fresh\319.jpg
89.jpg,apple,fresh,0,1,5.25,apple\Fresh\89.jpg
286.jpg,apple,rotten,0,2,0.66,apple\Rotten\286.jpg
363.jpg,pineapple,rotten,5,2,0.17,pineapple\Rotten\363.jpg
612.jpg,papaya,rotten,4,2,0.48,papaya\Rotten\612.jpg
669.jpg,orange,rotten,3,2,0.36,orange\Rotten\669.jpg
181.jpg,apple,unripe,0,0,10.23,apple\Unripe\181.jpg
598.jpg,papaya,unripe,4,0,5.03,papaya\Unripe\598.jpg
479.jpg,banana,unripe,1,0,5.75,banana\Unripe\479.jpg
586.jpg,mango,rotten,2,2,0.33,mango\Rotten\586.jpg
123.jpg,mango,unripe,2,0,7.21,mango\Unripe\123.jpg
21.jpg,banana,rotten,1,2,0.73,banana\Rotten\21.jpg
413.jpg,orange,fresh,3,1,5.21,orange\Fresh\413.jpg
359.jpg,papaya,fresh,4,1,1.77,papaya\Fresh\359.jpg
568.jpg,mango,unripe,2,0,7.46,mango\Unripe\568.jpg
555.jpg,mango,unripe,2,0,6.63,mango\Unripe\555.jpg
305.jpg,apple,unripe,0,0,9.93,apple\Unripe\305.jpg
445.jpg,orange,fresh,3,1,5.21,orange\Fresh\445.jpg
82.jpg,orange,rotten,3,2,0.33,orange\Rotten\82.jpg
392.jpg,banana,fresh,1,1,2.88,banana\Fresh\392.jpg
172.jpg,orange,rotten,3,2,0.54,orange\Rotten\172.jpg
347.jpg,mango,unripe,2,0,6.7,mango\Unripe\347.jpg
103.jpg,apple,unripe,0,0,10.12,apple\Unripe\103.jpg
656.jpg,papaya,unripe,4,0,5.12,papaya\Unripe\656.jpg
328.jpg,orange,fresh,3,1,5.16,orange\Fresh\328.jpg
453.jpg,mango,fresh,2,1,3.17,mango\Fresh\453.jpg
580.jpg,mango,unripe,2,0,7.03,mango\Unripe\580.jpg
195.jpg,pineapple,fresh,5,1,2.73,pineapple\Fresh\195.jpg
48.jpg,banana,rotten,1,2,-1.9,banana\Rotten\48.jpg
158.jpg,apple,rotten,0,2,0.75,apple\Rotten\158.jpg
345.jpg,apple,fresh,0,1,5.0,apple\Fresh\345.jpg
602.jpg,mango,unripe,2,0,6.76,mango\Unripe\602.jpg
278.jpg,apple,unripe,0,0,9.98,apple\Unripe\278.jpg
325.jpg,papaya,fresh,4,1,1.71,papaya\Fresh\325.jpg
2.jpg,banana,rotten,1,2,0.27,banana\Rotten\2.jpg
168.jpg,papaya,fresh,4,1,1.97,papaya\Fresh\168.jpg
396.jpg,mango,unripe,2,0,7.05,mango\Unripe\396.jpg
247.jpg,papaya,unripe,4,0,5.24,papaya\Unripe\247.jpg
621.jpg,orange,rotten,3,2,0.54,orange\Rotten\621.jpg
507.jpg,mango,rotten,2,2,0.15,mango\Rotten\507.jpg
274.jpg,apple,rotten,0,2,-1.69,apple\Rotten\274.jpg
306.jpg,pineapple,rotten,5,2,0.3,pineapple\Rotten\306.jpg
108.jpg,orange,rotten,3,2,-1.61,orange\Rotten\108.jpg
97.jpg,papaya,unripe,4,0,4.9,papaya\Unripe\97.jpg
631.jpg,pineapple,fresh,5,1,3.03,pineapple\Fresh\631.jpg
561.jpg,papaya,fresh,4,1,2.3,papaya\Fresh\561.jpg
468.jpg,papaya,fresh,4,1,1.8,papaya\Fresh\468.jpg
442.jpg,orange,fresh,3,1,4.76,orange\Fresh\442.jpg
359.jpg,papaya,rotten,4,2,0.24,papaya\Rotten\359.jpg
393.jpg,pineapple,rotten,5,2,0.16,pineapple\Rotten\393.jpg
488.jpg,mango,rotten,2,2,0.38,mango\Rotten\488.jpg
426.jpg,orange,rotten,3,2,-1.02,orange\Rotten\426.jpg
39.jpg,pineapple,fresh,5,1,2.85,pineapple\Fresh\39.jpg
150.jpg,pineapple,unripe,5,0,6.13,pineapple\Unripe\150.jpg
273.jpg,mango,fresh,2,1,2.74,mango\Fresh\273.jpg
681.jpg,pineapple,unripe,5,0,5.92,pineapple\Unripe\681.jpg
47.jpg,pineapple,rotten,5,2,0.6,pineapple\Rotten\47.jpg
157.jpg,banana,unripe,1,0,6.44,banana\Unripe\157.jpg
633.jpg,pineapple,unripe,5,0,5.89,pineapple\Unripe\633.jpg
467.jpg,banana,unripe,1,0,6.45,banana\Unripe\467.jpg
601.jpg,banana,fresh,1,1,2.9,banana\Fresh\601.jpg
217.jpg,orange,unripe,3,0,7.96,orange\Unripe\217.jpg
576.jpg,apple,rotten,0,2,0.6,apple\Rotten\576.jpg
246.jpg,pineapple,unripe,5,0,6.2,pineapple\Unripe\246.jpg
64.jpg,banana,unripe,1,0,5.56,banana\Unripe\64.jpg
18.jpg,banana,fresh,1,1,2.84,banana\Fresh\18.jpg
338.jpg,pineapple,unripe,5,0,6.26,pineapple\Unripe\338.jpg
121.jpg,mango,fresh,2,1,3.15,mango\Fresh\121.jpg
490.jpg,banana,rotten,1,2,-1.59,banana\Rotten\490.jpg
594.jpg,orange,unripe,3,0,7.96,orange\Unripe\594.jpg
303.jpg,apple,fresh,0,1,4.91,apple\Fresh\303.jpg
175.jpg,banana,fresh,1,1,2.93,banana\Fresh\175.jpg
128.jpg,apple,fresh,0,1,4.87,apple\Fresh\128.jpg
94.jpg,pineapple,unripe,5,0,5.66,pineapple\Unripe\94.jpg
504.jpg,papaya,fresh,4,1,2.17,papaya\Fresh\504.jpg
604.jpg,papaya,unripe,4,0,4.87,papaya\Unripe\604.jpg
498.jpg,mango,fresh,2,1,3.11,mango\Fresh\498.jpg
618.jpg,pineapple,unripe,5,0,6.05,pineapple\Unripe\618.jpg
226.jpg,pineapple,unripe,5,0,6.39,pineapple\Unripe\226.jpg
217.jpg,mango,fresh,2,1,3.15,mango\Fresh\217.jpg
64.jpg,orange,rotten,3,2,-1.02,orange\Rotten\64.jpg
373.jpg,banana,unripe,1,0,5.66,banana\Unripe\373.jpg
472.jpg,pineapple,fresh,5,1,3.01,pineapple\Fresh\472.jpg
82.jpg,orange,fresh,3,1,4.73,orange\Fresh\82.jpg
509.jpg,orange,rotten,3,2,0.17,orange\Rotten\509.jpg
336.jpg,apple,fresh,0,1,5.04,apple\Fresh\336.jpg
622.jpg,apple,unripe,0,0,10.13,apple\Unripe\622.jpg
269.jpg,banana,unripe,1,0,5.92,banana\Unripe\269.jpg
187.jpg,mango,fresh,2,1,2.76,mango\Fresh\187.jpg
18.jpg,mango,fresh,2,1,2.85,mango\Fresh\18.jpg
352.jpg,banana,rotten,1,2,0.51,banana\Rotten\352.jpg
373.jpg,apple,rotten,0,2,0.06,apple\Rotten\373.jpg
7.jpg,orange,fresh,3,1,4.98,orange\Fresh\7.jpg
151.jpg,mango,unripe,2,0,7.48,mango\Unripe\151.jpg
461.jpg,orange,fresh,3,1,4.96,orange\Fresh\461.jpg
645.jpg,apple,unripe,0,0,10.2,apple\Unripe\645.jpg
269.jpg,mango,fresh,2,1,2.7,mango\Fresh\269.jpg
34.jpg,orange,fresh,3,1,5.14,orange\Fresh\34.jpg
181.jpg,apple,fresh,0,1,5.1,apple\Fresh\181.jpg
41.jpg,papaya,fresh,4,1,2.23,papaya\Fresh\41.jpg
55.jpg,papaya,rotten,4,2,0.22,papaya\Rotten\55.jpg
434.jpg,banana,unripe,1,0,5.56,banana\Unripe\434.jpg
420.jpg,banana,rotten,1,2,0.12,banana\Rotten\420.jpg
292.jpg,papaya,rotten,4,2,0.65,papaya\Rotten\292.jpg
432.jpg,orange,fresh,3,1,4.91,orange\Fresh\432.jpg
403.jpg,banana,fresh,1,1,3.29,banana\Fresh\403.jpg
300.jpg,papaya,rotten,4,2,0.65,papaya\Rotten\300.jpg
361.jpg,banana,fresh,1,1,2.9,banana\Fresh\361.jpg
541.jpg,mango,unripe,2,0,6.82,mango\Unripe\541.jpg
519.jpg,apple,unripe,0,0,10.22,apple\Unripe\519.jpg
198.jpg,papaya,rotten,4,2,0.13,papaya\Rotten\198.jpg
191.jpg,banana,fresh,1,1,2.78,banana\Fresh\191.jpg
302.jpg,pineapple,unripe,5,0,5.63,pineapple\Unripe\302.jpg
637.jpg,pineapple,rotten,5,2,0.56,pineapple\Rotten\637.jpg
20.jpg,orange,unripe,3,0,8.44,orange\Unripe\20.jpg
526.jpg,papaya,unripe,4,0,4.57,papaya\Unripe\526.jpg
599.jpg,pineapple,rotten,5,2,0.46,pineapple\Rotten\599.jpg
160.jpg,orange,unripe,3,0,7.54,orange\Unripe\160.jpg
208.jpg,apple,unripe,0,0,10.02,apple\Unripe\208.jpg
172.jpg,apple,fresh,0,1,4.77,apple\Fresh\172.jpg
9.jpg,apple,fresh,0,1,4.79,apple\Fresh\9.jpg
436.jpg,mango,unripe,2,0,6.54,mango\Unripe\436.jpg
80.jpg,mango,unripe,2,0,7.48,mango\Unripe\80.jpg
582.jpg,pineapple,unripe,5,0,5.88,pineapple\Unripe\582.jpg
630.jpg,pineapple,rotten,5,2,-1.63,pineapple\Rotten\630.jpg
531.jpg,banana,rotten,1,2,0.22,banana\Rotten\531.jpg
403.jpg,orange,unripe,3,0,7.51,orange\Unripe\403.jpg
290.jpg,apple,rotten,0,2,0.64,apple\Rotten\290.jpg
47.jpg,papaya,fresh,4,1,2.05,papaya\Fresh\47.jpg
216.jpg,apple,rotten,0,2,0.55,apple\Rotten\216.jpg
189.jpg,mango,unripe,2,0,6.82,mango\Unripe\189.jpg
460.jpg,pineapple,unripe,5,0,5.95,pineapple\Unripe\460.jpg
36.jpg,orange,rotten,3,2,0.17,orange\Rotten\36.jpg
104.jpg,banana,rotten,1,2,0.32,banana\Rotten\104.jpg
87.jpg,banana,fresh,1,1,2.83,banana\Fresh\87.jpg
95.jpg,pineapple,unripe,5,0,5.58,pineapple\Unripe\95.jpg
377.jpg,mango,fresh,2,1,2.74,mango\Fresh\377.jpg
545.jpg,apple,unripe,0,0,9.8,apple\Unripe\545.jpg
52.jpg,mango,unripe,2,0,6.52,mango\Unripe\52.jpg
544.jpg,papaya,fresh,4,1,2.25,papaya\Fresh\544.jpg
557.jpg,pineapple,fresh,5,1,3.01,pineapple\Fresh\557.jpg
363.jpg,pineapple,fresh,5,1,3.09,pineapple\Fresh\363.jpg
488.jpg,papaya,unripe,4,0,5.03,papaya\Unripe\488.jpg
51.jpg,apple,fresh,0,1,5.11,apple\Fresh\51.jpg
377.jpg,pineapple,fresh,5,1,3.15,pineapple\Fresh\377.jpg
481.jpg,mango,rotten,2,2,0.16,mango\Rotten\481.jpg
517.jpg,banana,unripe,1,0,6.17,banana\Unripe\517.jpg
263.jpg,apple,unripe,0,0,9.77,apple\Unripe\263.jpg
541.jpg,apple,unripe,0,0,10.45,apple\Unripe\541.jpg
480.jpg,pineapple,unripe,5,0,6.25,pineapple\Unripe\480.jpg
481.jpg,mango,unripe,2,0,6.78,mango\Unripe\481.jpg
398.jpg,papaya,unripe,4,0,4.72,papaya\Unripe\398.jpg
349.jpg,pineapple,fresh,5,1,3.25,pineapple\Fresh\349.jpg
69.jpg,papaya,rotten,4,2,-1.01,papaya\Rotten\69.jpg
363.jpg,orange,rotten,3,2,0.53,orange\Rotten\363.jpg
567.jpg,pineapple,rotten,5,2,0.09,pineapple\Rotten\567.jpg
605.jpg,orange,unripe,3,0,7.85,orange\Unripe\605.jpg
218.jpg,banana,fresh,1,1,2.97,banana\Fresh\218.jpg
559.jpg,mango,unripe,2,0,6.55,mango\Unripe\559.jpg
543.jpg,mango,fresh,2,1,2.75,mango\Fresh\543.jpg
286.jpg,mango,unripe,2,0,6.93,mango\Unripe\286.jpg
359.jpg,mango,unripe,2,0,7.11,mango\Unripe\359.jpg
484.jpg,papaya,fresh,4,1,1.77,papaya\Fresh\484.jpg
589.jpg,papaya,unripe,4,0,4.77,papaya\Unripe\589.jpg
51.jpg,orange,unripe,3,0,7.97,orange\Unripe\51.jpg
391.jpg,apple,unripe,0,0,10.12,apple\Unripe\391.jpg
160.jpg,apple,unripe,0,0,9.69,apple\Unripe\160.jpg
400.jpg,mango,fresh,2,1,3.03,mango\Fresh\400.jpg
260.jpg,orange,rotten,3,2,0.67,orange\Rotten\260.jpg
511.jpg,mango,fresh,2,1,2.74,mango\Fresh\511.jpg
28.jpg,mango,unripe,2,0,7.42,mango\Unripe\28.jpg
201.jpg,mango,unripe,2,0,7.32,mango\Unripe\201.jpg
32.jpg,banana,fresh,1,1,3.17,banana\Fresh\32.jpg
350.jpg,papaya,unripe,4,0,5.27,papaya\Unripe\350.jpg
505.jpg,apple,rotten,0,2,0.05,apple\Rotten\505.jpg
220.jpg,orange,rotten,3,2,0.68,orange\Rotten\220.jpg
581.jpg,apple,rotten,0,2,0.09,apple\Rotten\581.jpg
306.jpg,pineapple,unripe,5,0,5.64,pineapple\Unripe\306.jpg
128.jpg,orange,unripe,3,0,7.53,orange\Unripe\128.jpg
414.jpg,mango,fresh,2,1,3.19,mango\Fresh\414.jpg
235.jpg,pineapple,unripe,5,0,6.0,pineapple\Unripe\235.jpg
223.jpg,banana,unripe,1,0,6.43,banana\Unripe\223.jpg
142.jpg,orange,unripe,3,0,7.79,orange\Unripe\142.jpg
111.jpg,papaya,rotten,4,2,-1.35,papaya\Rotten\111.jpg
528.jpg,pineapple,fresh,5,1,3.27,pineapple\Fresh\528.jpg
460.jpg,apple,unripe,0,0,9.92,apple\Unripe\460.jpg
250.jpg,pineapple,fresh,5,1,3.25,pineapple\Fresh\250.jpg
588.jpg,pineapple,rotten,5,2,0.0,pineapple\Rotten\588.jpg
191.jpg,mango,unripe,2,0,6.92,mango\Unripe\191.jpg
478.jpg,banana,unripe,1,0,6.49,banana\Unripe\478.jpg
280.jpg,pineapple,rotten,5,2,0.18,pineapple\Rotten\280.jpg
178.jpg,papaya,rotten,4,2,-1.02,papaya\Rotten\178.jpg
266.jpg,pineapple,unripe,5,0,6.21,pineapple\Unripe\266.jpg
586.jpg,apple,unripe,0,0,10.35,apple\Unripe\586.jpg
128.jpg,mango,unripe,2,0,7.07,mango\Unripe\128.jpg
556.jpg,mango,unripe,2,0,6.59,mango\Unripe\556.jpg
150.jpg,papaya,fresh,4,1,2.01,papaya\Fresh\150.jpg
384.jpg,apple,unripe,0,0,9.54,apple\Unripe\384.jpg
524.jpg,apple,rotten,0,2,0.7,apple\Rotten\524.jpg
639.jpg,apple,unripe,0,0,9.76,apple\Unripe\639.jpg
491.jpg,banana,fresh,1,1,3.14,banana\Fresh\491.jpg
638.jpg,apple,unripe,0,0,9.9,apple\Unripe\638.jpg
378.jpg,pineapple,unripe,5,0,6.1,pineapple\Unripe\378.jpg
395.jpg,apple,fresh,0,1,5.01,apple\Fresh\395.jpg
335.jpg,pineapple,unripe,5,0,5.87,pineapple\Unripe\335.jpg
129.jpg,mango,fresh,2,1,3.27,mango\Fresh\129.jpg
477.jpg,pineapple,fresh,5,1,3.22,pineapple\Fresh\477.jpg
276.jpg,orange,unripe,3,0,8.25,orange\Unripe\276.jpg
105.jpg,pineapple,rotten,5,2,0.26,pineapple\Rotten\105.jpg
169.jpg,pineapple,rotten,5,2,0.71,pineapple\Rotten\169.jpg
204.jpg,papaya,fresh,4,1,1.97,papaya\Fresh\204.jpg
487.jpg,apple,fresh,0,1,5.21,apple\Fresh\487.jpg
535.jpg,mango,unripe,2,0,7.29,mango\Unripe\535.jpg
164.jpg,orange,unripe,3,0,7.82,orange\Unripe\164.jpg
80.jpg,apple,unripe,0,0,9.66,apple\Unripe\80.jpg
295.jpg,papaya,fresh,4,1,2.08,papaya\Fresh\295.jpg
72.jpg,papaya,rotten,4,2,0.67,papaya\Rotten\72.jpg
66.jpg,mango,rotten,2,2,0.38,mango\Rotten\66.jpg
144.jpg,apple,unripe,0,0,9.72,apple\Unripe\144.jpg
115.jpg,papaya,unripe,4,0,4.95,papaya\Unripe\115.jpg
133.jpg,pineapple,unripe,5,0,6.39,pineapple\Unripe\133.jpg
405.jpg,mango,fresh,2,1,2.86,mango\Fresh\405.jpg
329.jpg,mango,rotten,2,2,0.09,mango\Rotten\329.jpg
155.jpg,orange,fresh,3,1,4.83,orange\Fresh\155.jpg
106.jpg,papaya,unripe,4,0,5.11,papaya\Unripe\106.jpg
307.jpg,mango,unripe,2,0,6.9,mango\Unripe\307.jpg
36.jpg,orange,fresh,3,1,4.81,orange\Fresh\36.jpg
90.jpg,pineapple,fresh,5,1,3.19,pineapple\Fresh\90.jpg
600.jpg,papaya,unripe,4,0,5.11,papaya\Unripe\600.jpg
455.jpg,banana,fresh,1,1,3.11,banana\Fresh\455.jpg
113.jpg,banana,rotten,1,2,0.11,banana\Rotten\113.jpg
220.jpg,apple,unripe,0,0,9.89,apple\Unripe\220.jpg
442.jpg,pineapple,rotten,5,2,-1.89,pineapple\Rotten\442.jpg
690.jpg,pineapple,rotten,5,2,0.65,pineapple\Rotten\690.jpg
71.jpg,papaya,fresh,4,1,2.29,papaya\Fresh\71.jpg
578.jpg,banana,rotten,1,2,0.5,banana\Rotten\578.jpg
448.jpg,mango,fresh,2,1,2.79,mango\Fresh\448.jpg
437.jpg,mango,unripe,2,0,7.47,mango\Unripe\437.jpg
200.jpg,papaya,rotten,4,2,-1.48,papaya\Rotten\200.jpg
243.jpg,orange,rotten,3,2,0.66,orange\Rotten\243.jpg
307.jpg,papaya,fresh,4,1,1.77,papaya\Fresh\307.jpg
20.jpg,pineapple,unripe,5,0,6.11,pineapple\Unripe\20.jpg
258.jpg,mango,rotten,2,2,0.64,mango\Rotten\258.jpg
146.jpg,papaya,fresh,4,1,2.07,papaya\Fresh\146.jpg
618.jpg,orange,rotten,3,2,0.12,orange\Rotten\618.jpg
602.jpg,orange,rotten,3,2,0.76,orange\Rotten\602.jpg
60.jpg,orange,rotten,3,2,0.54,orange\Rotten\60.jpg
544.jpg,pineapple,rotten,5,2,0.39,pineapple\Rotten\544.jpg
75.jpg,apple,unripe,0,0,10.26,apple\Unripe\75.jpg
526.jpg,pineapple,unripe,5,0,5.58,pineapple\Unripe\526.jpg
270.jpg,orange,rotten,3,2,-1.45,orange\Rotten\270.jpg
208.jpg,pineapple,rotten,5,2,0.02,pineapple\Rotten\208.jpg
241.jpg,papaya,unripe,4,0,4.95,papaya\Unripe\241.jpg
435.jpg,banana,unripe,1,0,6.19,banana\Unripe\435.jpg
375.jpg,papaya,rotten,4,2,-1.2,papaya\Rotten\375.jpg
218.jpg,banana,unripe,1,0,5.58,banana\Unripe\218.jpg
516.jpg,banana,fresh,1,1,3.05,banana\Fresh\516.jpg
62.jpg,mango,fresh,2,1,2.84,mango\Fresh\62.jpg
553.jpg,pineapple,fresh,5,1,2.88,pineapple\Fresh\553.jpg
43.jpg,banana,rotten,1,2,0.71,banana\Rotten\43.jpg
426.jpg,orange,unripe,3,0,7.92,orange\Unripe\426.jpg
72.jpg,apple,unripe,0,0,9.55,apple\Unripe\72.jpg
572.jpg,mango,fresh,2,1,2.94,mango\Fresh\572.jpg
124.jpg,mango,fresh,2,1,2.88,mango\Fresh\124.jpg
605.jpg,orange,rotten,3,2,0.46,orange\Rotten\605.jpg
530.jpg,apple,fresh,0,1,4.77,apple\Fresh\530.jpg
420.jpg,banana,unripe,1,0,5.68,banana\Unripe\420.jpg
209.jpg,papaya,unripe,4,0,5.37,papaya\Unripe\209.jpg
626.jpg,papaya,unripe,4,0,5.48,papaya\Unripe\626.jpg
503.jpg,papaya,unripe,4,0,4.7,papaya\Unripe\503.jpg
316.jpg,papaya,fresh,4,1,1.94,papaya\Fresh\316.jpg
300.jpg,pineapple,rotten,5,2,0.41,pineapple\Rotten\300.jpg
408.jpg,papaya,fresh,4,1,2.12,papaya\Fresh\408.jpg
119.jpg,mango,fresh,2,1,2.87,mango\Fresh\119.jpg
309.jpg,orange,rotten,3,2,0.59,orange\Rotten\309.jpg
331.jpg,mango,rotten,2,2,0.16,mango\Rotten\331.jpg
298.jpg,orange,rotten,3,2,0.2,orange\Rotten\298.jpg
81.jpg,apple,fresh,0,1,4.89,apple\Fresh\81.jpg
438.jpg,pineapple,rotten,5,2,0.28,pineapple\Rotten\438.jpg
594.jpg,apple,rotten,0,2,-1.96,apple\Rotten\594.jpg
470.jpg,apple,rotten,0,2,0.43,apple\Rotten\470.jpg
274.jpg,orange,fresh,3,1,5.19,orange\Fresh\274.jpg
546.jpg,apple,unripe,0,0,9.61,apple\Unripe\546.jpg
536.jpg,apple,unripe,0,0,9.97,apple\Unripe\536.jpg
350.jpg,banana,rotten,1,2,0.24,banana\Rotten\350.jpg
28.jpg,papaya,rotten,4,2,-2.45,papaya\Rotten\28.jpg
526.jpg,banana,fresh,1,1,3.11,banana\Fresh\526.jpg
411.jpg,banana,fresh,1,1,3.23,banana\Fresh\411.jpg
271.jpg,orange,fresh,3,1,4.98,orange\Fresh\271.jpg
32.jpg,banana,rotten,1,2,0.69,banana\Rotten\32.jpg
391.jpg,papaya,fresh,4,1,2.28,papaya\Fresh\391.jpg
157.jpg,banana,fresh,1,1,2.96,banana\Fresh\157.jpg
166.jpg,pineapple,unripe,5,0,6.08,pineapple\Unripe\166.jpg
131.jpg,orange,unripe,3,0,7.97,orange\Unripe\131.jpg
611.jpg,papaya,rotten,4,2,0.61,papaya\Rotten\611.jpg
146.jpg,banana,rotten,1,2,0.39,banana\Rotten\146.jpg
419.jpg,banana,rotten,1,2,-1.29,banana\Rotten\419.jpg
500.jpg,mango,unripe,2,0,7.24,mango\Unripe\500.jpg
445.jpg,pineapple,unripe,5,0,5.57,pineapple\Unripe\445.jpg
436.jpg,orange,unripe,3,0,7.71,orange\Unripe\436.jpg
650.jpg,papaya,rotten,4,2,0.46,papaya\Rotten\650.jpg
468.jpg,mango,rotten,2,2,-1.16,mango\Rotten\468.jpg
95.jpg,mango,unripe,2,0,6.59,mango\Unripe\95.jpg
218.jpg,apple,unripe,0,0,9.63,apple\Unripe\218.jpg
319.jpg,orange,fresh,3,1,5.0,orange\Fresh\319.jpg
366.jpg,apple,fresh,0,1,4.88,apple\Fresh\366.jpg
84.jpg,pineapple,unripe,5,0,6.43,pineapple\Unripe\84.jpg
176.jpg,apple,unripe,0,0,9.97,apple\Unripe\176.jpg
132.jpg,banana,rotten,1,2,0.37,banana\Rotten\132.jpg
277.jpg,pineapple,unripe,5,0,5.95,pineapple\Unripe\277.jpg
229.jpg,orange,unripe,3,0,8.04,orange\Unripe\229.jpg
98.jpg,mango,unripe,2,0,7.19,mango\Unripe\98.jpg
180.jpg,mango,rotten,2,2,0.29,mango\Rotten\180.jpg
354.jpg,banana,fresh,1,1,3.09,banana\Fresh\354.jpg
149.jpg,papaya,rotten,4,2,0.37,papaya\Rotten\149.jpg
523.jpg,pineapple,fresh,5,1,3.22,pineapple\Fresh\523.jpg
38.jpg,pineapple,rotten,5,2,-1.27,pineapple\Rotten\38.jpg
526.jpg,orange,unripe,3,0,7.69,orange\Unripe\526.jpg
354.jpg,banana,rotten,1,2,0.4,banana\Rotten\354.jpg
406.jpg,orange,rotten,3,2,-2.18,orange\Rotten\406.jpg
531.jpg,mango,rotten,2,2,0.67,mango\Rotten\531.jpg
113.jpg,apple,rotten,0,2,0.76,apple\Rotten\113.jpg
642.jpg,orange,rotten,3,2,0.21,orange\Rotten\642.jpg
429.jpg,papaya,rotten,4,2,0.47,papaya\Rotten\429.jpg
159.jpg,orange,rotten,3,2,0.23,orange\Rotten\159.jpg
255.jpg,orange,rotten,3,2,0.48,orange\Rotten\255.jpg
473.jpg,orange,unripe,3,0,7.85,orange\Unripe\473.jpg
337.jpg,apple,rotten,0,2,0.53,apple\Rotten\337.jpg
500.jpg,papaya,unripe,4,0,4.6,papaya\Unripe\500.jpg
77.jpg,pineapple,fresh,5,1,3.12,pineapple\Fresh\77.jpg
489.jpg,orange,fresh,3,1,4.83,orange\Fresh\489.jpg
535.jpg,papaya,fresh,4,1,2.0,papaya\Fresh\535.jpg
40.jpg,papaya,unripe,4,0,4.7,papaya\Unripe\40.jpg
62.jpg,orange,rotten,3,2,0.36,orange\Rotten\62.jpg
314.jpg,pineapple,fresh,5,1,3.05,pineapple\Fresh\314.jpg
221.jpg,papaya,fresh,4,1,1.79,papaya\Fresh\221.jpg
404.jpg,banana,unripe,1,0,6.28,banana\Unripe\404.jpg
585.jpg,apple,unripe,0,0,9.63,apple\Unripe\585.jpg
239.jpg,orange,unripe,3,0,7.88,orange\Unripe\239.jpg
109.jpg,banana,fresh,1,1,2.78,banana\Fresh\109.jpg
566.jpg,pineapple,unripe,5,0,5.75,pineapple\Unripe\566.jpg
17.jpg,mango,fresh,2,1,2.83,mango\Fresh\17.jpg
262.jpg,papaya,fresh,4,1,2.16,papaya\Fresh\262.jpg
305.jpg,banana,unripe,1,0,5.93,banana\Unripe\305.jpg
281.jpg,apple,unripe,0,0,9.74,apple\Unripe\281.jpg
413.jpg,pineapple,unripe,5,0,6.0,pineapple\Unripe\413.jpg
37.jpg,orange,rotten,3,2,0.22,orange\Rotten\37.jpg
331.jpg,apple,rotten,0,2,0.51,apple\Rotten\331.jpg
513.jpg,apple,rotten,0,2,0.34,apple\Rotten\513.jpg
117.jpg,mango,unripe,2,0,7.3,mango\Unripe\117.jpg
74.jpg,banana,fresh,1,1,2.8,banana\Fresh\74.jpg
358.jpg,banana,rotten,1,2,0.43,banana\Rotten\358.jpg
308.jpg,orange,rotten,3,2,0.61,orange\Rotten\308.jpg
100.jpg,banana,fresh,1,1,2.8,banana\Fresh\100.jpg
457.jpg,mango,unripe,2,0,7.21,mango\Unripe\457.jpg
198.jpg,apple,fresh,0,1,4.78,apple\Fresh\198.jpg
35.jpg,papaya,rotten,4,2,0.26,papaya\Rotten\35.jpg
282.jpg,pineapple,unripe,5,0,6.35,pineapple\Unripe\282.jpg
126.jpg,mango,fresh,2,1,3.18,mango\Fresh\126.jpg
67.jpg,papaya,unripe,4,0,4.73,papaya\Unripe\67.jpg
464.jpg,orange,unripe,3,0,7.71,orange\Unripe\464.jpg
119.jpg,banana,rotten,1,2,0.77,banana\Rotten\119.jpg
359.jpg,banana,fresh,1,1,2.84,banana\Fresh\359.jpg
176.jpg,banana,fresh,1,1,3.28,banana\Fresh\176.jpg
7.jpg,papaya,fresh,4,1,1.89,papaya\Fresh\7.jpg
90.jpg,apple,rotten,0,2,0.33,apple\Rotten\90.jpg
267.jpg,pineapple,fresh,5,1,2.95,pineapple\Fresh\267.jpg
209.jpg,banana,unripe,1,0,6.17,banana\Unripe\209.jpg
518.jpg,pineapple,unripe,5,0,6.39,pineapple\Unripe\518.jpg
224.jpg,orange,unripe,3,0,8.46,orange\Unripe\224.jpg
643.jpg,banana,rotten,1,2,0.75,banana\Rotten\643.jpg
604.jpg,banana,rotten,1,2,0.51,banana\Rotten\604.jpg
392.jpg,mango,fresh,2,1,3.17,mango\Fresh\392.jpg
142.jpg,apple,unripe,0,0,10.17,apple\Unripe\142.jpg
110.jpg,banana,fresh,1,1,2.98,banana\Fresh\110.jpg
59.jpg,mango,fresh,2,1,2.77,mango\Fresh\59.jpg
582.jpg,orange,unripe,3,0,8.01,orange\Unripe\582.jpg
62.jpg,pineapple,rotten,5,2,0.28,pineapple\Rotten\62.jpg
105.jpg,apple,rotten,0,2,0.61,apple\Rotten\105.jpg
239.jpg,apple,unripe,0,0,10.34,apple\Unripe\239.jpg
421.jpg,banana,unripe,1,0,6.06,banana\Unripe\421.jpg
398.jpg,apple,unripe,0,0,9.81,apple\Unripe\398.jpg
393.jpg,pineapple,fresh,5,1,3.04,pineapple\Fresh\393.jpg
544.jpg,apple,unripe,0,0,9.58,apple\Unripe\544.jpg
229.jpg,orange,rotten,3,2,-2.4,orange\Rotten\229.jpg
311.jpg,orange,rotten,3,2,0.29,orange\Rotten\311.jpg
332.jpg,apple,rotten,0,2,0.17,apple\Rotten\332.jpg
261.jpg,banana,fresh,1,1,2.81,banana\Fresh\261.jpg
610.jpg,apple,unripe,0,0,10.12,apple\Unripe\610.jpg
241.jpg,banana,unripe,1,0,5.62,banana\Unripe\241.jpg
269.jpg,orange,rotten,3,2,0.66,orange\Rotten\269.jpg
640.jpg,banana,unripe,1,0,6.26,banana\Unripe\640.jpg
465.jpg,banana,unripe,1,0,6.35,banana\Unripe\465.jpg
423.jpg,mango,unripe,2,0,6.57,mango\Unripe\423.jpg
294.jpg,papaya,fresh,4,1,1.74,papaya\Fresh\294.jpg
265.jpg,apple,rotten,0,2,-2.43,apple\Rotten\265.jpg
512.jpg,banana,fresh,1,1,2.81,banana\Fresh\512.jpg
568.jpg,apple,fresh,0,1,4.99,apple\Fresh\568.jpg
290.jpg,pineapple,unripe,5,0,5.53,pineapple\Unripe\290.jpg
373.jpg,papaya,rotten,4,2,0.24,papaya\Rotten\373.jpg
532.jpg,banana,unripe,1,0,5.71,banana\Unripe\532.jpg
84.jpg,papaya,unripe,4,0,4.95,papaya\Unripe\84.jpg
210.jpg,mango,rotten,2,2,0.74,mango\Rotten\210.jpg
542.jpg,mango,fresh,2,1,2.86,mango\Fresh\542.jpg
500.jpg,papaya,rotten,4,2,0.56,papaya\Rotten\500.jpg
390.jpg,pineapple,unripe,5,0,5.92,pineapple\Unripe\390.jpg
431.jpg,mango,unripe,2,0,7.22,mango\Unripe\431.jpg
177.jpg,papaya,fresh,4,1,2.1,papaya\Fresh\177.jpg
9.jpg,orange,unripe,3,0,7.59,orange\Unripe\9.jpg
161.jpg,papaya,unripe,4,0,4.65,papaya\Unripe\161.jpg
227.jpg,banana,rotten,1,2,0.23,banana\Rotten\227.jpg
359.jpg,orange,fresh,3,1,5.21,orange\Fresh\359.jpg
136.jpg,banana,rotten,1,2,-1.64,banana\Rotten\136.jpg
558.jpg,apple,fresh,0,1,4.88,apple\Fresh\558.jpg
291.jpg,banana,rotten,1,2,0.3,banana\Rotten\291.jpg
289.jpg,papaya,rotten,4,2,0.73,papaya\Rotten\289.jpg
173.jpg,pineapple,rotten,5,2,0.23,pineapple\Rotten\173.jpg
514.jpg,pineapple,fresh,5,1,3.08,pineapple\Fresh\514.jpg
73.jpg,mango,fresh,2,1,2.91,mango\Fresh\73.jpg
85.jpg,banana,unripe,1,0,6.43,banana\Unripe\85.jpg
302.jpg,banana,fresh,1,1,2.96,banana\Fresh\302.jpg
233.jpg,papaya,rotten,4,2,0.07,papaya\Rotten\233.jpg
127.jpg,papaya,unripe,4,0,5.22,papaya\Unripe\127.jpg
142.jpg,pineapple,unripe,5,0,6.12,pineapple\Unripe\142.jpg
86.jpg,apple,fresh,0,1,4.71,apple\Fresh\86.jpg
276.jpg,banana,unripe,1,0,6.39,banana\Unripe\276.jpg
662.jpg,apple,rotten,0,2,0.34,apple\Rotten\662.jpg
501.jpg,mango,rotten,2,2,0.63,mango\Rotten\501.jpg
432.jpg,banana,unripe,1,0,6.41,banana\Unripe\432.jpg
292.jpg,mango,rotten,2,2,0.47,mango\Rotten\292.jpg
430.jpg,papaya,fresh,4,1,1.87,papaya\Fresh\430.jpg
444.jpg,papaya,fresh,4,1,1.97,papaya\Fresh\444.jpg
62.jpg,mango,rotten,2,2,-2.31,mango\Rotten\62.jpg
329.jpg,banana,rotten,1,2,0.15,banana\Rotten\329.jpg
33.jpg,pineapple,unripe,5,0,5.52,pineapple\Unripe\33.jpg
582.jpg,papaya,unripe,4,0,5.26,papaya\Unripe\582.jpg
331.jpg,orange,fresh,3,1,5.06,orange\Fresh\331.jpg
621.jpg,mango,unripe,2,0,7.17,mango\Unripe\621.jpg
543.jpg,orange,rotten,3,2,-1.13,orange\Rotten\543.jpg
569.jpg,orange,rotten,3,2,0.14,orange\Rotten\569.jpg
333.jpg,mango,rotten,2,2,0.57,mango\Rotten\333.jpg
572.jpg,papaya,unripe,4,0,5.34,papaya\Unripe\572.jpg
200.jpg,apple,unripe,0,0,9.64,apple\Unripe\200.jpg
195.jpg,mango,unripe,2,0,6.57,mango\Unripe\195.jpg
195.jpg,mango,fresh,2,1,3.13,mango\Fresh\195.jpg
139.jpg,apple,unripe,0,0,9.99,apple\Unripe\139.jpg
494.jpg,papaya,fresh,4,1,1.99,papaya\Fresh\494.jpg
231.jpg,banana,rotten,1,2,-1.5,banana\Rotten\231.jpg
616.jpg,pineapple,fresh,5,1,2.84,pineapple\Fresh\616.jpg
13.jpg,pineapple,rotten,5,2,0.36,pineapple\Rotten\13.jpg
505.jpg,banana,unripe,1,0,5.75,banana\Unripe\505.jpg
635.jpg,apple,rotten,0,2,0.6,apple\Rotten\635.jpg
272.jpg,banana,unripe,1,0,6.14,banana\Unripe\272.jpg
587.jpg,banana,unripe,1,0,6.07,banana\Unripe\587.jpg
459.jpg,papaya,fresh,4,1,2.05,papaya\Fresh\459.jpg
546.jpg,mango,fresh,2,1,2.76,mango\Fresh\546.jpg
588.jpg,apple,rotten,0,2,0.32,apple\Rotten\588.jpg
638.jpg,mango,rotten,2,2,-1.0,mango\Rotten\638.jpg
384.jpg,papaya,fresh,4,1,1.73,papaya\Fresh\384.jpg
574.jpg,banana,rotten,1,2,0.01,banana\Rotten\574.jpg
117.jpg,papaya,unripe,4,0,5.0,papaya\Unripe\117.jpg
302.jpg,pineapple,fresh,5,1,3.19,pineapple\Fresh\302.jpg
363.jpg,pineapple,unripe,5,0,5.65,pineapple\Unripe\363.jpg
324.jpg,pineapple,unripe,5,0,6.17,pineapple\Unripe\324.jpg
124.jpg,orange,rotten,3,2,0.65,orange\Rotten\124.jpg
220.jpg,apple,fresh,0,1,4.86,apple\Fresh\220.jpg
96.jpg,apple,fresh,0,1,4.77,apple\Fresh\96.jpg
230.jpg,pineapple,rotten,5,2,0.79,pineapple\Rotten\230.jpg
353.jpg,pineapple,unripe,5,0,6.31,pineapple\Unripe\353.jpg
198.jpg,pineapple,fresh,5,1,3.08,pineapple\Fresh\198.jpg
590.jpg,apple,fresh,0,1,5.21,apple\Fresh\590.jpg
208.jpg,pineapple,unripe,5,0,6.21,pineapple\Unripe\208.jpg
458.jpg,pineapple,rotten,5,2,0.68,pineapple\Rotten\458.jpg
119.jpg,banana,unripe,1,0,5.53,banana\Unripe\119.jpg
658.jpg,papaya,rotten,4,2,0.17,papaya\Rotten\658.jpg
438.jpg,mango,fresh,2,1,3.09,mango\Fresh\438.jpg
353.jpg,pineapple,rotten,5,2,0.66,pineapple\Rotten\353.jpg
159.jpg,papaya,fresh,4,1,1.98,papaya\Fresh\159.jpg
460.jpg,pineapple,fresh,5,1,2.89,pineapple\Fresh\460.jpg
74.jpg,orange,rotten,3,2,0.55,orange\Rotten\74.jpg
140.jpg,apple,fresh,0,1,4.85,apple\Fresh\140.jpg
0.jpg,banana,rotten,1,2,0.12,banana\Rotten\0.jpg
552.jpg,orange,unripe,3,0,8.22,orange\Unripe\552.jpg
35.jpg,banana,unripe,1,0,5.82,banana\Unripe\35.jpg
468.jpg,apple,rotten,0,2,0.06,apple\Rotten\468.jpg
555.jpg,apple,rotten,0,2,0.68,apple\Rotten\555.jpg
155.jpg,pineapple,fresh,5,1,3.24,pineapple\Fresh\155.jpg
339.jpg,pineapple,rotten,5,2,0.55,pineapple\Rotten\339.jpg
501.jpg,pineapple,fresh,5,1,2.73,pineapple\Fresh\501.jpg
219.jpg,mango,fresh,2,1,2.96,mango\Fresh\219.jpg
207.jpg,orange,rotten,3,2,0.27,orange\Rotten\207.jpg
619.jpg,apple,rotten,0,2,0.48,apple\Rotten\619.jpg
19.jpg,papaya,rotten,4,2,0.17,papaya\Rotten\19.jpg
42.jpg,apple,rotten,0,2,-1.37,apple\Rotten\42.jpg
424.jpg,banana,unripe,1,0,5.93,banana\Unripe\424.jpg
137.jpg,banana,unripe,1,0,6.25,banana\Unripe\137.jpg
162.jpg,papaya,unripe,4,0,4.74,papaya\Unripe\162.jpg
63.jpg,mango,unripe,2,0,7.22,mango\Unripe\63.jpg
247.jpg,apple,rotten,0,2,0.7,apple\Rotten\247.jpg
444.jpg,apple,unripe,0,0,10.43,apple\Unripe\444.jpg
115.jpg,apple,rotten,0,2,0.52,apple\Rotten\115.jpg
270.jpg,apple,unripe,0,0,9.75,apple\Unripe\270.jpg
307.jpg,pineapple,rotten,5,2,-1.43,pineapple\Rotten\307.jpg
388.jpg,papaya,unripe,4,0,5.48,papaya\Unripe\388.jpg
113.jpg,banana,unripe,1,0,5.87,banana\Unripe\113.jpg
463.jpg,papaya,fresh,4,1,1.93,papaya\Fresh\463.jpg
592.jpg,pineapple,rotten,5,2,0.06,pineapple\Rotten\592.jpg
566.jpg,pineapple,fresh,5,1,2.74,pineapple\Fresh\566.jpg
95.jpg,banana,rotten,1,2,0.31,banana\Rotten\95.jpg
226.jpg,apple,unripe,0,0,10.27,apple\Unripe\226.jpg
565.jpg,banana,unripe,1,0,6.35,banana\Unripe\565.jpg
111.jpg,pineapple,rotten,5,2,0.48,pineapple\Rotten\111.jpg
196.jpg,pineapple,fresh,5,1,2.93,pineapple\Fresh\196.jpg
614.jpg,banana,unripe,1,0,6.17,banana\Unripe\614.jpg
476.jpg,papaya,fresh,4,1,1.79,papaya\Fresh\476.jpg
82.jpg,apple,fresh,0,1,4.91,apple\Fresh\82.jpg
439.jpg,papaya,rotten,4,2,0.41,papaya\Rotten\439.jpg
63.jpg,banana,unripe,1,0,5.71,banana\Unripe\63.jpg
675.jpg,pineapple,rotten,5,2,0.3,pineapple\Rotten\675.jpg
112.jpg,banana,fresh,1,1,2.76,banana\Fresh\112.jpg
374.jpg,banana,unripe,1,0,5.9,banana\Unripe\374.jpg
578.jpg,apple,unripe,0,0,10.49,apple\Unripe\578.jpg
552.jpg,papaya,unripe,4,0,4.64,papaya\Unripe\552.jpg
435.jpg,mango,fresh,2,1,3.08,mango\Fresh\435.jpg
655.jpg,pineapple,unripe,5,0,5.99,pineapple\Unripe\655.jpg
23.jpg,mango,rotten,2,2,-1.14,mango\Rotten\23.jpg
533.jpg,orange,unripe,3,0,7.62,orange\Unripe\533.jpg
173.jpg,apple,fresh,0,1,5.25,apple\Fresh\173.jpg
210.jpg,mango,unripe,2,0,7.02,mango\Unripe\210.jpg
473.jpg,papaya,rotten,4,2,0.37,papaya\Rotten\473.jpg
355.jpg,orange,rotten,3,2,-1.17,orange\Rotten\355.jpg
210.jpg,apple,fresh,0,1,4.84,apple\Fresh\210.jpg
148.jpg,orange,fresh,3,1,5.27,orange\Fresh\148.jpg
54.jpg,papaya,rotten,4,2,0.02,papaya\Rotten\54.jpg
439.jpg,papaya,unripe,4,0,5.03,papaya\Unripe\439.jpg
233.jpg,apple,unripe,0,0,10.05,apple\Unripe\233.jpg
634.jpg,apple,unripe,0,0,9.58,apple\Unripe\634.jpg
324.jpg,papaya,rotten,4,2,0.26,papaya\Rotten\324.jpg
75.jpg,mango,rotten,2,2,-2.11,mango\Rotten\75.jpg
584.jpg,apple,unripe,0,0,9.69,apple\Unripe\584.jpg
38.jpg,papaya,rotten,4,2,-1.05,papaya\Rotten\38.jpg
136.jpg,banana,unripe,1,0,5.55,banana\Unripe\136.jpg
281.jpg,apple,rotten,0,2,0.5,apple\Rotten\281.jpg
604.jpg,orange,unripe,3,0,7.92,orange\Unripe\604.jpg
326.jpg,papaya,fresh,4,1,1.71,papaya\Fresh\326.jpg
219.jpg,banana,rotten,1,2,0.44,banana\Rotten\219.jpg
151.jpg,pineapple,unripe,5,0,5.9,pineapple\Unripe\151.jpg
546.jpg,pineapple,unripe,5,0,5.51,pineapple\Unripe\546.jpg
363.jpg,apple,fresh,0,1,5.0,apple\Fresh\363.jpg
311.jpg,pineapple,fresh,5,1,2.8,pineapple\Fresh\311.jpg
93.jpg,mango,fresh,2,1,2.7,mango\Fresh\93.jpg
546.jpg,mango,rotten,2,2,0.5,mango\Rotten\546.jpg
314.jpg,orange,rotten,3,2,0.35,orange\Rotten\314.jpg
349.jpg,orange,rotten,3,2,0.38,orange\Rotten\349.jpg
575.jpg,apple,rotten,0,2,0.61,apple\Rotten\575.jpg
120.jpg,banana,fresh,1,1,3.08,banana\Fresh\120.jpg
653.jpg,apple,unripe,0,0,10.0,apple\Unripe\653.jpg
3.jpg,apple,rotten,0,2,0.03,apple\Rotten\3.jpg
544.jpg,apple,rotten,0,2,0.06,apple\Rotten\544.jpg
313.jpg,banana,fresh,1,1,2.76,banana\Fresh\313.jpg
416.jpg,banana,unripe,1,0,6.37,banana\Unripe\416.jpg
694.jpg,orange,rotten,3,2,0.32,orange\Rotten\694.jpg
36.jpg,orange,unripe,3,0,7.85,orange\Unripe\36.jpg
189.jpg,mango,fresh,2,1,2.97,mango\Fresh\189.jpg
244.jpg,apple,rotten,0,2,0.58,apple\Rotten\244.jpg
341.jpg,mango,rotten,2,2,-1.13,mango\Rotten\341.jpg
539.jpg,apple,unripe,0,0,9.82,apple\Unripe\539.jpg
155.jpg,banana,rotten,1,2,0.69,banana\Rotten\155.jpg
31.jpg,orange,unripe,3,0,7.78,orange\Unripe\31.jpg
133.jpg,papaya,unripe,4,0,4.9,papaya\Unripe\133.jpg
106.jpg,orange,fresh,3,1,4.86,orange\Fresh\106.jpg
176.jpg,pineapple,fresh,5,1,2.88,pineapple\Fresh\176.jpg
256.jpg,orange,fresh,3,1,5.01,orange\Fresh\256.jpg
395.jpg,orange,rotten,3,2,0.43,orange\Rotten\395.jpg
299.jpg,papaya,rotten,4,2,0.58,papaya\Rotten\299.jpg
555.jpg,orange,rotten,3,2,-1.71,orange\Rotten\555.jpg
87.jpg,pineapple,unripe,5,0,6.18,pineapple\Unripe\87.jpg
178.jpg,pineapple,rotten,5,2,0.18,pineapple\Rotten\178.jpg
48.jpg,papaya,fresh,4,1,2.2,papaya\Fresh\48.jpg
538.jpg,apple,rotten,0,2,0.44,apple\Rotten\538.jpg
172.jpg,papaya,rotten,4,2,0.1,papaya\Rotten\172.jpg
382.jpg,papaya,rotten,4,2,-2.07,papaya\Rotten\382.jpg
330.jpg,banana,rotten,1,2,0.36,banana\Rotten\330.jpg
545.jpg,papaya,fresh,4,1,1.92,papaya\Fresh\545.jpg
43.jpg,mango,fresh,2,1,3.23,mango\Fresh\43.jpg
281.jpg,pineapple,rotten,5,2,0.2,pineapple\Rotten\281.jpg
422.jpg,pineapple,unripe,5,0,6.11,pineapple\Unripe\422.jpg
216.jpg,mango,fresh,2,1,3.07,mango\Fresh\216.jpg
188.jpg,pineapple,fresh,5,1,3.09,pineapple\Fresh\188.jpg
100.jpg,apple,unripe,0,0,9.73,apple\Unripe\100.jpg
202.jpg,banana,unripe,1,0,6.32,banana\Unripe\202.jpg
285.jpg,banana,rotten,1,2,0.18,banana\Rotten\285.jpg
684.jpg,pineapple,rotten,5,2,0.54,pineapple\Rotten\684.jpg
605.jpg,papaya,rotten,4,2,-1.7,papaya\Rotten\605.jpg
430.jpg,banana,rotten,1,2,0.23,banana\Rotten\430.jpg
107.jpg,papaya,fresh,4,1,1.79,papaya\Fresh\107.jpg
394.jpg,papaya,rotten,4,2,0.23,papaya\Rotten\394.jpg
141.jpg,pineapple,rotten,5,2,0.65,pineapple\Rotten\141.jpg
533.jpg,papaya,rotten,4,2,0.02,papaya\Rotten\533.jpg
183.jpg,orange,unripe,3,0,8.31,orange\Unripe\183.jpg
466.jpg,papaya,rotten,4,2,0.36,papaya\Rotten\466.jpg
490.jpg,apple,fresh,0,1,4.71,apple\Fresh\490.jpg
171.jpg,pineapple,rotten,5,2,0.7,pineapple\Rotten\171.jpg
457.jpg,banana,fresh,1,1,3.19,banana\Fresh\457.jpg
106.jpg,mango,unripe,2,0,7.05,mango\Unripe\106.jpg
615.jpg,apple,rotten,0,2,0.31,apple\Rotten\615.jpg
121.jpg,pineapple,unripe,5,0,5.7,pineapple\Unripe\121.jpg
149.jpg,orange,unripe,3,0,7.77,orange\Unripe\149.jpg
555.jpg,orange,fresh,3,1,4.78,orange\Fresh\555.jpg
494.jpg,mango,rotten,2,2,0.01,mango\Rotten\494.jpg
618.jpg,mango,unripe,2,0,6.93,mango\Unripe\618.jpg
65.jpg,banana,unripe,1,0,6.06,banana\Unripe\65.jpg
183.jpg,mango,rotten,2,2,0.38,mango\Rotten\183.jpg
115.jpg,apple,unripe,0,0,10.23,apple\Unripe\115.jpg
30.jpg,banana,rotten,1,2,0.56,banana\Rotten\30.jpg
119.jpg,orange,rotten,3,2,0.3,orange\Rotten\119.jpg
264.jpg,apple,unripe,0,0,10.33,apple\Unripe\264.jpg
128.jpg,papaya,fresh,4,1,1.96,papaya\Fresh\128.jpg
530.jpg,orange,rotten,3,2,0.32,orange\Rotten\530.jpg
220.jpg,papaya,rotten,4,2,0.13,papaya\Rotten\220.jpg
408.jpg,mango,unripe,2,0,6.91,mango\Unripe\408.jpg
582.jpg,banana,fresh,1,1,2.92,banana\Fresh\582.jpg
105.jpg,papaya,unripe,4,0,4.83,papaya\Unripe\105.jpg
408.jpg,orange,fresh,3,1,5.21,orange\Fresh\408.jpg
139.jpg,banana,rotten,1,2,-1.54,banana\Rotten\139.jpg
80.jpg,mango,rotten,2,2,-1.09,mango\Rotten\80.jpg
479.jpg,apple,unripe,0,0,9.8,apple\Unripe\479.jpg
670.jpg,papaya,fresh,4,1,1.73,papaya\Fresh\670.jpg
176.jpg,apple,fresh,0,1,4.92,apple\Fresh\176.jpg
443.jpg,mango,unripe,2,0,7.31,mango\Unripe\443.jpg
419.jpg,pineapple,rotten,5,2,0.4,pineapple\Rotten\419.jpg
153.jpg,mango,fresh,2,1,2.95,mango\Fresh\153.jpg
387.jpg,papaya,unripe,4,0,4.9,papaya\Unripe\387.jpg
477.jpg,papaya,rotten,4,2,0.18,papaya\Rotten\477.jpg
141.jpg,mango,fresh,2,1,3.26,mango\Fresh\141.jpg
263.jpg,pineapple,rotten,5,2,0.35,pineapple\Rotten\263.jpg
567.jpg,apple,rotten,0,2,-2.23,apple\Rotten\567.jpg
229.jpg,orange,fresh,3,1,5.23,orange\Fresh\229.jpg
602.jpg,apple,rotten,0,2,-1.13,apple\Rotten\602.jpg
266.jpg,papaya,unripe,4,0,4.86,papaya\Unripe\266.jpg
501.jpg,banana,rotten,1,2,-1.75,banana\Rotten\501.jpg
272.jpg,mango,fresh,2,1,2.79,mango\Fresh\272.jpg
125.jpg,orange,unripe,3,0,8.48,orange\Unripe\125.jpg
35.jpg,banana,rotten,1,2,0.72,banana\Rotten\35.jpg
369.jpg,banana,fresh,1,1,3.22,banana\Fresh\369.jpg
19.jpg,pineapple,fresh,5,1,3.2,pineapple\Fresh\19.jpg
362.jpg,banana,fresh,1,1,3.03,banana\Fresh\362.jpg
539.jpg,banana,rotten,1,2,0.19,banana\Rotten\539.jpg
383.jpg,banana,fresh,1,1,3.12,banana\Fresh\383.jpg
172.jpg,apple,unripe,0,0,9.71,apple\Unripe\172.jpg
309.jpg,papaya,fresh,4,1,1.97,papaya\Fresh\309.jpg
338.jpg,apple,rotten,0,2,0.77,apple\Rotten\338.jpg
129.jpg,banana,unripe,1,0,6.38,banana\Unripe\129.jpg
586.jpg,orange,rotten,3,2,-2.05,orange\Rotten\586.jpg
191.jpg,papaya,fresh,4,1,2.05,papaya\Fresh\191.jpg
639.jpg,banana,rotten,1,2,0.38,banana\Rotten\639.jpg
573.jpg,apple,fresh,0,1,5.03,apple\Fresh\573.jpg
352.jpg,orange,rotten,3,2,0.24,orange\Rotten\352.jpg
429.jpg,apple,rotten,0,2,0.4,apple\Rotten\429.jpg
450.jpg,banana,unripe,1,0,5.64,banana\Unripe\450.jpg
94.jpg,orange,rotten,3,2,0.5,orange\Rotten\94.jpg
77.jpg,banana,fresh,1,1,3.0,banana\Fresh\77.jpg
394.jpg,apple,unripe,0,0,9.86,apple\Unripe\394.jpg
288.jpg,pineapple,rotten,5,2,0.39,pineapple\Rotten\288.jpg
136.jpg,apple,unripe,0,0,10.31,apple\Unripe\136.jpg
661.jpg,mango,fresh,2,1,3.09,mango\Fresh\661.jpg
600.jpg,banana,fresh,1,1,3.27,banana\Fresh\600.jpg
335.jpg,apple,fresh,0,1,4.78,apple\Fresh\335.jpg
460.jpg,mango,unripe,2,0,7.19,mango\Unripe\460.jpg
251.jpg,pineapple,rotten,5,2,0.47,pineapple\Rotten\251.jpg
642.jpg,mango,unripe,2,0,7.26,mango\Unripe\642.jpg
147.jpg,mango,unripe,2,0,6.74,mango\Unripe\147.jpg
23.jpg,papaya,fresh,4,1,1.9,papaya\Fresh\23.jpg
60.jpg,banana,rotten,1,2,0.43,banana\Rotten\60.jpg
77.jpg,papaya,fresh,4,1,2.29,papaya\Fresh\77.jpg
211.jpg,papaya,fresh,4,1,1.96,papaya\Fresh\211.jpg
478.jpg,mango,unripe,2,0,7.4,mango\Unripe\478.jpg
563.jpg,papaya,unripe,4,0,4.85,papaya\Unripe\563.jpg
604.jpg,pineapple,rotten,5,2,-1.23,pineapple\Rotten\604.jpg
250.jpg,mango,fresh,2,1,2.83,mango\Fresh\250.jpg
574.jpg,mango,rotten,2,2,0.72,mango\Rotten\574.jpg
29.jpg,mango,fresh,2,1,3.1,mango\Fresh\29.jpg
114.jpg,orange,unripe,3,0,8.26,orange\Unripe\114.jpg
502.jpg,banana,unripe,1,0,6.22,banana\Unripe\502.jpg
9.jpg,orange,fresh,3,1,5.23,orange\Fresh\9.jpg
540.jpg,pineapple,unripe,5,0,6.12,pineapple\Unripe\540.jpg
131.jpg,pineapple,unripe,5,0,5.67,pineapple\Unripe\131.jpg
601.jpg,pineapple,unripe,5,0,6.04,pineapple\Unripe\601.jpg
196.jpg,banana,fresh,1,1,2.97,banana\Fresh\196.jpg
150.jpg,mango,unripe,2,0,7.47,mango\Unripe\150.jpg
336.jpg,mango,fresh,2,1,2.99,mango\Fresh\336.jpg
107.jpg,pineapple,unripe,5,0,5.6,pineapple\Unripe\107.jpg
226.jpg,papaya,rotten,4,2,0.07,papaya\Rotten\226.jpg
405.jpg,papaya,rotten,4,2,-1.72,papaya\Rotten\405.jpg
3.jpg,mango,unripe,2,0,7.01,mango\Unripe\3.jpg
629.jpg,papaya,unripe,4,0,4.64,papaya\Unripe\629.jpg
206.jpg,pineapple,fresh,5,1,3.26,pineapple\Fresh\206.jpg
608.jpg,apple,unripe,0,0,10.41,apple\Unripe\608.jpg
109.jpg,mango,unripe,2,0,7.04,mango\Unripe\109.jpg
179.jpg,pineapple,unripe,5,0,5.6,pineapple\Unripe\179.jpg
244.jpg,banana,unripe,1,0,6.48,banana\Unripe\244.jpg
487.jpg,papaya,fresh,4,1,1.73,papaya\Fresh\487.jpg
624.jpg,orange,rotten,3,2,0.45,orange\Rotten\624.jpg
511.jpg,orange,fresh,3,1,5.25,orange\Fresh\511.jpg
632.jpg,orange,fresh,3,1,5.06,orange\Fresh\632.jpg
531.jpg,apple,unripe,0,0,10.44,apple\Unripe\531.jpg
218.jpg,orange,unripe,3,0,7.9,orange\Unripe\218.jpg
93.jpg,orange,rotten,3,2,0.68,orange\Rotten\93.jpg
66.jpg,pineapple,rotten,5,2,0.72,pineapple\Rotten\66.jpg
447.jpg,papaya,unripe,4,0,5.43,papaya\Unripe\447.jpg
567.jpg,papaya,fresh,4,1,2.24,papaya\Fresh\567.jpg
503.jpg,mango,fresh,2,1,3.15,mango\Fresh\503.jpg
313.jpg,mango,fresh,2,1,2.8,mango\Fresh\313.jpg
591.jpg,papaya,fresh,4,1,1.71,papaya\Fresh\591.jpg
91.jpg,banana,rotten,1,2,0.32,banana\Rotten\91.jpg
81.jpg,apple,rotten,0,2,0.65,apple\Rotten\81.jpg
412.jpg,apple,unripe,0,0,9.77,apple\Unripe\412.jpg
650.jpg,pineapple,unripe,5,0,6.18,pineapple\Unripe\650.jpg
668.jpg,pineapple,unripe,5,0,5.81,pineapple\Unripe\668.jpg
344.jpg,banana,rotten,1,2,0.6,banana\Rotten\344.jpg
303.jpg,pineapple,rotten,5,2,-1.88,pineapple\Rotten\303.jpg
445.jpg,mango,fresh,2,1,2.85,mango\Fresh\445.jpg
570.jpg,apple,fresh,0,1,4.99,apple\Fresh\570.jpg
643.jpg,apple,unripe,0,0,10.0,apple\Unripe\643.jpg
82.jpg,pineapple,rotten,5,2,0.16,pineapple\Rotten\82.jpg
392.jpg,apple,rotten,0,2,0.54,apple\Rotten\392.jpg
198.jpg,banana,fresh,1,1,3.02,banana\Fresh\198.jpg
279.jpg,orange,rotten,3,2,-1.3,orange\Rotten\279.jpg
52.jpg,apple,rotten,0,2,0.0,apple\Rotten\52.jpg
185.jpg,orange,rotten,3,2,0.77,orange\Rotten\185.jpg
13.jpg,papaya,unripe,4,0,5.43,papaya\Unripe\13.jpg
596.jpg,apple,unripe,0,0,10.2,apple\Unripe\596.jpg
173.jpg,orange,rotten,3,2,0.49,orange\Rotten\173.jpg
103.jpg,apple,rotten,0,2,-1.39,apple\Rotten\103.jpg
354.jpg,banana,unripe,1,0,6.49,banana\Unripe\354.jpg
346.jpg,banana,unripe,1,0,6.25,banana\Unripe\346.jpg
602.jpg,mango,rotten,2,2,-1.29,mango\Rotten\602.jpg
649.jpg,apple,rotten,0,2,-1.23,apple\Rotten\649.jpg
186.jpg,mango,fresh,2,1,3.09,mango\Fresh\186.jpg
138.jpg,apple,fresh,0,1,4.84,apple\Fresh\138.jpg
205.jpg,pineapple,fresh,5,1,2.74,pineapple\Fresh\205.jpg
407.jpg,apple,fresh,0,1,5.18,apple\Fresh\407.jpg
562.jpg,banana,rotten,1,2,0.41,banana\Rotten\562.jpg
152.jpg,orange,rotten,3,2,0.53,orange\Rotten\152.jpg
315.jpg,orange,rotten,3,2,0.66,orange\Rotten\315.jpg
547.jpg,papaya,fresh,4,1,2.07,papaya\Fresh\547.jpg
548.jpg,banana,fresh,1,1,2.91,banana\Fresh\548.jpg
651.jpg,orange,rotten,3,2,0.42,orange\Rotten\651.jpg
129.jpg,apple,fresh,0,1,5.12,apple\Fresh\129.jpg
553.jpg,banana,fresh,1,1,3.27,banana\Fresh\553.jpg
401.jpg,apple,rotten,0,2,0.4,apple\Rotten\401.jpg
465.jpg,papaya,rotten,4,2,-1.11,papaya\Rotten\465.jpg
612.jpg,banana,fresh,1,1,2.72,banana\Fresh\612.jpg
397.jpg,pineapple,fresh,5,1,3.01,pineapple\Fresh\397.jpg
273.jpg,orange,rotten,3,2,0.25,orange\Rotten\273.jpg
488.jpg,orange,fresh,3,1,5.07,orange\Fresh\488.jpg
45.jpg,papaya,rotten,4,2,-2.43,papaya\Rotten\45.jpg
590.jpg,papaya,unripe,4,0,5.33,papaya\Unripe\590.jpg
328.jpg,papaya,fresh,4,1,1.89,papaya\Fresh\328.jpg
355.jpg,banana,rotten,1,2,0.04,banana\Rotten\355.jpg
487.jpg,banana,fresh,1,1,2.96,banana\Fresh\487.jpg
12.jpg,orange,unripe,3,0,7.65,orange\Unripe\12.jpg
248.jpg,papaya,rotten,4,2,0.21,papaya\Rotten\248.jpg
63.jpg,apple,unripe,0,0,9.85,apple\Unripe\63.jpg
584.jpg,papaya,unripe,4,0,5.29,papaya\Unripe\584.jpg
52.jpg,banana,fresh,1,1,3.19,banana\Fresh\52.jpg
385.jpg,mango,unripe,2,0,6.64,mango\Unripe\385.jpg
151.jpg,apple,unripe,0,0,9.61,apple\Unripe\151.jpg
527.jpg,mango,fresh,2,1,3.2,mango\Fresh\527.jpg
84.jpg,apple,fresh,0,1,5.05,apple\Fresh\84.jpg
87.jpg,orange,unripe,3,0,7.57,orange\Unripe\87.jpg
229.jpg,mango,rotten,2,2,0.21,mango\Rotten\229.jpg
177.jpg,orange,unripe,3,0,8.44,orange\Unripe\177.jpg
520.jpg,pineapple,fresh,5,1,3.09,pineapple\Fresh\520.jpg
33.jpg,banana,fresh,1,1,3.24,banana\Fresh\33.jpg
77.jpg,mango,unripe,2,0,7.22,mango\Unripe\77.jpg
73.jpg,apple,fresh,0,1,4.77,apple\Fresh\73.jpg
414.jpg,mango,unripe,2,0,7.24,mango\Unripe\414.jpg
412.jpg,pineapple,unripe,5,0,6.24,pineapple\Unripe\412.jpg
74.jpg,banana,unripe,1,0,5.87,banana\Unripe\74.jpg
63.jpg,apple,rotten,0,2,0.41,apple\Rotten\63.jpg
132.jpg,apple,unripe,0,0,9.75,apple\Unripe\132.jpg
65.jpg,pineapple,rotten,5,2,-1.55,pineapple\Rotten\65.jpg
40.jpg,apple,unripe,0,0,9.53,apple\Unripe\40.jpg
600.jpg,mango,rotten,2,2,0.54,mango\Rotten\600.jpg
219.jpg,apple,fresh,0,1,5.08,apple\Fresh\219.jpg
162.jpg,orange,rotten,3,2,-2.06,orange\Rotten\162.jpg
58.jpg,mango,unripe,2,0,7.25,mango\Unripe\58.jpg
34.jpg,banana,unripe,1,0,6.12,banana\Unripe\34.jpg
2.jpg,apple,rotten,0,2,0.26,apple\Rotten\2.jpg
11.jpg,orange,unripe,3,0,7.71,orange\Unripe\11.jpg
382.jpg,orange,unripe,3,0,8.17,orange\Unripe\382.jpg
605.jpg,mango,rotten,2,2,0.31,mango\Rotten\605.jpg
620.jpg,papaya,rotten,4,2,0.32,papaya\Rotten\620.jpg
151.jpg,apple,fresh,0,1,4.71,apple\Fresh\151.jpg
265.jpg,papaya,unripe,4,0,5.1,papaya\Unripe\265.jpg
259.jpg,banana,fresh,1,1,2.8,banana\Fresh\259.jpg
26.jpg,papaya,unripe,4,0,5.4,papaya\Unripe\26.jpg
313.jpg,papaya,unripe,4,0,4.71,papaya\Unripe\313.jpg
559.jpg,mango,fresh,2,1,3.17,mango\Fresh\559.jpg
585.jpg,papaya,fresh,4,1,2.13,papaya\Fresh\585.jpg
281.jpg,pineapple,fresh,5,1,3.12,pineapple\Fresh\281.jpg
275.jpg,apple,fresh,0,1,4.73,apple\Fresh\275.jpg
483.jpg,orange,rotten,3,2,0.67,orange\Rotten\483.jpg
543.jpg,apple,fresh,0,1,5.08,apple\Fresh\543.jpg
17.jpg,banana,fresh,1,1,2.93,banana\Fresh\17.jpg
385.jpg,orange,unripe,3,0,7.96,orange\Unripe\385.jpg
637.jpg,papaya,unripe,4,0,4.85,papaya\Unripe\637.jpg
40.jpg,papaya,rotten,4,2,0.31,papaya\Rotten\40.jpg
577.jpg,pineapple,rotten,5,2,0.28,pineapple\Rotten\577.jpg
206.jpg,apple,fresh,0,1,5.09,apple\Fresh\206.jpg
84.jpg,banana,rotten,1,2,0.53,banana\Rotten\84.jpg
599.jpg,pineapple,unripe,5,0,6.19,pineapple\Unripe\599.jpg
274.jpg,banana,rotten,1,2,0.73,banana\Rotten\274.jpg
670.jpg,pineapple,rotten,5,2,-1.44,pineapple\Rotten\670.jpg
149.jpg,apple,unripe,0,0,9.91,apple\Unripe\149.jpg
196.jpg,banana,rotten,1,2,0.78,banana\Rotten\196.jpg
373.jpg,orange,rotten,3,2,0.36,orange\Rotten\373.jpg
497.jpg,apple,unripe,0,0,9.86,apple\Unripe\497.jpg
402.jpg,mango,fresh,2,1,3.25,mango\Fresh\402.jpg
367.jpg,papaya,unripe,4,0,4.74,papaya\Unripe\367.jpg
507.jpg,pineapple,fresh,5,1,3.02,pineapple\Fresh\507.jpg
444.jpg,orange,unripe,3,0,8.22,orange\Unripe\444.jpg
112.jpg,orange,unripe,3,0,8.02,orange\Unripe\112.jpg
470.jpg,mango,unripe,2,0,6.91,mango\Unripe\470.jpg
513.jpg,apple,unripe,0,0,10.04,apple\Unripe\513.jpg
622.jpg,orange,rotten,3,2,0.57,orange\Rotten\622.jpg
295.jpg,papaya,rotten,4,2,0.71,papaya\Rotten\295.jpg
171.jpg,banana,rotten,1,2,0.35,banana\Rotten\171.jpg
175.jpg,papaya,unripe,4,0,5.01,papaya\Unripe\175.jpg
505.jpg,papaya,fresh,4,1,2.08,papaya\Fresh\505.jpg
161.jpg,papaya,fresh,4,1,1.87,papaya\Fresh\161.jpg
496.jpg,mango,fresh,2,1,2.94,mango\Fresh\496.jpg
400.jpg,orange,fresh,3,1,5.01,orange\Fresh\400.jpg
534.jpg,banana,rotten,1,2,0.53,banana\Rotten\534.jpg
658.jpg,apple,rotten,0,2,0.09,apple\Rotten\658.jpg
467.jpg,papaya,fresh,4,1,1.89,papaya\Fresh\467.jpg
689.jpg,pineapple,rotten,5,2,0.34,pineapple\Rotten\689.jpg
595.jpg,apple,rotten,0,2,0.2,apple\Rotten\595.jpg
492.jpg,mango,fresh,2,1,3.28,mango\Fresh\492.jpg
272.jpg,banana,fresh,1,1,2.71,banana\Fresh\272.jpg
603.jpg,banana,rotten,1,2,0.28,banana\Rotten\603.jpg
451.jpg,mango,unripe,2,0,7.32,mango\Unripe\451.jpg
401.jpg,pineapple,rotten,5,2,-1.19,pineapple\Rotten\401.jpg
454.jpg,banana,unripe,1,0,5.92,banana\Unripe\454.jpg
413.jpg,banana,unripe,1,0,6.45,banana\Unripe\413.jpg
332.jpg,banana,fresh,1,1,2.79,banana\Fresh\332.jpg
129.jpg,papaya,rotten,4,2,0.62,papaya\Rotten\129.jpg
107.jpg,mango,unripe,2,0,6.96,mango\Unripe\107.jpg
225.jpg,pineapple,unripe,5,0,5.9,pineapple\Unripe\225.jpg
438.jpg,mango,unripe,2,0,6.52,mango\Unripe\438.jpg
496.jpg,papaya,rotten,4,2,-2.07,papaya\Rotten\496.jpg
168.jpg,apple,rotten,0,2,0.1,apple\Rotten\168.jpg
634.jpg,papaya,rotten,4,2,0.04,papaya\Rotten\634.jpg
212.jpg,papaya,rotten,4,2,0.36,papaya\Rotten\212.jpg
225.jpg,banana,rotten,1,2,0.76,banana\Rotten\225.jpg
594.jpg,pineapple,rotten,5,2,0.27,pineapple\Rotten\594.jpg
139.jpg,papaya,fresh,4,1,1.8,papaya\Fresh\139.jpg
85.jpg,apple,fresh,0,1,4.75,apple\Fresh\85.jpg
11.jpg,pineapple,fresh,5,1,2.99,pineapple\Fresh\11.jpg
565.jpg,orange,fresh,3,1,4.71,orange\Fresh\565.jpg
332.jpg,papaya,unripe,4,0,5.29,papaya\Unripe\332.jpg
17.jpg,papaya,fresh,4,1,1.84,papaya\Fresh\17.jpg
211.jpg,pineapple,fresh,5,1,3.07,pineapple\Fresh\211.jpg
145.jpg,pineapple,unripe,5,0,5.69,pineapple\Unripe\145.jpg
353.jpg,orange,rotten,3,2,-2.48,orange\Rotten\353.jpg
125.jpg,mango,unripe,2,0,6.79,mango\Unripe\125.jpg
568.jpg,apple,unripe,0,0,9.87,apple\Unripe\568.jpg
619.jpg,apple,unripe,0,0,9.96,apple\Unripe\619.jpg
652.jpg,apple,rotten,0,2,-1.42,apple\Rotten\652.jpg
266.jpg,mango,fresh,2,1,2.73,mango\Fresh\266.jpg
634.jpg,pineapple,unripe,5,0,5.91,pineapple\Unripe\634.jpg
595.jpg,papaya,rotten,4,2,0.35,papaya\Rotten\595.jpg
210.jpg,orange,fresh,3,1,4.92,orange\Fresh\210.jpg
658.jpg,pineapple,fresh,5,1,3.01,pineapple\Fresh\658.jpg
174.jpg,orange,unripe,3,0,7.67,orange\Unripe\174.jpg
469.jpg,apple,rotten,0,2,0.55,apple\Rotten\469.jpg
383.jpg,papaya,fresh,4,1,2.17,papaya\Fresh\383.jpg
1.jpg,pineapple,fresh,5,1,2.92,pineapple\Fresh\1.jpg
480.jpg,mango,fresh,2,1,2.72,mango\Fresh\480.jpg
477.jpg,papaya,unripe,4,0,5.38,papaya\Unripe\477.jpg
148.jpg,apple,unripe,0,0,10.43,apple\Unripe\148.jpg
249.jpg,apple,fresh,0,1,4.85,apple\Fresh\249.jpg
392.jpg,apple,fresh,0,1,5.02,apple\Fresh\392.jpg
120.jpg,orange,rotten,3,2,-1.51,orange\Rotten\120.jpg
499.jpg,banana,unripe,1,0,6.06,banana\Unripe\499.jpg
572.jpg,papaya,fresh,4,1,2.11,papaya\Fresh\572.jpg
257.jpg,apple,fresh,0,1,4.84,apple\Fresh\257.jpg
162.jpg,papaya,fresh,4,1,2.09,papaya\Fresh\162.jpg
109.jpg,pineapple,fresh,5,1,2.93,pineapple\Fresh\109.jpg
347.jpg,apple,fresh,0,1,5.26,apple\Fresh\347.jpg
301.jpg,orange,rotten,3,2,0.3,orange\Rotten\301.jpg
656.jpg,pineapple,rotten,5,2,-1.02,pineapple\Rotten\656.jpg
540.jpg,papaya,fresh,4,1,2.19,papaya\Fresh\540.jpg
110.jpg,papaya,unripe,4,0,4.61,papaya\Unripe\110.jpg
118.jpg,pineapple,fresh,5,1,3.25,pineapple\Fresh\118.jpg
183.jpg,banana,unripe,1,0,5.69,banana\Unripe\183.jpg
297.jpg,banana,unripe,1,0,5.63,banana\Unripe\297.jpg
459.jpg,papaya,rotten,4,2,0.54,papaya\Rotten\459.jpg
152.jpg,banana,fresh,1,1,3.25,banana\Fresh\152.jpg
19.jpg,banana,unripe,1,0,5.94,banana\Unripe\19.jpg
74.jpg,mango,rotten,2,2,0.6,mango\Rotten\74.jpg
288.jpg,mango,fresh,2,1,2.72,mango\Fresh\288.jpg
430.jpg,mango,unripe,2,0,7.49,mango\Unripe\430.jpg
365.jpg,orange,rotten,3,2,0.05,orange\Rotten\365.jpg
494.jpg,apple,unripe,0,0,9.52,apple\Unripe\494.jpg
278.jpg,apple,rotten,0,2,0.02,apple\Rotten\278.jpg
223.jpg,banana,fresh,1,1,3.09,banana\Fresh\223.jpg
538.jpg,mango,fresh,2,1,3.26,mango\Fresh\538.jpg
448.jpg,pineapple,fresh,5,1,3.15,pineapple\Fresh\448.jpg
285.jpg,orange,fresh,3,1,5.17,orange\Fresh\285.jpg
568.jpg,orange,unripe,3,0,7.91,orange\Unripe\568.jpg
455.jpg,banana,unripe,1,0,5.88,banana\Unripe\455.jpg
145.jpg,mango,unripe,2,0,7.06,mango\Unripe\145.jpg
26.jpg,mango,unripe,2,0,7.21,mango\Unripe\26.jpg
112.jpg,banana,rotten,1,2,-1.96,banana\Rotten\112.jpg
171.jpg,apple,unripe,0,0,9.51,apple\Unripe\171.jpg
69.jpg,banana,rotten,1,2,-2.02,banana\Rotten\69.jpg
202.jpg,apple,rotten,0,2,0.67,apple\Rotten\202.jpg
640.jpg,banana,rotten,1,2,0.51,banana\Rotten\640.jpg
610.jpg,mango,rotten,2,2,0.68,mango\Rotten\610.jpg
8.jpg,mango,rotten,2,2,-1.11,mango\Rotten\8.jpg
343.jpg,banana,rotten,1,2,0.61,banana\Rotten\343.jpg
348.jpg,banana,fresh,1,1,2.97,banana\Fresh\348.jpg
271.jpg,pineapple,fresh,5,1,2.89,pineapple\Fresh\271.jpg
528.jpg,orange,rotten,3,2,0.31,orange\Rotten\528.jpg
367.jpg,apple,rotten,0,2,0.68,apple\Rotten\367.jpg
589.jpg,orange,rotten,3,2,-2.48,orange\Rotten\589.jpg
536.jpg,banana,fresh,1,1,3.05,banana\Fresh\536.jpg
604.jpg,papaya,rotten,4,2,0.66,papaya\Rotten\604.jpg
339.jpg,papaya,unripe,4,0,4.76,papaya\Unripe\339.jpg
549.jpg,apple,fresh,0,1,4.79,apple\Fresh\549.jpg
329.jpg,papaya,unripe,4,0,4.52,papaya\Unripe\329.jpg
455.jpg,banana,rotten,1,2,0.08,banana\Rotten\455.jpg
501.jpg,apple,fresh,0,1,4.88,apple\Fresh\501.jpg
371.jpg,apple,rotten,0,2,0.26,apple\Rotten\371.jpg
63.jpg,pineapple,rotten,5,2,-2.41,pineapple\Rotten\63.jpg
192.jpg,orange,unripe,3,0,8.33,orange\Unripe\192.jpg
513.jpg,mango,unripe,2,0,7.36,mango\Unripe\513.jpg
417.jpg,orange,unripe,3,0,8.4,orange\Unripe\417.jpg
639.jpg,orange,rotten,3,2,-1.71,orange\Rotten\639.jpg
560.jpg,orange,fresh,3,1,4.83,orange\Fresh\560.jpg
327.jpg,banana,fresh,1,1,2.85,banana\Fresh\327.jpg
376.jpg,banana,rotten,1,2,0.36,banana\Rotten\376.jpg
279.jpg,mango,unripe,2,0,6.92,mango\Unripe\279.jpg
106.jpg,pineapple,unripe,5,0,5.85,pineapple\Unripe\106.jpg
456.jpg,orange,rotten,3,2,0.53,orange\Rotten\456.jpg
434.jpg,papaya,rotten,4,2,0.11,papaya\Rotten\434.jpg
158.jpg,papaya,unripe,4,0,4.92,papaya\Unripe\158.jpg
461.jpg,pineapple,rotten,5,2,0.54,pineapple\Rotten\461.jpg
546.jpg,banana,unripe,1,0,6.44,banana\Unripe\546.jpg
166.jpg,papaya,fresh,4,1,2.04,papaya\Fresh\166.jpg
273.jpg,mango,unripe,2,0,6.58,mango\Unripe\273.jpg
308.jpg,mango,unripe,2,0,7.39,mango\Unripe\308.jpg
663.jpg,pineapple,rotten,5,2,0.09,pineapple\Rotten\663.jpg
629.jpg,pineapple,unripe,5,0,6.27,pineapple\Unripe\629.jpg
335.jpg,pineapple,fresh,5,1,3.21,pineapple\Fresh\335.jpg
576.jpg,papaya,fresh,4,1,2.29,papaya\Fresh\576.jpg
506.jpg,pineapple,unripe,5,0,5.94,pineapple\Unripe\506.jpg
177.jpg,orange,fresh,3,1,5.04,orange\Fresh\177.jpg
248.jpg,banana,rotten,1,2,0.05,banana\Rotten\248.jpg
555.jpg,papaya,fresh,4,1,1.78,papaya\Fresh\555.jpg
346.jpg,mango,fresh,2,1,3.0,mango\Fresh\346.jpg
410.jpg,orange,fresh,3,1,5.23,orange\Fresh\410.jpg
97.jpg,banana,fresh,1,1,2.89,banana\Fresh\97.jpg
35.jpg,orange,unripe,3,0,8.3,orange\Unripe\35.jpg
669.jpg,pineapple,unripe,5,0,5.5,pineapple\Unripe\669.jpg
114.jpg,mango,rotten,2,2,0.17,mango\Rotten\114.jpg
180.jpg,pineapple,unripe,5,0,5.97,pineapple\Unripe\180.jpg
121.jpg,apple,unripe,0,0,10.27,apple\Unripe\121.jpg
553.jpg,apple,unripe,0,0,9.67,apple\Unripe\553.jpg
161.jpg,pineapple,unripe,5,0,5.52,pineapple\Unripe\161.jpg
411.jpg,papaya,fresh,4,1,1.74,papaya\Fresh\411.jpg
100.jpg,orange,rotten,3,2,0.53,orange\Rotten\100.jpg
504.jpg,apple,unripe,0,0,10.46,apple\Unripe\504.jpg
550.jpg,banana,rotten,1,2,-1.31,banana\Rotten\550.jpg
277.jpg,banana,unripe,1,0,6.18,banana\Unripe\277.jpg
596.jpg,papaya,rotten,4,2,0.26,papaya\Rotten\596.jpg
377.jpg,apple,fresh,0,1,5.14,apple\Fresh\377.jpg
369.jpg,banana,rotten,1,2,0.48,banana\Rotten\369.jpg
354.jpg,pineapple,unripe,5,0,6.31,pineapple\Unripe\354.jpg
538.jpg,papaya,unripe,4,0,5.41,papaya\Unripe\538.jpg
73.jpg,banana,fresh,1,1,2.95,banana\Fresh\73.jpg
163.jpg,banana,unripe,1,0,5.65,banana\Unripe\163.jpg
558.jpg,banana,fresh,1,1,3.02,banana\Fresh\558.jpg
366.jpg,banana,unripe,1,0,6.02,banana\Unripe\366.jpg
492.jpg,papaya,rotten,4,2,0.03,papaya\Rotten\492.jpg
119.jpg,orange,unripe,3,0,7.79,orange\Unripe\119.jpg
522.jpg,papaya,rotten,4,2,0.06,papaya\Rotten\522.jpg
424.jpg,papaya,unripe,4,0,5.08,papaya\Unripe\424.jpg
473.jpg,papaya,unripe,4,0,4.91,papaya\Unripe\473.jpg
521.jpg,orange,fresh,3,1,5.02,orange\Fresh\521.jpg
390.jpg,banana,fresh,1,1,2.73,banana\Fresh\390.jpg
252.jpg,pineapple,rotten,5,2,0.12,pineapple\Rotten\252.jpg
483.jpg,mango,fresh,2,1,2.81,mango\Fresh\483.jpg
536.jpg,orange,fresh,3,1,5.25,orange\Fresh\536.jpg
433.jpg,pineapple,unripe,5,0,5.85,pineapple\Unripe\433.jpg
365.jpg,banana,rotten,1,2,0.69,banana\Rotten\365.jpg
221.jpg,orange,fresh,3,1,4.81,orange\Fresh\221.jpg
333.jpg,banana,fresh,1,1,2.71,banana\Fresh\333.jpg
130.jpg,orange,unripe,3,0,8.33,orange\Unripe\130.jpg
544.jpg,pineapple,fresh,5,1,3.05,pineapple\Fresh\544.jpg
20.jpg,pineapple,rotten,5,2,0.21,pineapple\Rotten\20.jpg
272.jpg,pineapple,unripe,5,0,5.77,pineapple\Unripe\272.jpg
500.jpg,pineapple,rotten,5,2,-1.97,pineapple\Rotten\500.jpg
566.jpg,apple,unripe,0,0,9.88,apple\Unripe\566.jpg
564.jpg,apple,fresh,0,1,5.12,apple\Fresh\564.jpg
317.jpg,banana,fresh,1,1,3.25,banana\Fresh\317.jpg
45.jpg,apple,fresh,0,1,4.84,apple\Fresh\45.jpg
408.jpg,banana,unripe,1,0,5.88,banana\Unripe\408.jpg
59.jpg,orange,rotten,3,2,0.23,orange\Rotten\59.jpg
71.jpg,banana,fresh,1,1,2.88,banana\Fresh\71.jpg
130.jpg,pineapple,rotten,5,2,0.24,pineapple\Rotten\130.jpg
603.jpg,orange,rotten,3,2,0.1,orange\Rotten\603.jpg
542.jpg,orange,rotten,3,2,0.34,orange\Rotten\542.jpg
246.jpg,banana,unripe,1,0,6.5,banana\Unripe\246.jpg
396.jpg,orange,unripe,3,0,7.93,orange\Unripe\396.jpg
425.jpg,mango,unripe,2,0,7.42,mango\Unripe\425.jpg
394.jpg,mango,fresh,2,1,2.99,mango\Fresh\394.jpg
18.jpg,mango,unripe,2,0,7.04,mango\Unripe\18.jpg
123.jpg,banana,fresh,1,1,3.3,banana\Fresh\123.jpg
178.jpg,orange,unripe,3,0,8.2,orange\Unripe\178.jpg
80.jpg,apple,fresh,0,1,4.96,apple\Fresh\80.jpg
307.jpg,papaya,rotten,4,2,0.36,papaya\Rotten\307.jpg
498.jpg,mango,unripe,2,0,6.71,mango\Unripe\498.jpg
18.jpg,apple,rotten,0,2,-1.13,apple\Rotten\18.jpg
405.jpg,pineapple,rotten,5,2,0.57,pineapple\Rotten\405.jpg
54.jpg,mango,fresh,2,1,3.3,mango\Fresh\54.jpg
304.jpg,orange,rotten,3,2,-1.12,orange\Rotten\304.jpg
329.jpg,banana,unripe,1,0,5.81,banana\Unripe\329.jpg
584.jpg,pineapple,rotten,5,2,0.18,pineapple\Rotten\584.jpg
347.jpg,banana,unripe,1,0,6.29,banana\Unripe\347.jpg
14.jpg,banana,fresh,1,1,2.8,banana\Fresh\14.jpg
29.jpg,banana,rotten,1,2,-2.46,banana\Rotten\29.jpg
357.jpg,banana,rotten,1,2,0.15,banana\Rotten\357.jpg
20.jpg,apple,rotten,0,2,0.38,apple\Rotten\20.jpg
41.jpg,papaya,rotten,4,2,-2.25,papaya\Rotten\41.jpg
171.jpg,banana,fresh,1,1,3.03,banana\Fresh\171.jpg
167.jpg,papaya,rotten,4,2,-2.17,papaya\Rotten\167.jpg
88.jpg,banana,fresh,1,1,3.11,banana\Fresh\88.jpg
280.jpg,apple,rotten,0,2,0.0,apple\Rotten\280.jpg
485.jpg,papaya,rotten,4,2,0.14,papaya\Rotten\485.jpg
49.jpg,papaya,unripe,4,0,4.8,papaya\Unripe\49.jpg
481.jpg,pineapple,rotten,5,2,0.45,pineapple\Rotten\481.jpg
252.jpg,papaya,rotten,4,2,0.72,papaya\Rotten\252.jpg
634.jpg,apple,rotten,0,2,0.44,apple\Rotten\634.jpg
600.jpg,pineapple,fresh,5,1,3.22,pineapple\Fresh\600.jpg
114.jpg,apple,rotten,0,2,0.04,apple\Rotten\114.jpg
373.jpg,pineapple,fresh,5,1,3.29,pineapple\Fresh\373.jpg
213.jpg,banana,fresh,1,1,2.82,banana\Fresh\213.jpg
169.jpg,orange,unripe,3,0,7.61,orange\Unripe\169.jpg
261.jpg,orange,unripe,3,0,8.05,orange\Unripe\261.jpg
469.jpg,pineapple,fresh,5,1,3.22,pineapple\Fresh\469.jpg
394.jpg,apple,fresh,0,1,4.79,apple\Fresh\394.jpg
568.jpg,banana,fresh,1,1,3.04,banana\Fresh\568.jpg
283.jpg,apple,rotten,0,2,0.22,apple\Rotten\283.jpg
262.jpg,pineapple,unripe,5,0,5.79,pineapple\Unripe\262.jpg
45.jpg,papaya,unripe,4,0,5.08,papaya\Unripe\45.jpg
559.jpg,apple,unripe,0,0,9.52,apple\Unripe\559.jpg
552.jpg,banana,fresh,1,1,2.76,banana\Fresh\552.jpg
646.jpg,pineapple,unripe,5,0,6.17,pineapple\Unripe\646.jpg
179.jpg,pineapple,rotten,5,2,0.39,pineapple\Rotten\179.jpg
347.jpg,pineapple,unripe,5,0,5.96,pineapple\Unripe\347.jpg
568.jpg,orange,fresh,3,1,5.16,orange\Fresh\568.jpg
360.jpg,pineapple,unripe,5,0,6.44,pineapple\Unripe\360.jpg
224.jpg,banana,unripe,1,0,5.78,banana\Unripe\224.jpg
62.jpg,pineapple,unripe,5,0,6.03,pineapple\Unripe\62.jpg
366.jpg,papaya,fresh,4,1,2.23,papaya\Fresh\366.jpg
173.jpg,mango,fresh,2,1,2.91,mango\Fresh\173.jpg
218.jpg,mango,fresh,2,1,2.84,mango\Fresh\218.jpg
212.jpg,banana,unripe,1,0,5.55,banana\Unripe\212.jpg
444.jpg,papaya,rotten,4,2,-1.72,papaya\Rotten\444.jpg
633.jpg,pineapple,fresh,5,1,2.92,pineapple\Fresh\633.jpg
107.jpg,banana,unripe,1,0,5.95,banana\Unripe\107.jpg
97.jpg,banana,unripe,1,0,6.09,banana\Unripe\97.jpg
255.jpg,banana,rotten,1,2,0.42,banana\Rotten\255.jpg
275.jpg,mango,unripe,2,0,6.54,mango\Unripe\275.jpg
596.jpg,banana,fresh,1,1,3.13,banana\Fresh\596.jpg
231.jpg,apple,rotten,0,2,0.18,apple\Rotten\231.jpg
234.jpg,orange,unripe,3,0,7.52,orange\Unripe\234.jpg
633.jpg,apple,rotten,0,2,0.33,apple\Rotten\633.jpg
414.jpg,apple,rotten,0,2,0.78,apple\Rotten\414.jpg
621.jpg,pineapple,fresh,5,1,3.27,pineapple\Fresh\621.jpg
293.jpg,apple,unripe,0,0,10.49,apple\Unripe\293.jpg
276.jpg,apple,rotten,0,2,0.8,apple\Rotten\276.jpg
571.jpg,orange,unripe,3,0,7.71,orange\Unripe\571.jpg
299.jpg,pineapple,rotten,5,2,0.09,pineapple\Rotten\299.jpg
406.jpg,orange,fresh,3,1,4.76,orange\Fresh\406.jpg
89.jpg,pineapple,unripe,5,0,5.51,pineapple\Unripe\89.jpg
613.jpg,apple,fresh,0,1,4.89,apple\Fresh\613.jpg
605.jpg,apple,unripe,0,0,9.54,apple\Unripe\605.jpg
484.jpg,mango,unripe,2,0,7.03,mango\Unripe\484.jpg
173.jpg,orange,unripe,3,0,7.91,orange\Unripe\173.jpg
264.jpg,banana,unripe,1,0,6.0,banana\Unripe\264.jpg
624.jpg,banana,unripe,1,0,6.29,banana\Unripe\624.jpg
26.jpg,apple,rotten,0,2,0.42,apple\Rotten\26.jpg
310.jpg,orange,fresh,3,1,5.14,orange\Fresh\310.jpg
395.jpg,apple,unripe,0,0,9.58,apple\Unripe\395.jpg
249.jpg,papaya,unripe,4,0,4.72,papaya\Unripe\249.jpg
570.jpg,banana,rotten,1,2,0.1,banana\Rotten\570.jpg
327.jpg,pineapple,unripe,5,0,5.56,pineapple\Unripe\327.jpg
140.jpg,banana,rotten,1,2,-1.6,banana\Rotten\140.jpg
173.jpg,pineapple,unripe,5,0,6.43,pineapple\Unripe\173.jpg
549.jpg,banana,unripe,1,0,6.18,banana\Unripe\549.jpg
105.jpg,banana,rotten,1,2,0.6,banana\Rotten\105.jpg
356.jpg,mango,rotten,2,2,0.79,mango\Rotten\356.jpg
114.jpg,banana,unripe,1,0,6.18,banana\Unripe\114.jpg
4.jpg,banana,unripe,1,0,5.7,banana\Unripe\4.jpg
21.jpg,papaya,unripe,4,0,5.3,papaya\Unripe\21.jpg
4.jpg,pineapple,unripe,5,0,6.17,pineapple\Unripe\4.jpg
23.jpg,papaya,unripe,4,0,4.93,papaya\Unripe\23.jpg
208.jpg,pineapple,fresh,5,1,3.03,pineapple\Fresh\208.jpg
263.jpg,pineapple,fresh,5,1,2.92,pineapple\Fresh\263.jpg
55.jpg,apple,unripe,0,0,9.91,apple\Unripe\55.jpg
124.jpg,pineapple,unripe,5,0,5.79,pineapple\Unripe\124.jpg
251.jpg,apple,unripe,0,0,9.67,apple\Unripe\251.jpg
407.jpg,papaya,unripe,4,0,4.62,papaya\Unripe\407.jpg
574.jpg,papaya,unripe,4,0,5.26,papaya\Unripe\574.jpg
303.jpg,orange,fresh,3,1,4.96,orange\Fresh\303.jpg
6.jpg,mango,rotten,2,2,0.51,mango\Rotten\6.jpg
564.jpg,mango,fresh,2,1,3.08,mango\Fresh\564.jpg
665.jpg,apple,rotten,0,2,0.43,apple\Rotten\665.jpg
85.jpg,orange,unripe,3,0,8.17,orange\Unripe\85.jpg
462.jpg,apple,fresh,0,1,5.05,apple\Fresh\462.jpg
300.jpg,banana,rotten,1,2,0.13,banana\Rotten\300.jpg
438.jpg,orange,unripe,3,0,7.99,orange\Unripe\438.jpg
84.jpg,orange,fresh,3,1,5.26,orange\Fresh\84.jpg
311.jpg,banana,rotten,1,2,-1.37,banana\Rotten\311.jpg
85.jpg,papaya,unripe,4,0,5.18,papaya\Unripe\85.jpg
243.jpg,banana,unripe,1,0,6.17,banana\Unripe\243.jpg
273.jpg,banana,fresh,1,1,3.07,banana\Fresh\273.jpg
378.jpg,mango,unripe,2,0,7.34,mango\Unripe\378.jpg
60.jpg,apple,unripe,0,0,10.36,apple\Unripe\60.jpg
104.jpg,mango,unripe,2,0,7.05,mango\Unripe\104.jpg
319.jpg,papaya,fresh,4,1,2.3,papaya\Fresh\319.jpg
577.jpg,pineapple,unripe,5,0,5.99,pineapple\Unripe\577.jpg
565.jpg,papaya,rotten,4,2,0.19,papaya\Rotten\565.jpg
544.jpg,banana,rotten,1,2,0.45,banana\Rotten\544.jpg
509.jpg,banana,rotten,1,2,0.04,banana\Rotten\509.jpg
604.jpg,banana,unripe,1,0,5.95,banana\Unripe\604.jpg
451.jpg,apple,fresh,0,1,5.18,apple\Fresh\451.jpg
145.jpg,mango,fresh,2,1,2.85,mango\Fresh\145.jpg
336.jpg,pineapple,rotten,5,2,0.05,pineapple\Rotten\336.jpg
353.jpg,mango,unripe,2,0,7.09,mango\Unripe\353.jpg
178.jpg,banana,unripe,1,0,5.83,banana\Unripe\178.jpg
67.jpg,pineapple,rotten,5,2,0.09,pineapple\Rotten\67.jpg
152.jpg,mango,rotten,2,2,0.21,mango\Rotten\152.jpg
102.jpg,papaya,rotten,4,2,0.74,papaya\Rotten\102.jpg
504.jpg,pineapple,rotten,5,2,-1.36,pineapple\Rotten\504.jpg
388.jpg,apple,fresh,0,1,4.87,apple\Fresh\388.jpg
215.jpg,orange,unripe,3,0,7.85,orange\Unripe\215.jpg
150.jpg,orange,rotten,3,2,0.24,orange\Rotten\150.jpg
595.jpg,papaya,unripe,4,0,4.87,papaya\Unripe\595.jpg
43.jpg,orange,rotten,3,2,0.06,orange\Rotten\43.jpg
159.jpg,orange,fresh,3,1,5.11,orange\Fresh\159.jpg
250.jpg,papaya,rotten,4,2,0.58,papaya\Rotten\250.jpg
524.jpg,mango,rotten,2,2,0.47,mango\Rotten\524.jpg
221.jpg,apple,rotten,0,2,0.3,apple\Rotten\221.jpg
139.jpg,banana,fresh,1,1,2.83,banana\Fresh\139.jpg
535.jpg,apple,unripe,0,0,9.64,apple\Unripe\535.jpg
303.jpg,apple,rotten,0,2,0.69,apple\Rotten\303.jpg
14.jpg,apple,fresh,0,1,4.79,apple\Fresh\14.jpg
664.jpg,papaya,fresh,4,1,2.07,papaya\Fresh\664.jpg
297.jpg,mango,unripe,2,0,6.67,mango\Unripe\297.jpg
293.jpg,pineapple,fresh,5,1,3.12,pineapple\Fresh\293.jpg
169.jpg,papaya,unripe,4,0,5.45,papaya\Unripe\169.jpg
168.jpg,orange,fresh,3,1,5.19,orange\Fresh\168.jpg
65.jpg,pineapple,fresh,5,1,2.79,pineapple\Fresh\65.jpg
411.jpg,pineapple,unripe,5,0,6.13,pineapple\Unripe\411.jpg
446.jpg,banana,unripe,1,0,6.29,banana\Unripe\446.jpg
66.jpg,pineapple,unripe,5,0,5.99,pineapple\Unripe\66.jpg
600.jpg,apple,rotten,0,2,0.51,apple\Rotten\600.jpg
276.jpg,banana,fresh,1,1,2.85,banana\Fresh\276.jpg
627.jpg,orange,unripe,3,0,7.98,orange\Unripe\627.jpg
620.jpg,pineapple,unripe,5,0,5.77,pineapple\Unripe\620.jpg
466.jpg,apple,unripe,0,0,9.99,apple\Unripe\466.jpg
122.jpg,pineapple,unripe,5,0,5.51,pineapple\Unripe\122.jpg
599.jpg,banana,rotten,1,2,-1.61,banana\Rotten\599.jpg
512.jpg,papaya,rotten,4,2,0.6,papaya\Rotten\512.jpg
9.jpg,mango,unripe,2,0,7.08,mango\Unripe\9.jpg
61.jpg,mango,rotten,2,2,0.43,mango\Rotten\61.jpg
510.jpg,banana,fresh,1,1,2.71,banana\Fresh\510.jpg
18.jpg,apple,fresh,0,1,4.93,apple\Fresh\18.jpg
139.jpg,orange,rotten,3,2,0.76,orange\Rotten\139.jpg
83.jpg,mango,rotten,2,2,0.01,mango\Rotten\83.jpg
76.jpg,banana,unripe,1,0,5.92,banana\Unripe\76.jpg
460.jpg,banana,fresh,1,1,2.91,banana\Fresh\460.jpg
200.jpg,orange,fresh,3,1,5.09,orange\Fresh\200.jpg
74.jpg,apple,fresh,0,1,4.88,apple\Fresh\74.jpg
344.jpg,apple,rotten,0,2,0.31,apple\Rotten\344.jpg
111.jpg,mango,unripe,2,0,7.12,mango\Unripe\111.jpg
110.jpg,mango,unripe,2,0,7.29,mango\Unripe\110.jpg
260.jpg,papaya,fresh,4,1,1.88,papaya\Fresh\260.jpg
489.jpg,banana,fresh,1,1,2.99,banana\Fresh\489.jpg
397.jpg,pineapple,rotten,5,2,0.21,pineapple\Rotten\397.jpg
104.jpg,banana,unripe,1,0,5.79,banana\Unripe\104.jpg
50.jpg,papaya,unripe,4,0,5.16,papaya\Unripe\50.jpg
572.jpg,apple,rotten,0,2,-1.48,apple\Rotten\572.jpg
79.jpg,banana,unripe,1,0,6.1,banana\Unripe\79.jpg
170.jpg,pineapple,rotten,5,2,0.53,pineapple\Rotten\170.jpg
391.jpg,orange,rotten,3,2,-2.27,orange\Rotten\391.jpg
76.jpg,banana,rotten,1,2,-1.67,banana\Rotten\76.jpg
10.jpg,pineapple,fresh,5,1,2.71,pineapple\Fresh\10.jpg
97.jpg,apple,rotten,0,2,0.73,apple\Rotten\97.jpg
424.jpg,pineapple,unripe,5,0,6.47,pineapple\Unripe\424.jpg
41.jpg,orange,unripe,3,0,7.62,orange\Unripe\41.jpg
174.jpg,papaya,rotten,4,2,-2.47,papaya\Rotten\174.jpg
317.jpg,pineapple,unripe,5,0,6.18,pineapple\Unripe\317.jpg
110.jpg,banana,rotten,1,2,0.28,banana\Rotten\110.jpg
135.jpg,papaya,rotten,4,2,0.77,papaya\Rotten\135.jpg
317.jpg,papaya,rotten,4,2,0.73,papaya\Rotten\317.jpg
454.jpg,pineapple,unripe,5,0,5.86,pineapple\Unripe\454.jpg
620.jpg,mango,unripe,2,0,7.1,mango\Unripe\620.jpg
472.jpg,papaya,rotten,4,2,0.53,papaya\Rotten\472.jpg
174.jpg,mango,rotten,2,2,0.73,mango\Rotten\174.jpg
350.jpg,pineapple,rotten,5,2,0.77,pineapple\Rotten\350.jpg
199.jpg,pineapple,rotten,5,2,0.57,pineapple\Rotten\199.jpg
85.jpg,apple,rotten,0,2,-2.33,apple\Rotten\85.jpg
42.jpg,orange,rotten,3,2,0.4,orange\Rotten\42.jpg
337.jpg,banana,rotten,1,2,0.29,banana\Rotten\337.jpg
108.jpg,pineapple,rotten,5,2,0.24,pineapple\Rotten\108.jpg
464.jpg,orange,fresh,3,1,4.73,orange\Fresh\464.jpg
646.jpg,apple,rotten,0,2,-2.36,apple\Rotten\646.jpg
216.jpg,pineapple,unripe,5,0,5.99,pineapple\Unripe\216.jpg
47.jpg,banana,fresh,1,1,2.83,banana\Fresh\47.jpg
578.jpg,mango,rotten,2,2,0.69,mango\Rotten\578.jpg
141.jpg,apple,fresh,0,1,4.88,apple\Fresh\141.jpg
552.jpg,banana,rotten,1,2,0.5,banana\Rotten\552.jpg
145.jpg,papaya,rotten,4,2,0.14,papaya\Rotten\145.jpg
291.jpg,mango,rotten,2,2,0.34,mango\Rotten\291.jpg
153.jpg,pineapple,unripe,5,0,5.59,pineapple\Unripe\153.jpg
562.jpg,apple,unripe,0,0,10.32,apple\Unripe\562.jpg
239.jpg,mango,fresh,2,1,3.27,mango\Fresh\239.jpg
272.jpg,pineapple,fresh,5,1,2.74,pineapple\Fresh\272.jpg
459.jpg,mango,unripe,2,0,7.25,mango\Unripe\459.jpg
595.jpg,mango,unripe,2,0,6.65,mango\Unripe\595.jpg
70.jpg,apple,unripe,0,0,9.78,apple\Unripe\70.jpg
607.jpg,apple,rotten,0,2,-1.24,apple\Rotten\607.jpg
537.jpg,orange,unripe,3,0,7.79,orange\Unripe\537.jpg
646.jpg,apple,unripe,0,0,10.31,apple\Unripe\646.jpg
145.jpg,papaya,fresh,4,1,2.2,papaya\Fresh\145.jpg
524.jpg,apple,fresh,0,1,4.96,apple\Fresh\524.jpg
550.jpg,banana,unripe,1,0,6.13,banana\Unripe\550.jpg
410.jpg,banana,fresh,1,1,3.12,banana\Fresh\410.jpg
181.jpg,orange,unripe,3,0,7.77,orange\Unripe\181.jpg
418.jpg,mango,unripe,2,0,6.88,mango\Unripe\418.jpg
109.jpg,orange,unripe,3,0,8.46,orange\Unripe\109.jpg
157.jpg,papaya,fresh,4,1,2.15,papaya\Fresh\157.jpg
232.jpg,orange,unripe,3,0,7.51,orange\Unripe\232.jpg
421.jpg,banana,rotten,1,2,-1.99,banana\Rotten\421.jpg
297.jpg,apple,fresh,0,1,5.27,apple\Fresh\297.jpg
3.jpg,apple,unripe,0,0,10.05,apple\Unripe\3.jpg
48.jpg,pineapple,unripe,5,0,5.58,pineapple\Unripe\48.jpg
200.jpg,mango,unripe,2,0,6.94,mango\Unripe\200.jpg
265.jpg,pineapple,fresh,5,1,2.92,pineapple\Fresh\265.jpg
445.jpg,apple,unripe,0,0,9.97,apple\Unripe\445.jpg
19.jpg,orange,rotten,3,2,0.72,orange\Rotten\19.jpg
298.jpg,banana,unripe,1,0,6.02,banana\Unripe\298.jpg
285.jpg,papaya,unripe,4,0,4.88,papaya\Unripe\285.jpg
601.jpg,mango,rotten,2,2,0.16,mango\Rotten\601.jpg
300.jpg,mango,fresh,2,1,2.94,mango\Fresh\300.jpg
560.jpg,pineapple,unripe,5,0,5.89,pineapple\Unripe\560.jpg
14.jpg,orange,fresh,3,1,5.13,orange\Fresh\14.jpg
495.jpg,apple,fresh,0,1,4.89,apple\Fresh\495.jpg
233.jpg,banana,fresh,1,1,2.96,banana\Fresh\233.jpg
111.jpg,apple,unripe,0,0,10.38,apple\Unripe\111.jpg
575.jpg,mango,fresh,2,1,2.83,mango\Fresh\575.jpg
386.jpg,banana,rotten,1,2,-1.58,banana\Rotten\386.jpg
302.jpg,orange,rotten,3,2,0.58,orange\Rotten\302.jpg
275.jpg,orange,unripe,3,0,7.88,orange\Unripe\275.jpg
486.jpg,mango,rotten,2,2,0.3,mango\Rotten\486.jpg
613.jpg,apple,rotten,0,2,0.75,apple\Rotten\613.jpg
647.jpg,apple,rotten,0,2,-1.48,apple\Rotten\647.jpg
168.jpg,apple,fresh,0,1,4.98,apple\Fresh\168.jpg
497.jpg,pineapple,rotten,5,2,-2.19,pineapple\Rotten\497.jpg
394.jpg,banana,unripe,1,0,6.42,banana\Unripe\394.jpg
89.jpg,mango,rotten,2,2,0.1,mango\Rotten\89.jpg
169.jpg,apple,unripe,0,0,9.56,apple\Unripe\169.jpg
487.jpg,pineapple,unripe,5,0,6.39,pineapple\Unripe\487.jpg
502.jpg,mango,rotten,2,2,0.72,mango\Rotten\502.jpg
43.jpg,apple,unripe,0,0,10.15,apple\Unripe\43.jpg
360.jpg,apple,unripe,0,0,9.53,apple\Unripe\360.jpg
104.jpg,papaya,fresh,4,1,1.81,papaya\Fresh\104.jpg
308.jpg,papaya,fresh,4,1,2.13,papaya\Fresh\308.jpg
512.jpg,papaya,fresh,4,1,2.21,papaya\Fresh\512.jpg
110.jpg,apple,fresh,0,1,5.13,apple\Fresh\110.jpg
461.jpg,pineapple,fresh,5,1,2.95,pineapple\Fresh\461.jpg
546.jpg,papaya,fresh,4,1,1.81,papaya\Fresh\546.jpg
681.jpg,orange,rotten,3,2,0.1,orange\Rotten\681.jpg
531.jpg,orange,unripe,3,0,7.92,orange\Unripe\531.jpg
435.jpg,pineapple,unripe,5,0,5.85,pineapple\Unripe\435.jpg
434.jpg,banana,rotten,1,2,0.38,banana\Rotten\434.jpg
361.jpg,mango,rotten,2,2,0.63,mango\Rotten\361.jpg
592.jpg,mango,unripe,2,0,6.74,mango\Unripe\592.jpg
77.jpg,apple,fresh,0,1,5.23,apple\Fresh\77.jpg
32.jpg,apple,rotten,0,2,0.56,apple\Rotten\32.jpg
390.jpg,mango,rotten,2,2,0.05,mango\Rotten\390.jpg
319.jpg,apple,fresh,0,1,5.3,apple\Fresh\319.jpg
101.jpg,orange,fresh,3,1,4.97,orange\Fresh\101.jpg
584.jpg,orange,fresh,3,1,5.08,orange\Fresh\584.jpg
256.jpg,mango,unripe,2,0,6.99,mango\Unripe\256.jpg
379.jpg,banana,fresh,1,1,2.81,banana\Fresh\379.jpg
31.jpg,orange,rotten,3,2,0.17,orange\Rotten\31.jpg
210.jpg,banana,rotten,1,2,-1.4,banana\Rotten\210.jpg
287.jpg,pineapple,rotten,5,2,0.58,pineapple\Rotten\287.jpg
230.jpg,papaya,rotten,4,2,-1.08,papaya\Rotten\230.jpg
352.jpg,papaya,rotten,4,2,0.3,papaya\Rotten\352.jpg
572.jpg,banana,rotten,1,2,0.72,banana\Rotten\572.jpg
563.jpg,banana,unripe,1,0,6.42,banana\Unripe\563.jpg
329.jpg,orange,rotten,3,2,-1.52,orange\Rotten\329.jpg
35.jpg,orange,fresh,3,1,4.83,orange\Fresh\35.jpg
177.jpg,mango,fresh,2,1,3.04,mango\Fresh\177.jpg
403.jpg,apple,unripe,0,0,10.49,apple\Unripe\403.jpg
33.jpg,pineapple,rotten,5,2,-1.35,pineapple\Rotten\33.jpg
499.jpg,papaya,rotten,4,2,-1.42,papaya\Rotten\499.jpg
598.jpg,papaya,fresh,4,1,2.13,papaya\Fresh\598.jpg
243.jpg,orange,unripe,3,0,7.72,orange\Unripe\243.jpg
602.jpg,mango,fresh,2,1,2.98,mango\Fresh\602.jpg
75.jpg,pineapple,fresh,5,1,3.08,pineapple\Fresh\75.jpg
250.jpg,pineapple,unripe,5,0,5.63,pineapple\Unripe\250.jpg
45.jpg,pineapple,unripe,5,0,5.69,pineapple\Unripe\45.jpg
545.jpg,banana,fresh,1,1,3.19,banana\Fresh\545.jpg
263.jpg,apple,rotten,0,2,-2.06,apple\Rotten\263.jpg
328.jpg,banana,fresh,1,1,3.02,banana\Fresh\328.jpg
565.jpg,banana,fresh,1,1,2.78,banana\Fresh\565.jpg
511.jpg,banana,unripe,1,0,5.85,banana\Unripe\511.jpg
61.jpg,mango,unripe,2,0,6.67,mango\Unripe\61.jpg
212.jpg,pineapple,unripe,5,0,6.09,pineapple\Unripe\212.jpg
125.jpg,banana,unripe,1,0,6.23,banana\Unripe\125.jpg
14.jpg,mango,fresh,2,1,3.12,mango\Fresh\14.jpg
410.jpg,banana,unripe,1,0,5.79,banana\Unripe\410.jpg
249.jpg,pineapple,unripe,5,0,6.28,pineapple\Unripe\249.jpg
189.jpg,apple,fresh,0,1,5.17,apple\Fresh\189.jpg
528.jpg,banana,rotten,1,2,0.57,banana\Rotten\528.jpg
382.jpg,mango,rotten,2,2,0.02,mango\Rotten\382.jpg
210.jpg,apple,unripe,0,0,9.62,apple\Unripe\210.jpg
659.jpg,pineapple,unripe,5,0,6.16,pineapple\Unripe\659.jpg
516.jpg,banana,rotten,1,2,0.72,banana\Rotten\516.jpg
460.jpg,banana,unripe,1,0,5.58,banana\Unripe\460.jpg
594.jpg,apple,unripe,0,0,9.97,apple\Unripe\594.jpg
152.jpg,papaya,unripe,4,0,5.04,papaya\Unripe\152.jpg
521.jpg,papaya,rotten,4,2,0.55,papaya\Rotten\521.jpg
430.jpg,papaya,unripe,4,0,5.17,papaya\Unripe\430.jpg
451.jpg,papaya,rotten,4,2,0.6,papaya\Rotten\451.jpg
190.jpg,banana,unripe,1,0,5.72,banana\Unripe\190.jpg
455.jpg,orange,rotten,3,2,0.39,orange\Rotten\455.jpg
546.jpg,papaya,unripe,4,0,5.13,papaya\Unripe\546.jpg
386.jpg,papaya,fresh,4,1,1.79,papaya\Fresh\386.jpg
581.jpg,banana,unripe,1,0,6.0,banana\Unripe\581.jpg
138.jpg,apple,unripe,0,0,9.62,apple\Unripe\138.jpg
175.jpg,papaya,rotten,4,2,0.26,papaya\Rotten\175.jpg
278.jpg,pineapple,rotten,5,2,0.37,pineapple\Rotten\278.jpg
157.jpg,mango,unripe,2,0,6.64,mango\Unripe\157.jpg
45.jpg,mango,rotten,2,2,-1.18,mango\Rotten\45.jpg
487.jpg,apple,rotten,0,2,0.6,apple\Rotten\487.jpg
196.jpg,apple,fresh,0,1,4.96,apple\Fresh\196.jpg
209.jpg,papaya,fresh,4,1,2.14,papaya\Fresh\209.jpg
338.jpg,pineapple,fresh,5,1,3.06,pineapple\Fresh\338.jpg
250.jpg,apple,rotten,0,2,0.53,apple\Rotten\250.jpg
642.jpg,orange,unripe,3,0,7.64,orange\Unripe\642.jpg
673.jpg,mango,fresh,2,1,2.97,mango\Fresh\673.jpg
344.jpg,apple,unripe,0,0,9.66,apple\Unripe\344.jpg
616.jpg,orange,rotten,3,2,-1.89,orange\Rotten\616.jpg
561.jpg,orange,fresh,3,1,4.92,orange\Fresh\561.jpg
603.jpg,apple,fresh,0,1,5.08,apple\Fresh\603.jpg
154.jpg,papaya,fresh,4,1,2.18,papaya\Fresh\154.jpg
75.jpg,papaya,unripe,4,0,4.69,papaya\Unripe\75.jpg
399.jpg,banana,fresh,1,1,3.08,banana\Fresh\399.jpg
76.jpg,papaya,unripe,4,0,4.97,papaya\Unripe\76.jpg
102.jpg,papaya,fresh,4,1,1.7,papaya\Fresh\102.jpg
495.jpg,orange,unripe,3,0,8.48,orange\Unripe\495.jpg
486.jpg,apple,rotten,0,2,0.38,apple\Rotten\486.jpg
312.jpg,mango,fresh,2,1,2.93,mango\Fresh\312.jpg
319.jpg,banana,rotten,1,2,0.64,banana\Rotten\319.jpg
224.jpg,pineapple,rotten,5,2,0.36,pineapple\Rotten\224.jpg
379.jpg,mango,rotten,2,2,0.17,mango\Rotten\379.jpg
642.jpg,papaya,rotten,4,2,0.24,papaya\Rotten\642.jpg
219.jpg,pineapple,fresh,5,1,2.76,pineapple\Fresh\219.jpg
541.jpg,papaya,rotten,4,2,0.19,papaya\Rotten\541.jpg
573.jpg,orange,fresh,3,1,4.77,orange\Fresh\573.jpg
166.jpg,banana,unripe,1,0,5.58,banana\Unripe\166.jpg
400.jpg,pineapple,fresh,5,1,2.7,pineapple\Fresh\400.jpg
472.jpg,banana,fresh,1,1,2.72,banana\Fresh\472.jpg
128.jpg,apple,rotten,0,2,0.62,apple\Rotten\128.jpg
284.jpg,orange,fresh,3,1,5.11,orange\Fresh\284.jpg
35.jpg,orange,rotten,3,2,-1.49,orange\Rotten\35.jpg
15.jpg,papaya,rotten,4,2,0.45,papaya\Rotten\15.jpg
357.jpg,orange,fresh,3,1,5.28,orange\Fresh\357.jpg
110.jpg,pineapple,fresh,5,1,2.82,pineapple\Fresh\110.jpg
180.jpg,orange,rotten,3,2,0.23,orange\Rotten\180.jpg
290.jpg,papaya,unripe,4,0,4.67,papaya\Unripe\290.jpg
445.jpg,pineapple,rotten,5,2,0.72,pineapple\Rotten\445.jpg
362.jpg,papaya,fresh,4,1,2.09,papaya\Fresh\362.jpg
530.jpg,papaya,fresh,4,1,2.24,papaya\Fresh\530.jpg
383.jpg,orange,rotten,3,2,0.55,orange\Rotten\383.jpg
185.jpg,mango,unripe,2,0,6.75,mango\Unripe\185.jpg
34.jpg,orange,unripe,3,0,8.26,orange\Unripe\34.jpg
364.jpg,orange,fresh,3,1,4.81,orange\Fresh\364.jpg
269.jpg,orange,fresh,3,1,4.84,orange\Fresh\269.jpg
26.jpg,mango,rotten,2,2,0.23,mango\Rotten\26.jpg
493.jpg,apple,fresh,0,1,5.02,apple\Fresh\493.jpg
332.jpg,mango,fresh,2,1,3.14,mango\Fresh\332.jpg
81.jpg,mango,rotten,2,2,0.75,mango\Rotten\81.jpg
597.jpg,orange,rotten,3,2,-1.26,orange\Rotten\597.jpg
298.jpg,orange,fresh,3,1,5.26,orange\Fresh\298.jpg
545.jpg,banana,unripe,1,0,5.93,banana\Unripe\545.jpg
398.jpg,pineapple,unripe,5,0,5.79,pineapple\Unripe\398.jpg
259.jpg,pineapple,unripe,5,0,5.86,pineapple\Unripe\259.jpg
164.jpg,pineapple,unripe,5,0,5.82,pineapple\Unripe\164.jpg
102.jpg,mango,fresh,2,1,2.89,mango\Fresh\102.jpg
5.jpg,apple,rotten,0,2,0.0,apple\Rotten\5.jpg
68.jpg,papaya,rotten,4,2,0.77,papaya\Rotten\68.jpg
504.jpg,apple,rotten,0,2,0.4,apple\Rotten\504.jpg
551.jpg,orange,unripe,3,0,7.63,orange\Unripe\551.jpg
479.jpg,mango,rotten,2,2,0.79,mango\Rotten\479.jpg
329.jpg,orange,fresh,3,1,4.72,orange\Fresh\329.jpg
12.jpg,orange,fresh,3,1,4.84,orange\Fresh\12.jpg
208.jpg,banana,fresh,1,1,3.08,banana\Fresh\208.jpg
680.jpg,pineapple,rotten,5,2,0.68,pineapple\Rotten\680.jpg
306.jpg,papaya,unripe,4,0,4.51,papaya\Unripe\306.jpg
182.jpg,mango,rotten,2,2,0.33,mango\Rotten\182.jpg
575.jpg,pineapple,rotten,5,2,0.78,pineapple\Rotten\575.jpg
621.jpg,orange,unripe,3,0,8.28,orange\Unripe\621.jpg
165.jpg,papaya,fresh,4,1,2.21,papaya\Fresh\165.jpg
621.jpg,apple,fresh,0,1,4.88,apple\Fresh\621.jpg
460.jpg,mango,fresh,2,1,3.29,mango\Fresh\460.jpg
159.jpg,banana,rotten,1,2,0.14,banana\Rotten\159.jpg
275.jpg,papaya,rotten,4,2,0.58,papaya\Rotten\275.jpg
176.jpg,banana,rotten,1,2,0.13,banana\Rotten\176.jpg
588.jpg,banana,rotten,1,2,0.21,banana\Rotten\588.jpg
329.jpg,pineapple,fresh,5,1,2.91,pineapple\Fresh\329.jpg
607.jpg,orange,rotten,3,2,-1.48,orange\Rotten\607.jpg
265.jpg,papaya,fresh,4,1,2.18,papaya\Fresh\265.jpg
256.jpg,apple,rotten,0,2,0.6,apple\Rotten\256.jpg
495.jpg,apple,rotten,0,2,0.27,apple\Rotten\495.jpg
2.jpg,apple,unripe,0,0,9.63,apple\Unripe\2.jpg
498.jpg,orange,fresh,3,1,5.12,orange\Fresh\498.jpg
130.jpg,orange,fresh,3,1,4.84,orange\Fresh\130.jpg
36.jpg,papaya,fresh,4,1,1.87,papaya\Fresh\36.jpg
522.jpg,pineapple,unripe,5,0,5.83,pineapple\Unripe\522.jpg
666.jpg,pineapple,rotten,5,2,-1.62,pineapple\Rotten\666.jpg
375.jpg,pineapple,rotten,5,2,0.5,pineapple\Rotten\375.jpg
48.jpg,mango,fresh,2,1,3.1,mango\Fresh\48.jpg
269.jpg,pineapple,unripe,5,0,5.74,pineapple\Unripe\269.jpg
393.jpg,pineapple,unripe,5,0,5.51,pineapple\Unripe\393.jpg
468.jpg,orange,rotten,3,2,0.42,orange\Rotten\468.jpg
557.jpg,banana,fresh,1,1,3.15,banana\Fresh\557.jpg
391.jpg,pineapple,rotten,5,2,0.36,pineapple\Rotten\391.jpg
306.jpg,mango,unripe,2,0,7.23,mango\Unripe\306.jpg
345.jpg,pineapple,fresh,5,1,3.23,pineapple\Fresh\345.jpg
500.jpg,orange,unripe,3,0,7.97,orange\Unripe\500.jpg
27.jpg,papaya,fresh,4,1,2.29,papaya\Fresh\27.jpg
280.jpg,mango,fresh,2,1,2.97,mango\Fresh\280.jpg
529.jpg,orange,rotten,3,2,0.19,orange\Rotten\529.jpg
491.jpg,mango,rotten,2,2,-1.3,mango\Rotten\491.jpg
101.jpg,banana,fresh,1,1,3.05,banana\Fresh\101.jpg
376.jpg,banana,unripe,1,0,5.61,banana\Unripe\376.jpg
530.jpg,orange,fresh,3,1,4.86,orange\Fresh\530.jpg
408.jpg,papaya,rotten,4,2,0.59,papaya\Rotten\408.jpg
214.jpg,banana,unripe,1,0,5.76,banana\Unripe\214.jpg
258.jpg,pineapple,unripe,5,0,6.14,pineapple\Unripe\258.jpg
90.jpg,orange,unripe,3,0,7.54,orange\Unripe\90.jpg
358.jpg,pineapple,rotten,5,2,0.51,pineapple\Rotten\358.jpg
392.jpg,orange,rotten,3,2,-1.24,orange\Rotten\392.jpg
419.jpg,mango,unripe,2,0,7.21,mango\Unripe\419.jpg
42.jpg,papaya,rotten,4,2,0.67,papaya\Rotten\42.jpg
55.jpg,papaya,fresh,4,1,2.06,papaya\Fresh\55.jpg
187.jpg,apple,unripe,0,0,10.39,apple\Unripe\187.jpg
447.jpg,orange,rotten,3,2,-2.16,orange\Rotten\447.jpg
533.jpg,banana,unripe,1,0,5.59,banana\Unripe\533.jpg
355.jpg,mango,rotten,2,2,0.41,mango\Rotten\355.jpg
498.jpg,mango,rotten,2,2,0.57,mango\Rotten\498.jpg
547.jpg,banana,fresh,1,1,2.92,banana\Fresh\547.jpg
505.jpg,pineapple,fresh,5,1,2.81,pineapple\Fresh\505.jpg
158.jpg,apple,fresh,0,1,5.09,apple\Fresh\158.jpg
649.jpg,banana,unripe,1,0,5.65,banana\Unripe\649.jpg
79.jpg,orange,unripe,3,0,8.36,orange\Unripe\79.jpg
50.jpg,papaya,fresh,4,1,1.89,papaya\Fresh\50.jpg
23.jpg,orange,unripe,3,0,8.49,orange\Unripe\23.jpg
502.jpg,banana,fresh,1,1,2.74,banana\Fresh\502.jpg
495.jpg,banana,fresh,1,1,3.19,banana\Fresh\495.jpg
215.jpg,papaya,rotten,4,2,0.45,papaya\Rotten\215.jpg
234.jpg,orange,fresh,3,1,5.04,orange\Fresh\234.jpg
288.jpg,apple,unripe,0,0,10.47,apple\Unripe\288.jpg
452.jpg,orange,fresh,3,1,5.11,orange\Fresh\452.jpg
536.jpg,orange,rotten,3,2,-1.81,orange\Rotten\536.jpg
198.jpg,orange,unripe,3,0,7.94,orange\Unripe\198.jpg
444.jpg,banana,unripe,1,0,5.83,banana\Unripe\444.jpg
399.jpg,mango,fresh,2,1,2.94,mango\Fresh\399.jpg
267.jpg,papaya,rotten,4,2,-1.82,papaya\Rotten\267.jpg
379.jpg,papaya,fresh,4,1,1.97,papaya\Fresh\379.jpg
65.jpg,papaya,rotten,4,2,0.14,papaya\Rotten\65.jpg
372.jpg,banana,fresh,1,1,2.81,banana\Fresh\372.jpg
204.jpg,banana,fresh,1,1,2.88,banana\Fresh\204.jpg
439.jpg,apple,unripe,0,0,10.3,apple\Unripe\439.jpg
596.jpg,banana,rotten,1,2,0.31,banana\Rotten\596.jpg
492.jpg,apple,unripe,0,0,10.0,apple\Unripe\492.jpg
177.jpg,banana,rotten,1,2,-2.1,banana\Rotten\177.jpg
186.jpg,mango,rotten,2,2,-2.07,mango\Rotten\186.jpg
57.jpg,apple,fresh,0,1,4.93,apple\Fresh\57.jpg
75.jpg,banana,fresh,1,1,3.13,banana\Fresh\75.jpg
128.jpg,banana,fresh,1,1,2.9,banana\Fresh\128.jpg
186.jpg,orange,rotten,3,2,0.04,orange\Rotten\186.jpg
459.jpg,pineapple,unripe,5,0,6.46,pineapple\Unripe\459.jpg
404.jpg,orange,fresh,3,1,4.8,orange\Fresh\404.jpg
548.jpg,orange,unripe,3,0,8.26,orange\Unripe\548.jpg
70.jpg,pineapple,fresh,5,1,2.85,pineapple\Fresh\70.jpg
532.jpg,papaya,rotten,4,2,0.24,papaya\Rotten\532.jpg
428.jpg,pineapple,unripe,5,0,5.5,pineapple\Unripe\428.jpg
500.jpg,banana,fresh,1,1,2.8,banana\Fresh\500.jpg
41.jpg,banana,fresh,1,1,3.12,banana\Fresh\41.jpg
650.jpg,pineapple,fresh,5,1,2.72,pineapple\Fresh\650.jpg
142.jpg,pineapple,rotten,5,2,0.09,pineapple\Rotten\142.jpg
92.jpg,mango,unripe,2,0,6.87,mango\Unripe\92.jpg
6.jpg,pineapple,rotten,5,2,0.34,pineapple\Rotten\6.jpg
240.jpg,orange,rotten,3,2,0.56,orange\Rotten\240.jpg
588.jpg,papaya,fresh,4,1,1.96,papaya\Fresh\588.jpg
278.jpg,orange,rotten,3,2,0.61,orange\Rotten\278.jpg
275.jpg,mango,rotten,2,2,0.09,mango\Rotten\275.jpg
229.jpg,apple,unripe,0,0,10.21,apple\Unripe\229.jpg
411.jpg,mango,rotten,2,2,0.33,mango\Rotten\411.jpg
498.jpg,banana,fresh,1,1,2.9,banana\Fresh\498.jpg
589.jpg,apple,unripe,0,0,9.93,apple\Unripe\589.jpg
684.jpg,orange,rotten,3,2,0.11,orange\Rotten\684.jpg
451.jpg,mango,fresh,2,1,3.17,mango\Fresh\451.jpg
148.jpg,banana,unripe,1,0,5.59,banana\Unripe\148.jpg
303.jpg,papaya,rotten,4,2,0.55,papaya\Rotten\303.jpg
200.jpg,banana,rotten,1,2,0.0,banana\Rotten\200.jpg
260.jpg,banana,unripe,1,0,5.98,banana\Unripe\260.jpg
647.jpg,pineapple,unripe,5,0,5.88,pineapple\Unripe\647.jpg
73.jpg,pineapple,unripe,5,0,6.3,pineapple\Unripe\73.jpg
237.jpg,apple,fresh,0,1,4.76,apple\Fresh\237.jpg
85.jpg,apple,unripe,0,0,10.28,apple\Unripe\85.jpg
386.jpg,mango,unripe,2,0,6.53,mango\Unripe\386.jpg
230.jpg,papaya,fresh,4,1,2.04,papaya\Fresh\230.jpg
108.jpg,papaya,unripe,4,0,5.03,papaya\Unripe\108.jpg
95.jpg,banana,unripe,1,0,6.4,banana\Unripe\95.jpg
567.jpg,apple,fresh,0,1,5.27,apple\Fresh\567.jpg
333.jpg,papaya,fresh,4,1,1.78,papaya\Fresh\333.jpg
51.jpg,papaya,fresh,4,1,1.72,papaya\Fresh\51.jpg
123.jpg,pineapple,fresh,5,1,2.84,pineapple\Fresh\123.jpg
573.jpg,mango,rotten,2,2,0.54,mango\Rotten\573.jpg
152.jpg,pineapple,unripe,5,0,6.31,pineapple\Unripe\152.jpg
109.jpg,mango,rotten,2,2,0.67,mango\Rotten\109.jpg
211.jpg,orange,unripe,3,0,8.22,orange\Unripe\211.jpg
278.jpg,pineapple,unripe,5,0,6.26,pineapple\Unripe\278.jpg
113.jpg,mango,unripe,2,0,6.93,mango\Unripe\113.jpg
455.jpg,apple,rotten,0,2,-2.22,apple\Rotten\455.jpg
335.jpg,banana,fresh,1,1,2.71,banana\Fresh\335.jpg
233.jpg,pineapple,rotten,5,2,-1.22,pineapple\Rotten\233.jpg
365.jpg,mango,rotten,2,2,0.53,mango\Rotten\365.jpg
490.jpg,mango,fresh,2,1,2.85,mango\Fresh\490.jpg
378.jpg,mango,rotten,2,2,-1.4,mango\Rotten\378.jpg
70.jpg,apple,rotten,0,2,-1.72,apple\Rotten\70.jpg
118.jpg,apple,unripe,0,0,10.34,apple\Unripe\118.jpg
148.jpg,pineapple,unripe,5,0,6.18,pineapple\Unripe\148.jpg
614.jpg,apple,rotten,0,2,0.29,apple\Rotten\614.jpg
32.jpg,orange,unripe,3,0,7.96,orange\Unripe\32.jpg
84.jpg,pineapple,rotten,5,2,0.01,pineapple\Rotten\84.jpg
563.jpg,papaya,fresh,4,1,1.76,papaya\Fresh\563.jpg
346.jpg,apple,unripe,0,0,9.59,apple\Unripe\346.jpg
8.jpg,apple,rotten,0,2,0.08,apple\Rotten\8.jpg
101.jpg,apple,rotten,0,2,0.41,apple\Rotten\101.jpg
101.jpg,banana,rotten,1,2,0.16,banana\Rotten\101.jpg
282.jpg,banana,rotten,1,2,-1.0,banana\Rotten\282.jpg
160.jpg,apple,rotten,0,2,0.21,apple\Rotten\160.jpg
0.jpg,banana,unripe,1,0,5.54,banana\Unripe\0.jpg
443.jpg,banana,fresh,1,1,3.25,banana\Fresh\443.jpg
453.jpg,banana,unripe,1,0,6.36,banana\Unripe\453.jpg
389.jpg,banana,unripe,1,0,5.54,banana\Unripe\389.jpg
104.jpg,pineapple,rotten,5,2,0.37,pineapple\Rotten\104.jpg
93.jpg,banana,fresh,1,1,2.86,banana\Fresh\93.jpg
537.jpg,mango,rotten,2,2,0.37,mango\Rotten\537.jpg
429.jpg,pineapple,unripe,5,0,6.36,pineapple\Unripe\429.jpg
314.jpg,mango,fresh,2,1,2.9,mango\Fresh\314.jpg
139.jpg,orange,unripe,3,0,8.23,orange\Unripe\139.jpg
92.jpg,banana,fresh,1,1,3.18,banana\Fresh\92.jpg
490.jpg,pineapple,fresh,5,1,3.12,pineapple\Fresh\490.jpg
579.jpg,mango,rotten,2,2,-1.11,mango\Rotten\579.jpg
654.jpg,mango,rotten,2,2,0.57,mango\Rotten\654.jpg
629.jpg,mango,unripe,2,0,6.68,mango\Unripe\629.jpg
470.jpg,papaya,unripe,4,0,5.0,papaya\Unripe\470.jpg
25.jpg,mango,rotten,2,2,0.29,mango\Rotten\25.jpg
347.jpg,mango,fresh,2,1,3.19,mango\Fresh\347.jpg
557.jpg,pineapple,rotten,5,2,0.42,pineapple\Rotten\557.jpg
216.jpg,banana,rotten,1,2,0.37,banana\Rotten\216.jpg
116.jpg,orange,rotten,3,2,-1.01,orange\Rotten\116.jpg
554.jpg,pineapple,fresh,5,1,3.24,pineapple\Fresh\554.jpg
487.jpg,banana,unripe,1,0,5.63,banana\Unripe\487.jpg
616.jpg,pineapple,unripe,5,0,6.02,pineapple\Unripe\616.jpg
208.jpg,mango,rotten,2,2,0.32,mango\Rotten\208.jpg
310.jpg,pineapple,rotten,5,2,0.6,pineapple\Rotten\310.jpg
308.jpg,pineapple,fresh,5,1,3.09,pineapple\Fresh\308.jpg
414.jpg,pineapple,unripe,5,0,5.57,pineapple\Unripe\414.jpg
117.jpg,pineapple,rotten,5,2,-2.08,pineapple\Rotten\117.jpg
511.jpg,pineapple,fresh,5,1,2.73,pineapple\Fresh\511.jpg
449.jpg,mango,unripe,2,0,7.18,mango\Unripe\449.jpg
671.jpg,orange,rotten,3,2,0.73,orange\Rotten\671.jpg
474.jpg,apple,rotten,0,2,0.06,apple\Rotten\474.jpg
28.jpg,banana,unripe,1,0,6.33,banana\Unripe\28.jpg
377.jpg,papaya,rotten,4,2,0.39,papaya\Rotten\377.jpg
105.jpg,banana,unripe,1,0,5.77,banana\Unripe\105.jpg
507.jpg,apple,rotten,0,2,0.52,apple\Rotten\507.jpg
629.jpg,apple,unripe,0,0,9.68,apple\Unripe\629.jpg
12.jpg,pineapple,unripe,5,0,5.82,pineapple\Unripe\12.jpg
369.jpg,orange,rotten,3,2,-1.06,orange\Rotten\369.jpg
38.jpg,pineapple,unripe,5,0,5.55,pineapple\Unripe\38.jpg
119.jpg,pineapple,rotten,5,2,-2.45,pineapple\Rotten\119.jpg
139.jpg,papaya,unripe,4,0,4.89,papaya\Unripe\139.jpg
156.jpg,pineapple,unripe,5,0,6.21,pineapple\Unripe\156.jpg
650.jpg,orange,rotten,3,2,-2.0,orange\Rotten\650.jpg
412.jpg,papaya,unripe,4,0,4.72,papaya\Unripe\412.jpg
358.jpg,mango,rotten,2,2,-1.08,mango\Rotten\358.jpg
380.jpg,pineapple,fresh,5,1,3.21,pineapple\Fresh\380.jpg
299.jpg,mango,unripe,2,0,7.42,mango\Unripe\299.jpg
118.jpg,mango,unripe,2,0,7.22,mango\Unripe\118.jpg
407.jpg,orange,fresh,3,1,5.26,orange\Fresh\407.jpg
375.jpg,orange,unripe,3,0,7.6,orange\Unripe\375.jpg
424.jpg,apple,rotten,0,2,0.17,apple\Rotten\424.jpg
107.jpg,banana,rotten,1,2,-2.36,banana\Rotten\107.jpg
1.jpg,papaya,unripe,4,0,5.25,papaya\Unripe\1.jpg
39.jpg,apple,rotten,0,2,0.1,apple\Rotten\39.jpg
551.jpg,mango,fresh,2,1,2.71,mango\Fresh\551.jpg
237.jpg,orange,fresh,3,1,4.79,orange\Fresh\237.jpg
485.jpg,apple,rotten,0,2,0.63,apple\Rotten\485.jpg
474.jpg,papaya,rotten,4,2,0.56,papaya\Rotten\474.jpg
629.jpg,banana,rotten,1,2,0.57,banana\Rotten\629.jpg
442.jpg,apple,unripe,0,0,9.88,apple\Unripe\442.jpg
409.jpg,papaya,fresh,4,1,1.98,papaya\Fresh\409.jpg
510.jpg,mango,rotten,2,2,0.23,mango\Rotten\510.jpg
544.jpg,papaya,unripe,4,0,5.27,papaya\Unripe\544.jpg
249.jpg,papaya,fresh,4,1,2.19,papaya\Fresh\249.jpg
656.jpg,apple,rotten,0,2,0.32,apple\Rotten\656.jpg
438.jpg,pineapple,unripe,5,0,6.15,pineapple\Unripe\438.jpg
376.jpg,mango,rotten,2,2,0.72,mango\Rotten\376.jpg
571.jpg,orange,rotten,3,2,0.24,orange\Rotten\571.jpg
666.jpg,papaya,fresh,4,1,2.14,papaya\Fresh\666.jpg
78.jpg,apple,unripe,0,0,10.48,apple\Unripe\78.jpg
202.jpg,pineapple,unripe,5,0,6.42,pineapple\Unripe\202.jpg
33.jpg,orange,unripe,3,0,7.84,orange\Unripe\33.jpg
310.jpg,apple,fresh,0,1,4.82,apple\Fresh\310.jpg
586.jpg,apple,fresh,0,1,4.75,apple\Fresh\586.jpg
316.jpg,mango,unripe,2,0,7.35,mango\Unripe\316.jpg
446.jpg,pineapple,rotten,5,2,0.69,pineapple\Rotten\446.jpg
204.jpg,mango,unripe,2,0,7.42,mango\Unripe\204.jpg
377.jpg,banana,fresh,1,1,2.98,banana\Fresh\377.jpg
120.jpg,orange,unripe,3,0,7.85,orange\Unripe\120.jpg
22.jpg,pineapple,fresh,5,1,3.16,pineapple\Fresh\22.jpg
506.jpg,banana,rotten,1,2,0.33,banana\Rotten\506.jpg
47.jpg,orange,unripe,3,0,8.15,orange\Unripe\47.jpg
499.jpg,pineapple,rotten,5,2,0.75,pineapple\Rotten\499.jpg
6.jpg,mango,fresh,2,1,2.88,mango\Fresh\6.jpg
268.jpg,orange,rotten,3,2,0.52,orange\Rotten\268.jpg
353.jpg,mango,rotten,2,2,-1.76,mango\Rotten\353.jpg
440.jpg,papaya,unripe,4,0,4.67,papaya\Unripe\440.jpg
318.jpg,papaya,unripe,4,0,4.59,papaya\Unripe\318.jpg
619.jpg,mango,unripe,2,0,6.87,mango\Unripe\619.jpg
0.jpg,orange,unripe,3,0,7.69,orange\Unripe\0.jpg
313.jpg,banana,unripe,1,0,5.91,banana\Unripe\313.jpg
10.jpg,papaya,unripe,4,0,4.99,papaya\Unripe\10.jpg
531.jpg,papaya,unripe,4,0,5.37,papaya\Unripe\531.jpg
26.jpg,orange,unripe,3,0,7.68,orange\Unripe\26.jpg
587.jpg,apple,unripe,0,0,9.58,apple\Unripe\587.jpg
66.jpg,banana,fresh,1,1,2.76,banana\Fresh\66.jpg
227.jpg,pineapple,unripe,5,0,6.26,pineapple\Unripe\227.jpg
145.jpg,pineapple,rotten,5,2,0.66,pineapple\Rotten\145.jpg
598.jpg,pineapple,fresh,5,1,2.75,pineapple\Fresh\598.jpg
322.jpg,mango,unripe,2,0,6.5,mango\Unripe\322.jpg
43.jpg,banana,unripe,1,0,6.34,banana\Unripe\43.jpg
306.jpg,apple,rotten,0,2,0.61,apple\Rotten\306.jpg
525.jpg,mango,rotten,2,2,0.06,mango\Rotten\525.jpg
523.jpg,papaya,rotten,4,2,0.42,papaya\Rotten\523.jpg
103.jpg,orange,rotten,3,2,0.29,orange\Rotten\103.jpg
319.jpg,papaya,unripe,4,0,5.14,papaya\Unripe\319.jpg
520.jpg,banana,rotten,1,2,-1.35,banana\Rotten\520.jpg
618.jpg,pineapple,fresh,5,1,2.82,pineapple\Fresh\618.jpg
35.jpg,banana,fresh,1,1,2.82,banana\Fresh\35.jpg
340.jpg,orange,fresh,3,1,5.29,orange\Fresh\340.jpg
42.jpg,papaya,unripe,4,0,5.28,papaya\Unripe\42.jpg
519.jpg,pineapple,fresh,5,1,3.02,pineapple\Fresh\519.jpg
410.jpg,mango,rotten,2,2,0.79,mango\Rotten\410.jpg
120.jpg,apple,unripe,0,0,10.02,apple\Unripe\120.jpg
228.jpg,papaya,rotten,4,2,0.56,papaya\Rotten\228.jpg
403.jpg,apple,fresh,0,1,5.22,apple\Fresh\403.jpg
314.jpg,pineapple,rotten,5,2,0.15,pineapple\Rotten\314.jpg
559.jpg,orange,fresh,3,1,4.99,orange\Fresh\559.jpg
86.jpg,apple,unripe,0,0,10.14,apple\Unripe\86.jpg
547.jpg,pineapple,unripe,5,0,6.28,pineapple\Unripe\547.jpg
173.jpg,orange,fresh,3,1,4.97,orange\Fresh\173.jpg
351.jpg,pineapple,rotten,5,2,-1.96,pineapple\Rotten\351.jpg
130.jpg,banana,rotten,1,2,0.68,banana\Rotten\130.jpg
160.jpg,orange,fresh,3,1,4.81,orange\Fresh\160.jpg
375.jpg,banana,rotten,1,2,0.24,banana\Rotten\375.jpg
318.jpg,orange,fresh,3,1,4.8,orange\Fresh\318.jpg
474.jpg,mango,unripe,2,0,6.89,mango\Unripe\474.jpg
542.jpg,banana,fresh,1,1,2.92,banana\Fresh\542.jpg
609.jpg,mango,unripe,2,0,6.65,mango\Unripe\609.jpg
150.jpg,apple,fresh,0,1,4.86,apple\Fresh\150.jpg
92.jpg,banana,rotten,1,2,0.79,banana\Rotten\92.jpg
619.jpg,mango,fresh,2,1,2.91,mango\Fresh\619.jpg
604.jpg,apple,rotten,0,2,0.71,apple\Rotten\604.jpg
22.jpg,mango,unripe,2,0,6.92,mango\Unripe\22.jpg
620.jpg,orange,rotten,3,2,-1.55,orange\Rotten\620.jpg
354.jpg,pineapple,rotten,5,2,0.36,pineapple\Rotten\354.jpg
262.jpg,orange,unripe,3,0,7.53,orange\Unripe\262.jpg
2.jpg,orange,fresh,3,1,4.97,orange\Fresh\2.jpg
364.jpg,papaya,fresh,4,1,2.21,papaya\Fresh\364.jpg
20.jpg,banana,fresh,1,1,3.16,banana\Fresh\20.jpg
460.jpg,papaya,rotten,4,2,0.28,papaya\Rotten\460.jpg
673.jpg,papaya,rotten,4,2,0.57,papaya\Rotten\673.jpg
637.jpg,banana,rotten,1,2,0.12,banana\Rotten\637.jpg
256.jpg,apple,unripe,0,0,10.2,apple\Unripe\256.jpg
144.jpg,mango,unripe,2,0,6.95,mango\Unripe\144.jpg
521.jpg,mango,rotten,2,2,0.48,mango\Rotten\521.jpg
59.jpg,apple,unripe,0,0,10.39,apple\Unripe\59.jpg
490.jpg,pineapple,unripe,5,0,6.18,pineapple\Unripe\490.jpg
314.jpg,papaya,unripe,4,0,5.06,papaya\Unripe\314.jpg
219.jpg,papaya,unripe,4,0,5.49,papaya\Unripe\219.jpg
165.jpg,apple,unripe,0,0,10.25,apple\Unripe\165.jpg
649.jpg,orange,rotten,3,2,0.43,orange\Rotten\649.jpg
498.jpg,orange,rotten,3,2,0.25,orange\Rotten\498.jpg
394.jpg,papaya,fresh,4,1,1.71,papaya\Fresh\394.jpg
560.jpg,papaya,rotten,4,2,-2.03,papaya\Rotten\560.jpg
104.jpg,pineapple,fresh,5,1,3.2,pineapple\Fresh\104.jpg
370.jpg,mango,fresh,2,1,2.98,mango\Fresh\370.jpg
540.jpg,apple,unripe,0,0,9.83,apple\Unripe\540.jpg
513.jpg,orange,rotten,3,2,0.57,orange\Rotten\513.jpg
146.jpg,apple,rotten,0,2,0.06,apple\Rotten\146.jpg
595.jpg,mango,rotten,2,2,0.52,mango\Rotten\595.jpg
508.jpg,orange,rotten,3,2,0.28,orange\Rotten\508.jpg
499.jpg,pineapple,fresh,5,1,3.05,pineapple\Fresh\499.jpg
198.jpg,orange,fresh,3,1,4.73,orange\Fresh\198.jpg
176.jpg,orange,fresh,3,1,4.86,orange\Fresh\176.jpg
164.jpg,pineapple,fresh,5,1,3.05,pineapple\Fresh\164.jpg
358.jpg,orange,rotten,3,2,-2.0,orange\Rotten\358.jpg
49.jpg,apple,rotten,0,2,-2.42,apple\Rotten\49.jpg
390.jpg,orange,unripe,3,0,8.21,orange\Unripe\390.jpg
489.jpg,pineapple,rotten,5,2,0.52,pineapple\Rotten\489.jpg
66.jpg,banana,unripe,1,0,5.83,banana\Unripe\66.jpg
68.jpg,pineapple,rotten,5,2,0.33,pineapple\Rotten\68.jpg
127.jpg,papaya,fresh,4,1,2.08,papaya\Fresh\127.jpg
257.jpg,papaya,unripe,4,0,4.99,papaya\Unripe\257.jpg
296.jpg,papaya,unripe,4,0,5.01,papaya\Unripe\296.jpg
157.jpg,orange,rotten,3,2,0.59,orange\Rotten\157.jpg
421.jpg,papaya,fresh,4,1,1.71,papaya\Fresh\421.jpg
53.jpg,orange,unripe,3,0,7.76,orange\Unripe\53.jpg
674.jpg,banana,unripe,1,0,5.55,banana\Unripe\674.jpg
581.jpg,papaya,unripe,4,0,5.28,papaya\Unripe\581.jpg
30.jpg,apple,rotten,0,2,0.35,apple\Rotten\30.jpg
103.jpg,orange,unripe,3,0,8.41,orange\Unripe\103.jpg
531.jpg,pineapple,fresh,5,1,3.15,pineapple\Fresh\531.jpg
98.jpg,apple,rotten,0,2,0.71,apple\Rotten\98.jpg
447.jpg,mango,rotten,2,2,-1.03,mango\Rotten\447.jpg
553.jpg,pineapple,unripe,5,0,6.48,pineapple\Unripe\553.jpg
498.jpg,apple,unripe,0,0,9.93,apple\Unripe\498.jpg
119.jpg,pineapple,unripe,5,0,5.74,pineapple\Unripe\119.jpg
81.jpg,papaya,rotten,4,2,0.25,papaya\Rotten\81.jpg
624.jpg,mango,rotten,2,2,0.74,mango\Rotten\624.jpg
107.jpg,mango,fresh,2,1,2.74,mango\Fresh\107.jpg
25.jpg,apple,fresh,0,1,4.76,apple\Fresh\25.jpg
574.jpg,apple,rotten,0,2,0.58,apple\Rotten\574.jpg
570.jpg,papaya,rotten,4,2,0.27,papaya\Rotten\570.jpg
524.jpg,papaya,fresh,4,1,1.75,papaya\Fresh\524.jpg
292.jpg,mango,unripe,2,0,6.62,mango\Unripe\292.jpg
617.jpg,pineapple,rotten,5,2,0.45,pineapple\Rotten\617.jpg
81.jpg,mango,fresh,2,1,2.74,mango\Fresh\81.jpg
362.jpg,apple,unripe,0,0,10.48,apple\Unripe\362.jpg
484.jpg,apple,unripe,0,0,9.71,apple\Unripe\484.jpg
121.jpg,papaya,rotten,4,2,0.43,papaya\Rotten\121.jpg
126.jpg,banana,rotten,1,2,0.24,banana\Rotten\126.jpg
641.jpg,pineapple,rotten,5,2,0.1,pineapple\Rotten\641.jpg
327.jpg,mango,rotten,2,2,0.32,mango\Rotten\327.jpg
97.jpg,apple,fresh,0,1,5.2,apple\Fresh\97.jpg
376.jpg,papaya,rotten,4,2,-2.09,papaya\Rotten\376.jpg
92.jpg,pineapple,unripe,5,0,5.9,pineapple\Unripe\92.jpg
595.jpg,banana,unripe,1,0,6.09,banana\Unripe\595.jpg
579.jpg,mango,unripe,2,0,6.91,mango\Unripe\579.jpg
221.jpg,banana,unripe,1,0,6.32,banana\Unripe\221.jpg
185.jpg,apple,fresh,0,1,4.89,apple\Fresh\185.jpg
210.jpg,papaya,rotten,4,2,0.32,papaya\Rotten\210.jpg
642.jpg,pineapple,rotten,5,2,0.35,pineapple\Rotten\642.jpg
146.jpg,orange,unripe,3,0,7.62,orange\Unripe\146.jpg
219.jpg,papaya,rotten,4,2,0.09,papaya\Rotten\219.jpg
68.jpg,apple,fresh,0,1,5.06,apple\Fresh\68.jpg
176.jpg,papaya,unripe,4,0,4.84,papaya\Unripe\176.jpg
596.jpg,orange,rotten,3,2,-2.18,orange\Rotten\596.jpg
257.jpg,papaya,rotten,4,2,0.21,papaya\Rotten\257.jpg
213.jpg,mango,unripe,2,0,7.06,mango\Unripe\213.jpg
66.jpg,banana,rotten,1,2,0.51,banana\Rotten\66.jpg
267.jpg,apple,fresh,0,1,5.14,apple\Fresh\267.jpg
425.jpg,orange,rotten,3,2,0.37,orange\Rotten\425.jpg
633.jpg,pineapple,rotten,5,2,0.62,pineapple\Rotten\633.jpg
158.jpg,papaya,fresh,4,1,1.81,papaya\Fresh\158.jpg
300.jpg,apple,unripe,0,0,9.84,apple\Unripe\300.jpg
391.jpg,mango,rotten,2,2,0.09,mango\Rotten\391.jpg
636.jpg,pineapple,unripe,5,0,5.88,pineapple\Unripe\636.jpg
595.jpg,banana,rotten,1,2,0.79,banana\Rotten\595.jpg
431.jpg,apple,rotten,0,2,0.4,apple\Rotten\431.jpg
565.jpg,mango,fresh,2,1,3.0,mango\Fresh\565.jpg
584.jpg,banana,rotten,1,2,0.57,banana\Rotten\584.jpg
468.jpg,papaya,unripe,4,0,5.45,papaya\Unripe\468.jpg
628.jpg,mango,unripe,2,0,6.56,mango\Unripe\628.jpg
606.jpg,banana,fresh,1,1,2.8,banana\Fresh\606.jpg
78.jpg,mango,unripe,2,0,6.88,mango\Unripe\78.jpg
52.jpg,pineapple,rotten,5,2,0.45,pineapple\Rotten\52.jpg
203.jpg,banana,rotten,1,2,-1.18,banana\Rotten\203.jpg
588.jpg,mango,unripe,2,0,7.43,mango\Unripe\588.jpg
391.jpg,papaya,unripe,4,0,4.84,papaya\Unripe\391.jpg
204.jpg,banana,unripe,1,0,6.18,banana\Unripe\204.jpg
630.jpg,papaya,rotten,4,2,0.59,papaya\Rotten\630.jpg
251.jpg,papaya,fresh,4,1,1.77,papaya\Fresh\251.jpg
355.jpg,papaya,fresh,4,1,1.79,papaya\Fresh\355.jpg
445.jpg,banana,fresh,1,1,3.27,banana\Fresh\445.jpg
668.jpg,pineapple,rotten,5,2,0.22,pineapple\Rotten\668.jpg
599.jpg,orange,unripe,3,0,7.93,orange\Unripe\599.jpg
353.jpg,papaya,rotten,4,2,0.08,papaya\Rotten\353.jpg
128.jpg,banana,rotten,1,2,0.73,banana\Rotten\128.jpg
464.jpg,papaya,unripe,4,0,4.61,papaya\Unripe\464.jpg
602.jpg,pineapple,rotten,5,2,0.38,pineapple\Rotten\602.jpg
491.jpg,apple,unripe,0,0,10.13,apple\Unripe\491.jpg
588.jpg,banana,fresh,1,1,3.09,banana\Fresh\588.jpg
244.jpg,pineapple,rotten,5,2,-1.1,pineapple\Rotten\244.jpg
288.jpg,papaya,fresh,4,1,1.71,papaya\Fresh\288.jpg
410.jpg,orange,rotten,3,2,0.69,orange\Rotten\410.jpg
401.jpg,orange,fresh,3,1,5.17,orange\Fresh\401.jpg
87.jpg,apple,rotten,0,2,0.61,apple\Rotten\87.jpg
69.jpg,mango,rotten,2,2,0.49,mango\Rotten\69.jpg
229.jpg,pineapple,unripe,5,0,5.68,pineapple\Unripe\229.jpg
508.jpg,orange,unripe,3,0,7.67,orange\Unripe\508.jpg
153.jpg,apple,rotten,0,2,0.34,apple\Rotten\153.jpg
180.jpg,orange,fresh,3,1,4.79,orange\Fresh\180.jpg
348.jpg,apple,unripe,0,0,10.24,apple\Unripe\348.jpg
349.jpg,orange,fresh,3,1,4.89,orange\Fresh\349.jpg
652.jpg,apple,unripe,0,0,10.33,apple\Unripe\652.jpg
637.jpg,mango,unripe,2,0,7.37,mango\Unripe\637.jpg
194.jpg,papaya,rotten,4,2,0.29,papaya\Rotten\194.jpg
392.jpg,apple,unripe,0,0,10.33,apple\Unripe\392.jpg
186.jpg,apple,unripe,0,0,10.2,apple\Unripe\186.jpg
596.jpg,pineapple,rotten,5,2,0.03,pineapple\Rotten\596.jpg
611.jpg,orange,unripe,3,0,8.37,orange\Unripe\611.jpg
477.jpg,apple,rotten,0,2,0.48,apple\Rotten\477.jpg
134.jpg,apple,rotten,0,2,-1.02,apple\Rotten\134.jpg
18.jpg,pineapple,fresh,5,1,2.71,pineapple\Fresh\18.jpg
616.jpg,papaya,rotten,4,2,0.02,papaya\Rotten\616.jpg
455.jpg,papaya,fresh,4,1,1.75,papaya\Fresh\455.jpg
517.jpg,papaya,unripe,4,0,4.63,papaya\Unripe\517.jpg
397.jpg,pineapple,unripe,5,0,5.86,pineapple\Unripe\397.jpg
386.jpg,pineapple,fresh,5,1,3.15,pineapple\Fresh\386.jpg
285.jpg,apple,rotten,0,2,0.31,apple\Rotten\285.jpg
149.jpg,papaya,unripe,4,0,4.95,papaya\Unripe\149.jpg
627.jpg,pineapple,unripe,5,0,6.28,pineapple\Unripe\627.jpg
43.jpg,papaya,fresh,4,1,2.29,papaya\Fresh\43.jpg
670.jpg,mango,fresh,2,1,3.26,mango\Fresh\670.jpg
29.jpg,apple,fresh,0,1,4.87,apple\Fresh\29.jpg
147.jpg,papaya,fresh,4,1,1.81,papaya\Fresh\147.jpg
170.jpg,papaya,unripe,4,0,4.81,papaya\Unripe\170.jpg
37.jpg,orange,fresh,3,1,4.83,orange\Fresh\37.jpg
234.jpg,apple,rotten,0,2,-2.37,apple\Rotten\234.jpg
360.jpg,pineapple,rotten,5,2,0.12,pineapple\Rotten\360.jpg
8.jpg,pineapple,fresh,5,1,3.2,pineapple\Fresh\8.jpg
521.jpg,apple,unripe,0,0,10.12,apple\Unripe\521.jpg
270.jpg,pineapple,unripe,5,0,6.36,pineapple\Unripe\270.jpg
232.jpg,banana,unripe,1,0,5.65,banana\Unripe\232.jpg
598.jpg,mango,unripe,2,0,7.25,mango\Unripe\598.jpg
504.jpg,banana,unripe,1,0,6.41,banana\Unripe\504.jpg
352.jpg,apple,rotten,0,2,0.73,apple\Rotten\352.jpg
101.jpg,pineapple,fresh,5,1,3.11,pineapple\Fresh\101.jpg
62.jpg,banana,rotten,1,2,0.47,banana\Rotten\62.jpg
480.jpg,papaya,fresh,4,1,1.92,papaya\Fresh\480.jpg
65.jpg,apple,unripe,0,0,9.82,apple\Unripe\65.jpg
139.jpg,mango,unripe,2,0,6.96,mango\Unripe\139.jpg
385.jpg,apple,unripe,0,0,10.38,apple\Unripe\385.jpg
349.jpg,mango,unripe,2,0,7.02,mango\Unripe\349.jpg
259.jpg,pineapple,rotten,5,2,0.3,pineapple\Rotten\259.jpg
350.jpg,orange,fresh,3,1,5.09,orange\Fresh\350.jpg
484.jpg,banana,rotten,1,2,0.64,banana\Rotten\484.jpg
212.jpg,orange,fresh,3,1,4.84,orange\Fresh\212.jpg
602.jpg,banana,fresh,1,1,2.9,banana\Fresh\602.jpg
457.jpg,papaya,unripe,4,0,4.75,papaya\Unripe\457.jpg
75.jpg,orange,fresh,3,1,5.15,orange\Fresh\75.jpg
288.jpg,orange,rotten,3,2,-1.93,orange\Rotten\288.jpg
410.jpg,banana,rotten,1,2,-1.17,banana\Rotten\410.jpg
424.jpg,orange,rotten,3,2,0.11,orange\Rotten\424.jpg
140.jpg,orange,unripe,3,0,7.76,orange\Unripe\140.jpg
651.jpg,mango,rotten,2,2,0.56,mango\Rotten\651.jpg
633.jpg,mango,unripe,2,0,7.32,mango\Unripe\633.jpg
466.jpg,orange,unripe,3,0,7.53,orange\Unripe\466.jpg
537.jpg,orange,rotten,3,2,0.02,orange\Rotten\537.jpg
396.jpg,papaya,unripe,4,0,5.16,papaya\Unripe\396.jpg
506.jpg,apple,fresh,0,1,5.24,apple\Fresh\506.jpg
670.jpg,pineapple,unripe,5,0,5.95,pineapple\Unripe\670.jpg
10.jpg,papaya,fresh,4,1,2.2,papaya\Fresh\10.jpg
10.jpg,banana,unripe,1,0,6.14,banana\Unripe\10.jpg
154.jpg,mango,fresh,2,1,3.28,mango\Fresh\154.jpg
126.jpg,banana,unripe,1,0,6.01,banana\Unripe\126.jpg
233.jpg,banana,unripe,1,0,5.68,banana\Unripe\233.jpg
346.jpg,banana,rotten,1,2,0.09,banana\Rotten\346.jpg
100.jpg,apple,fresh,0,1,4.73,apple\Fresh\100.jpg
309.jpg,orange,fresh,3,1,4.77,orange\Fresh\309.jpg
461.jpg,orange,unripe,3,0,8.22,orange\Unripe\461.jpg
66.jpg,apple,rotten,0,2,0.77,apple\Rotten\66.jpg
514.jpg,apple,unripe,0,0,10.44,apple\Unripe\514.jpg
158.jpg,orange,fresh,3,1,4.7,orange\Fresh\158.jpg
221.jpg,apple,unripe,0,0,10.4,apple\Unripe\221.jpg
510.jpg,papaya,unripe,4,0,5.0,papaya\Unripe\510.jpg
12.jpg,banana,unripe,1,0,5.54,banana\Unripe\12.jpg
525.jpg,banana,rotten,1,2,-1.16,banana\Rotten\525.jpg
35.jpg,pineapple,unripe,5,0,5.7,pineapple\Unripe\35.jpg
205.jpg,papaya,rotten,4,2,0.5,papaya\Rotten\205.jpg
296.jpg,orange,fresh,3,1,4.82,orange\Fresh\296.jpg
279.jpg,papaya,fresh,4,1,2.01,papaya\Fresh\279.jpg
312.jpg,banana,fresh,1,1,2.96,banana\Fresh\312.jpg
100.jpg,papaya,fresh,4,1,2.01,papaya\Fresh\100.jpg
512.jpg,pineapple,unripe,5,0,6.06,pineapple\Unripe\512.jpg
79.jpg,mango,rotten,2,2,0.59,mango\Rotten\79.jpg
527.jpg,apple,fresh,0,1,5.06,apple\Fresh\527.jpg
358.jpg,papaya,unripe,4,0,5.36,papaya\Unripe\358.jpg
170.jpg,pineapple,fresh,5,1,3.26,pineapple\Fresh\170.jpg
444.jpg,mango,unripe,2,0,7.37,mango\Unripe\444.jpg
543.jpg,apple,unripe,0,0,9.69,apple\Unripe\543.jpg
116.jpg,pineapple,unripe,5,0,6.33,pineapple\Unripe\116.jpg
205.jpg,papaya,unripe,4,0,5.42,papaya\Unripe\205.jpg
369.jpg,apple,unripe,0,0,9.54,apple\Unripe\369.jpg
554.jpg,papaya,rotten,4,2,0.38,papaya\Rotten\554.jpg
535.jpg,orange,fresh,3,1,5.28,orange\Fresh\535.jpg
212.jpg,apple,unripe,0,0,10.11,apple\Unripe\212.jpg
387.jpg,apple,rotten,0,2,0.56,apple\Rotten\387.jpg
250.jpg,orange,unripe,3,0,8.28,orange\Unripe\250.jpg
449.jpg,papaya,fresh,4,1,1.9,papaya\Fresh\449.jpg
305.jpg,orange,fresh,3,1,4.87,orange\Fresh\305.jpg
297.jpg,pineapple,fresh,5,1,3.07,pineapple\Fresh\297.jpg
565.jpg,pineapple,unripe,5,0,6.26,pineapple\Unripe\565.jpg
66.jpg,mango,fresh,2,1,2.77,mango\Fresh\66.jpg
522.jpg,banana,rotten,1,2,0.23,banana\Rotten\522.jpg
601.jpg,papaya,unripe,4,0,5.04,papaya\Unripe\601.jpg
338.jpg,orange,fresh,3,1,5.17,orange\Fresh\338.jpg
206.jpg,papaya,unripe,4,0,5.45,papaya\Unripe\206.jpg
226.jpg,papaya,unripe,4,0,5.35,papaya\Unripe\226.jpg
543.jpg,pineapple,unripe,5,0,5.62,pineapple\Unripe\543.jpg
615.jpg,mango,fresh,2,1,2.85,mango\Fresh\615.jpg
248.jpg,banana,fresh,1,1,2.81,banana\Fresh\248.jpg
25.jpg,banana,rotten,1,2,0.26,banana\Rotten\25.jpg
156.jpg,papaya,fresh,4,1,2.15,papaya\Fresh\156.jpg
379.jpg,apple,unripe,0,0,9.95,apple\Unripe\379.jpg
443.jpg,apple,unripe,0,0,10.08,apple\Unripe\443.jpg
378.jpg,apple,unripe,0,0,10.41,apple\Unripe\378.jpg
503.jpg,banana,fresh,1,1,3.27,banana\Fresh\503.jpg
132.jpg,orange,fresh,3,1,5.02,orange\Fresh\132.jpg
688.jpg,orange,rotten,3,2,0.07,orange\Rotten\688.jpg
33.jpg,mango,unripe,2,0,7.39,mango\Unripe\33.jpg
395.jpg,banana,unripe,1,0,5.79,banana\Unripe\395.jpg
477.jpg,mango,fresh,2,1,3.04,mango\Fresh\477.jpg
474.jpg,banana,unripe,1,0,6.47,banana\Unripe\474.jpg
36.jpg,banana,fresh,1,1,2.76,banana\Fresh\36.jpg
446.jpg,apple,fresh,0,1,4.71,apple\Fresh\446.jpg
191.jpg,apple,unripe,0,0,9.56,apple\Unripe\191.jpg
453.jpg,apple,rotten,0,2,0.19,apple\Rotten\453.jpg
49.jpg,mango,fresh,2,1,2.84,mango\Fresh\49.jpg
110.jpg,mango,rotten,2,2,0.12,mango\Rotten\110.jpg
487.jpg,papaya,unripe,4,0,5.08,papaya\Unripe\487.jpg
311.jpg,apple,rotten,0,2,0.59,apple\Rotten\311.jpg
115.jpg,mango,unripe,2,0,6.87,mango\Unripe\115.jpg
85.jpg,pineapple,fresh,5,1,2.7,pineapple\Fresh\85.jpg
196.jpg,mango,rotten,2,2,0.04,mango\Rotten\196.jpg
89.jpg,apple,unripe,0,0,9.51,apple\Unripe\89.jpg
17.jpg,orange,unripe,3,0,8.27,orange\Unripe\17.jpg
576.jpg,papaya,unripe,4,0,4.71,papaya\Unripe\576.jpg
219.jpg,apple,rotten,0,2,0.0,apple\Rotten\219.jpg
619.jpg,banana,rotten,1,2,0.74,banana\Rotten\619.jpg
108.jpg,mango,rotten,2,2,0.4,mango\Rotten\108.jpg
397.jpg,orange,unripe,3,0,7.89,orange\Unripe\397.jpg
102.jpg,orange,unripe,3,0,7.55,orange\Unripe\102.jpg
668.jpg,pineapple,fresh,5,1,2.8,pineapple\Fresh\668.jpg
511.jpg,mango,rotten,2,2,-1.04,mango\Rotten\511.jpg
15.jpg,apple,rotten,0,2,0.07,apple\Rotten\15.jpg
246.jpg,mango,fresh,2,1,2.88,mango\Fresh\246.jpg
269.jpg,mango,unripe,2,0,7.01,mango\Unripe\269.jpg
666.jpg,banana,unripe,1,0,5.89,banana\Unripe\666.jpg
254.jpg,orange,unripe,3,0,8.18,orange\Unripe\254.jpg
533.jpg,papaya,unripe,4,0,4.99,papaya\Unripe\533.jpg
403.jpg,papaya,fresh,4,1,1.89,papaya\Fresh\403.jpg
186.jpg,papaya,unripe,4,0,5.2,papaya\Unripe\186.jpg
87.jpg,banana,unripe,1,0,5.93,banana\Unripe\87.jpg
153.jpg,apple,unripe,0,0,10.13,apple\Unripe\153.jpg
352.jpg,mango,rotten,2,2,0.07,mango\Rotten\352.jpg
291.jpg,pineapple,rotten,5,2,-2.08,pineapple\Rotten\291.jpg
127.jpg,pineapple,fresh,5,1,3.04,pineapple\Fresh\127.jpg
89.jpg,banana,unripe,1,0,6.18,banana\Unripe\89.jpg
75.jpg,orange,unripe,3,0,7.86,orange\Unripe\75.jpg
416.jpg,mango,rotten,2,2,0.3,mango\Rotten\416.jpg
406.jpg,pineapple,rotten,5,2,0.31,pineapple\Rotten\406.jpg
604.jpg,apple,fresh,0,1,5.01,apple\Fresh\604.jpg
313.jpg,mango,unripe,2,0,6.74,mango\Unripe\313.jpg
57.jpg,pineapple,unripe,5,0,5.71,pineapple\Unripe\57.jpg
25.jpg,mango,unripe,2,0,7.49,mango\Unripe\25.jpg
104.jpg,pineapple,unripe,5,0,5.81,pineapple\Unripe\104.jpg
279.jpg,pineapple,unripe,5,0,5.85,pineapple\Unripe\279.jpg
27.jpg,mango,fresh,2,1,3.12,mango\Fresh\27.jpg
403.jpg,orange,fresh,3,1,4.92,orange\Fresh\403.jpg
236.jpg,banana,fresh,1,1,3.0,banana\Fresh\236.jpg
305.jpg,orange,rotten,3,2,0.7,orange\Rotten\305.jpg
580.jpg,orange,fresh,3,1,4.99,orange\Fresh\580.jpg
245.jpg,orange,rotten,3,2,0.58,orange\Rotten\245.jpg
156.jpg,mango,fresh,2,1,3.03,mango\Fresh\156.jpg
430.jpg,mango,fresh,2,1,3.0,mango\Fresh\430.jpg
239.jpg,papaya,rotten,4,2,0.54,papaya\Rotten\239.jpg
634.jpg,mango,rotten,2,2,-1.27,mango\Rotten\634.jpg
348.jpg,pineapple,unripe,5,0,5.52,pineapple\Unripe\348.jpg
419.jpg,banana,unripe,1,0,5.76,banana\Unripe\419.jpg
21.jpg,apple,unripe,0,0,10.08,apple\Unripe\21.jpg
304.jpg,mango,fresh,2,1,3.05,mango\Fresh\304.jpg
50.jpg,banana,fresh,1,1,3.14,banana\Fresh\50.jpg
449.jpg,apple,unripe,0,0,9.89,apple\Unripe\449.jpg
648.jpg,pineapple,rotten,5,2,0.15,pineapple\Rotten\648.jpg
541.jpg,orange,rotten,3,2,-1.1,orange\Rotten\541.jpg
244.jpg,banana,rotten,1,2,0.33,banana\Rotten\244.jpg
615.jpg,papaya,unripe,4,0,4.52,papaya\Unripe\615.jpg
445.jpg,banana,unripe,1,0,5.82,banana\Unripe\445.jpg
137.jpg,apple,unripe,0,0,10.28,apple\Unripe\137.jpg
99.jpg,orange,fresh,3,1,5.03,orange\Fresh\99.jpg
254.jpg,papaya,rotten,4,2,0.04,papaya\Rotten\254.jpg
175.jpg,apple,fresh,0,1,4.72,apple\Fresh\175.jpg
131.jpg,apple,fresh,0,1,5.23,apple\Fresh\131.jpg
195.jpg,apple,rotten,0,2,0.45,apple\Rotten\195.jpg
332.jpg,orange,rotten,3,2,0.62,orange\Rotten\332.jpg
86.jpg,orange,unripe,3,0,8.12,orange\Unripe\86.jpg
424.jpg,apple,unripe,0,0,10.46,apple\Unripe\424.jpg
470.jpg,mango,fresh,2,1,2.78,mango\Fresh\470.jpg
561.jpg,pineapple,fresh,5,1,2.88,pineapple\Fresh\561.jpg
496.jpg,papaya,unripe,4,0,4.67,papaya\Unripe\496.jpg
105.jpg,orange,fresh,3,1,4.72,orange\Fresh\105.jpg
153.jpg,orange,fresh,3,1,5.17,orange\Fresh\153.jpg
682.jpg,mango,fresh,2,1,2.9,mango\Fresh\682.jpg
279.jpg,papaya,unripe,4,0,5.49,papaya\Unripe\279.jpg
627.jpg,pineapple,rotten,5,2,-1.07,pineapple\Rotten\627.jpg
423.jpg,mango,fresh,2,1,3.02,mango\Fresh\423.jpg
224.jpg,papaya,fresh,4,1,1.86,papaya\Fresh\224.jpg
607.jpg,papaya,unripe,4,0,5.41,papaya\Unripe\607.jpg
598.jpg,pineapple,rotten,5,2,0.41,pineapple\Rotten\598.jpg
233.jpg,orange,rotten,3,2,0.26,orange\Rotten\233.jpg
393.jpg,mango,unripe,2,0,6.88,mango\Unripe\393.jpg
61.jpg,apple,unripe,0,0,10.18,apple\Unripe\61.jpg
352.jpg,pineapple,rotten,5,2,0.43,pineapple\Rotten\352.jpg
6.jpg,apple,rotten,0,2,0.22,apple\Rotten\6.jpg
300.jpg,papaya,unripe,4,0,4.58,papaya\Unripe\300.jpg
599.jpg,orange,rotten,3,2,0.75,orange\Rotten\599.jpg
580.jpg,banana,fresh,1,1,2.83,banana\Fresh\580.jpg
442.jpg,orange,rotten,3,2,-1.14,orange\Rotten\442.jpg
574.jpg,pineapple,unripe,5,0,5.53,pineapple\Unripe\574.jpg
257.jpg,apple,unripe,0,0,9.89,apple\Unripe\257.jpg
486.jpg,apple,unripe,0,0,10.08,apple\Unripe\486.jpg
381.jpg,banana,rotten,1,2,0.75,banana\Rotten\381.jpg
77.jpg,papaya,rotten,4,2,0.14,papaya\Rotten\77.jpg
547.jpg,banana,unripe,1,0,5.98,banana\Unripe\547.jpg
151.jpg,banana,fresh,1,1,2.73,banana\Fresh\151.jpg
556.jpg,orange,unripe,3,0,7.75,orange\Unripe\556.jpg
502.jpg,apple,fresh,0,1,4.96,apple\Fresh\502.jpg
660.jpg,mango,fresh,2,1,3.18,mango\Fresh\660.jpg
26.jpg,banana,unripe,1,0,5.83,banana\Unripe\26.jpg
421.jpg,apple,rotten,0,2,0.38,apple\Rotten\421.jpg
189.jpg,pineapple,unripe,5,0,5.87,pineapple\Unripe\189.jpg
389.jpg,orange,rotten,3,2,0.4,orange\Rotten\389.jpg
312.jpg,pineapple,rotten,5,2,-2.04,pineapple\Rotten\312.jpg
581.jpg,mango,fresh,2,1,3.29,mango\Fresh\581.jpg
97.jpg,papaya,rotten,4,2,0.29,papaya\Rotten\97.jpg
426.jpg,mango,unripe,2,0,7.1,mango\Unripe\426.jpg
38.jpg,apple,rotten,0,2,0.01,apple\Rotten\38.jpg
192.jpg,mango,fresh,2,1,2.75,mango\Fresh\192.jpg
401.jpg,mango,fresh,2,1,3.29,mango\Fresh\401.jpg
499.jpg,mango,rotten,2,2,0.62,mango\Rotten\499.jpg
379.jpg,papaya,rotten,4,2,0.51,papaya\Rotten\379.jpg
449.jpg,papaya,unripe,4,0,4.5,papaya\Unripe\449.jpg
208.jpg,apple,fresh,0,1,5.02,apple\Fresh\208.jpg
147.jpg,apple,unripe,0,0,10.31,apple\Unripe\147.jpg
486.jpg,banana,rotten,1,2,0.2,banana\Rotten\486.jpg
516.jpg,pineapple,rotten,5,2,0.12,pineapple\Rotten\516.jpg
444.jpg,banana,fresh,1,1,2.95,banana\Fresh\444.jpg
293.jpg,banana,rotten,1,2,0.61,banana\Rotten\293.jpg
95.jpg,apple,unripe,0,0,9.89,apple\Unripe\95.jpg
548.jpg,papaya,unripe,4,0,5.27,papaya\Unripe\548.jpg
460.jpg,papaya,fresh,4,1,1.82,papaya\Fresh\460.jpg
628.jpg,apple,unripe,0,0,9.74,apple\Unripe\628.jpg
9.jpg,banana,rotten,1,2,0.57,banana\Rotten\9.jpg
472.jpg,banana,rotten,1,2,0.73,banana\Rotten\472.jpg
133.jpg,banana,unripe,1,0,6.38,banana\Unripe\133.jpg
569.jpg,papaya,fresh,4,1,1.96,papaya\Fresh\569.jpg
498.jpg,banana,rotten,1,2,0.38,banana\Rotten\498.jpg
257.jpg,banana,unripe,1,0,6.25,banana\Unripe\257.jpg
596.jpg,orange,unripe,3,0,8.15,orange\Unripe\596.jpg
385.jpg,mango,fresh,2,1,3.15,mango\Fresh\385.jpg
288.jpg,orange,fresh,3,1,5.01,orange\Fresh\288.jpg
107.jpg,papaya,rotten,4,2,0.69,papaya\Rotten\107.jpg
20.jpg,pineapple,fresh,5,1,3.06,pineapple\Fresh\20.jpg
636.jpg,mango,unripe,2,0,6.85,mango\Unripe\636.jpg
410.jpg,pineapple,unripe,5,0,6.23,pineapple\Unripe\410.jpg
172.jpg,banana,unripe,1,0,6.44,banana\Unripe\172.jpg
101.jpg,papaya,unripe,4,0,5.0,papaya\Unripe\101.jpg
517.jpg,mango,fresh,2,1,3.0,mango\Fresh\517.jpg
416.jpg,apple,unripe,0,0,9.74,apple\Unripe\416.jpg
364.jpg,banana,rotten,1,2,-1.43,banana\Rotten\364.jpg
61.jpg,papaya,fresh,4,1,2.21,papaya\Fresh\61.jpg
159.jpg,mango,fresh,2,1,2.86,mango\Fresh\159.jpg
528.jpg,papaya,fresh,4,1,2.13,papaya\Fresh\528.jpg
18.jpg,orange,fresh,3,1,5.16,orange\Fresh\18.jpg
622.jpg,pineapple,rotten,5,2,-2.41,pineapple\Rotten\622.jpg
462.jpg,banana,rotten,1,2,0.14,banana\Rotten\462.jpg
340.jpg,banana,fresh,1,1,2.72,banana\Fresh\340.jpg
662.jpg,pineapple,rotten,5,2,-2.27,pineapple\Rotten\662.jpg
180.jpg,pineapple,rotten,5,2,0.7,pineapple\Rotten\180.jpg
633.jpg,orange,rotten,3,2,0.03,orange\Rotten\633.jpg
558.jpg,banana,unripe,1,0,5.61,banana\Unripe\558.jpg
240.jpg,papaya,rotten,4,2,0.32,papaya\Rotten\240.jpg
330.jpg,mango,unripe,2,0,7.22,mango\Unripe\330.jpg
408.jpg,orange,rotten,3,2,0.77,orange\Rotten\408.jpg
524.jpg,pineapple,rotten,5,2,0.71,pineapple\Rotten\524.jpg
206.jpg,papaya,rotten,4,2,0.56,papaya\Rotten\206.jpg
158.jpg,banana,rotten,1,2,0.53,banana\Rotten\158.jpg
438.jpg,papaya,rotten,4,2,0.59,papaya\Rotten\438.jpg
450.jpg,apple,unripe,0,0,9.76,apple\Unripe\450.jpg
365.jpg,apple,rotten,0,2,0.71,apple\Rotten\365.jpg
244.jpg,mango,unripe,2,0,7.08,mango\Unripe\244.jpg
295.jpg,orange,fresh,3,1,4.91,orange\Fresh\295.jpg
216.jpg,apple,fresh,0,1,4.77,apple\Fresh\216.jpg
309.jpg,mango,unripe,2,0,6.98,mango\Unripe\309.jpg
94.jpg,orange,fresh,3,1,5.15,orange\Fresh\94.jpg
547.jpg,orange,unripe,3,0,8.06,orange\Unripe\547.jpg
193.jpg,mango,unripe,2,0,7.25,mango\Unripe\193.jpg
14.jpg,banana,unripe,1,0,5.7,banana\Unripe\14.jpg
513.jpg,orange,fresh,3,1,5.13,orange\Fresh\513.jpg
215.jpg,orange,fresh,3,1,5.3,orange\Fresh\215.jpg
287.jpg,apple,rotten,0,2,0.15,apple\Rotten\287.jpg
176.jpg,pineapple,rotten,5,2,0.26,pineapple\Rotten\176.jpg
426.jpg,pineapple,unripe,5,0,6.45,pineapple\Unripe\426.jpg
247.jpg,papaya,fresh,4,1,1.93,papaya\Fresh\247.jpg
1.jpg,orange,fresh,3,1,4.87,orange\Fresh\1.jpg
370.jpg,banana,rotten,1,2,0.41,banana\Rotten\370.jpg
229.jpg,papaya,unripe,4,0,5.48,papaya\Unripe\229.jpg
105.jpg,mango,fresh,2,1,2.85,mango\Fresh\105.jpg
400.jpg,banana,unripe,1,0,6.06,banana\Unripe\400.jpg
167.jpg,papaya,fresh,4,1,1.97,papaya\Fresh\167.jpg
466.jpg,pineapple,fresh,5,1,3.15,pineapple\Fresh\466.jpg
19.jpg,papaya,fresh,4,1,1.91,papaya\Fresh\19.jpg
205.jpg,apple,rotten,0,2,0.27,apple\Rotten\205.jpg
581.jpg,mango,rotten,2,2,0.44,mango\Rotten\581.jpg
647.jpg,orange,rotten,3,2,0.46,orange\Rotten\647.jpg
254.jpg,banana,fresh,1,1,3.07,banana\Fresh\254.jpg
90.jpg,mango,fresh,2,1,3.03,mango\Fresh\90.jpg
653.jpg,pineapple,unripe,5,0,5.61,pineapple\Unripe\653.jpg
33.jpg,apple,fresh,0,1,4.73,apple\Fresh\33.jpg
356.jpg,pineapple,rotten,5,2,0.21,pineapple\Rotten\356.jpg
255.jpg,orange,unripe,3,0,8.21,orange\Unripe\255.jpg
549.jpg,orange,rotten,3,2,0.16,orange\Rotten\549.jpg
488.jpg,apple,unripe,0,0,10.08,apple\Unripe\488.jpg
265.jpg,banana,rotten,1,2,0.45,banana\Rotten\265.jpg
108.jpg,papaya,rotten,4,2,0.3,papaya\Rotten\108.jpg
222.jpg,papaya,unripe,4,0,4.92,papaya\Unripe\222.jpg
183.jpg,apple,fresh,0,1,5.11,apple\Fresh\183.jpg
383.jpg,apple,rotten,0,2,0.72,apple\Rotten\383.jpg
190.jpg,pineapple,rotten,5,2,0.64,pineapple\Rotten\190.jpg
52.jpg,pineapple,fresh,5,1,2.85,pineapple\Fresh\52.jpg
168.jpg,pineapple,rotten,5,2,-2.22,pineapple\Rotten\168.jpg
13.jpg,papaya,fresh,4,1,1.96,papaya\Fresh\13.jpg
568.jpg,pineapple,unripe,5,0,6.19,pineapple\Unripe\568.jpg
80.jpg,pineapple,unripe,5,0,6.2,pineapple\Unripe\80.jpg
177.jpg,pineapple,rotten,5,2,0.4,pineapple\Rotten\177.jpg
598.jpg,apple,unripe,0,0,9.67,apple\Unripe\598.jpg
642.jpg,apple,unripe,0,0,10.48,apple\Unripe\642.jpg
26.jpg,apple,fresh,0,1,4.88,apple\Fresh\26.jpg
36.jpg,banana,unripe,1,0,5.74,banana\Unripe\36.jpg
172.jpg,papaya,unripe,4,0,5.05,papaya\Unripe\172.jpg
579.jpg,mango,fresh,2,1,3.04,mango\Fresh\579.jpg
33.jpg,papaya,unripe,4,0,4.75,papaya\Unripe\33.jpg
337.jpg,pineapple,fresh,5,1,3.03,pineapple\Fresh\337.jpg
114.jpg,pineapple,rotten,5,2,-1.75,pineapple\Rotten\114.jpg
491.jpg,apple,rotten,0,2,0.19,apple\Rotten\491.jpg
626.jpg,mango,rotten,2,2,0.64,mango\Rotten\626.jpg
38.jpg,pineapple,fresh,5,1,3.01,pineapple\Fresh\38.jpg
225.jpg,orange,unripe,3,0,8.19,orange\Unripe\225.jpg
575.jpg,apple,unripe,0,0,10.13,apple\Unripe\575.jpg
51.jpg,pineapple,unripe,5,0,6.13,pineapple\Unripe\51.jpg
496.jpg,banana,rotten,1,2,0.73,banana\Rotten\496.jpg
463.jpg,orange,unripe,3,0,8.07,orange\Unripe\463.jpg
388.jpg,banana,unripe,1,0,5.66,banana\Unripe\388.jpg
236.jpg,banana,rotten,1,2,0.13,banana\Rotten\236.jpg
11.jpg,banana,unripe,1,0,5.54,banana\Unripe\11.jpg
673.jpg,pineapple,unripe,5,0,5.74,pineapple\Unripe\673.jpg
386.jpg,orange,rotten,3,2,0.03,orange\Rotten\386.jpg
130.jpg,banana,fresh,1,1,3.13,banana\Fresh\130.jpg
592.jpg,papaya,fresh,4,1,1.82,papaya\Fresh\592.jpg
24.jpg,orange,unripe,3,0,7.74,orange\Unripe\24.jpg
308.jpg,banana,unripe,1,0,6.12,banana\Unripe\308.jpg
298.jpg,banana,fresh,1,1,2.87,banana\Fresh\298.jpg
277.jpg,pineapple,rotten,5,2,0.58,pineapple\Rotten\277.jpg
465.jpg,banana,fresh,1,1,2.78,banana\Fresh\465.jpg
271.jpg,mango,unripe,2,0,7.42,mango\Unripe\271.jpg
626.jpg,pineapple,rotten,5,2,0.31,pineapple\Rotten\626.jpg
479.jpg,papaya,rotten,4,2,0.63,papaya\Rotten\479.jpg
431.jpg,pineapple,fresh,5,1,3.04,pineapple\Fresh\431.jpg
4.jpg,pineapple,fresh,5,1,3.05,pineapple\Fresh\4.jpg
657.jpg,pineapple,unripe,5,0,5.53,pineapple\Unripe\657.jpg
645.jpg,mango,rotten,2,2,0.66,mango\Rotten\645.jpg
534.jpg,orange,unripe,3,0,8.44,orange\Unripe\534.jpg
53.jpg,pineapple,rotten,5,2,0.51,pineapple\Rotten\53.jpg
449.jpg,orange,rotten,3,2,0.44,orange\Rotten\449.jpg
680.jpg,banana,unripe,1,0,5.91,banana\Unripe\680.jpg
621.jpg,pineapple,rotten,5,2,0.03,pineapple\Rotten\621.jpg
67.jpg,apple,fresh,0,1,5.06,apple\Fresh\67.jpg
86.jpg,banana,fresh,1,1,3.2,banana\Fresh\86.jpg
400.jpg,banana,fresh,1,1,2.87,banana\Fresh\400.jpg
25.jpg,orange,rotten,3,2,-2.46,orange\Rotten\25.jpg
434.jpg,pineapple,unripe,5,0,6.29,pineapple\Unripe\434.jpg
169.jpg,apple,fresh,0,1,5.09,apple\Fresh\169.jpg
460.jpg,papaya,unripe,4,0,4.9,papaya\Unripe\460.jpg
472.jpg,apple,unripe,0,0,9.65,apple\Unripe\472.jpg
51.jpg,orange,rotten,3,2,-2.23,orange\Rotten\51.jpg
67.jpg,orange,rotten,3,2,0.49,orange\Rotten\67.jpg
320.jpg,banana,rotten,1,2,0.71,banana\Rotten\320.jpg
65.jpg,banana,rotten,1,2,0.58,banana\Rotten\65.jpg
0.jpg,pineapple,fresh,5,1,2.95,pineapple\Fresh\0.jpg
557.jpg,pineapple,unripe,5,0,6.07,pineapple\Unripe\557.jpg
535.jpg,apple,rotten,0,2,0.52,apple\Rotten\535.jpg
81.jpg,orange,unripe,3,0,7.72,orange\Unripe\81.jpg
492.jpg,mango,rotten,2,2,0.72,mango\Rotten\492.jpg
471.jpg,pineapple,rotten,5,2,0.68,pineapple\Rotten\471.jpg
635.jpg,mango,unripe,2,0,7.34,mango\Unripe\635.jpg
23.jpg,mango,unripe,2,0,7.28,mango\Unripe\23.jpg
500.jpg,pineapple,fresh,5,1,3.26,pineapple\Fresh\500.jpg
370.jpg,papaya,fresh,4,1,2.28,papaya\Fresh\370.jpg
151.jpg,papaya,unripe,4,0,5.35,papaya\Unripe\151.jpg
12.jpg,orange,rotten,3,2,-1.93,orange\Rotten\12.jpg
399.jpg,orange,unripe,3,0,8.11,orange\Unripe\399.jpg
11.jpg,banana,fresh,1,1,2.85,banana\Fresh\11.jpg
448.jpg,apple,fresh,0,1,5.28,apple\Fresh\448.jpg
248.jpg,pineapple,rotten,5,2,0.53,pineapple\Rotten\248.jpg
406.jpg,banana,fresh,1,1,3.06,banana\Fresh\406.jpg
213.jpg,pineapple,fresh,5,1,2.87,pineapple\Fresh\213.jpg
454.jpg,papaya,fresh,4,1,2.24,papaya\Fresh\454.jpg
348.jpg,papaya,rotten,4,2,0.69,papaya\Rotten\348.jpg
470.jpg,pineapple,fresh,5,1,3.27,pineapple\Fresh\470.jpg
17.jpg,orange,fresh,3,1,4.76,orange\Fresh\17.jpg
282.jpg,papaya,rotten,4,2,-1.99,papaya\Rotten\282.jpg
198.jpg,pineapple,rotten,5,2,0.35,pineapple\Rotten\198.jpg
103.jpg,papaya,fresh,4,1,2.07,papaya\Fresh\103.jpg
498.jpg,pineapple,fresh,5,1,3.02,pineapple\Fresh\498.jpg
381.jpg,mango,rotten,2,2,0.23,mango\Rotten\381.jpg
426.jpg,papaya,unripe,4,0,4.73,papaya\Unripe\426.jpg
304.jpg,apple,fresh,0,1,5.0,apple\Fresh\304.jpg
623.jpg,pineapple,fresh,5,1,3.24,pineapple\Fresh\623.jpg
91.jpg,papaya,unripe,4,0,4.54,papaya\Unripe\91.jpg
192.jpg,pineapple,unripe,5,0,6.05,pineapple\Unripe\192.jpg
186.jpg,apple,fresh,0,1,4.73,apple\Fresh\186.jpg
608.jpg,apple,rotten,0,2,0.23,apple\Rotten\608.jpg
234.jpg,mango,unripe,2,0,7.1,mango\Unripe\234.jpg
143.jpg,apple,fresh,0,1,4.78,apple\Fresh\143.jpg
76.jpg,banana,fresh,1,1,3.24,banana\Fresh\76.jpg
478.jpg,papaya,rotten,4,2,0.15,papaya\Rotten\478.jpg
612.jpg,mango,unripe,2,0,7.45,mango\Unripe\612.jpg
380.jpg,papaya,fresh,4,1,2.1,papaya\Fresh\380.jpg
48.jpg,banana,unripe,1,0,6.29,banana\Unripe\48.jpg
610.jpg,mango,unripe,2,0,6.6,mango\Unripe\610.jpg
481.jpg,papaya,unripe,4,0,5.43,papaya\Unripe\481.jpg
497.jpg,orange,fresh,3,1,5.26,orange\Fresh\497.jpg
322.jpg,orange,fresh,3,1,5.04,orange\Fresh\322.jpg
399.jpg,mango,rotten,2,2,0.4,mango\Rotten\399.jpg
434.jpg,apple,rotten,0,2,0.26,apple\Rotten\434.jpg
325.jpg,orange,rotten,3,2,0.02,orange\Rotten\325.jpg
17.jpg,apple,fresh,0,1,5.12,apple\Fresh\17.jpg
267.jpg,banana,rotten,1,2,0.01,banana\Rotten\267.jpg
413.jpg,papaya,unripe,4,0,4.9,papaya\Unripe\413.jpg
647.jpg,banana,unripe,1,0,6.24,banana\Unripe\647.jpg
330.jpg,orange,rotten,3,2,0.14,orange\Rotten\330.jpg
679.jpg,papaya,rotten,4,2,0.4,papaya\Rotten\679.jpg
525.jpg,pineapple,fresh,5,1,3.05,pineapple\Fresh\525.jpg
170.jpg,mango,fresh,2,1,3.17,mango\Fresh\170.jpg
103.jpg,mango,unripe,2,0,7.0,mango\Unripe\103.jpg
89.jpg,apple,rotten,0,2,-1.03,apple\Rotten\89.jpg
501.jpg,pineapple,rotten,5,2,0.6,pineapple\Rotten\501.jpg
213.jpg,pineapple,unripe,5,0,5.51,pineapple\Unripe\213.jpg
580.jpg,apple,unripe,0,0,9.74,apple\Unripe\580.jpg
447.jpg,pineapple,rotten,5,2,0.66,pineapple\Rotten\447.jpg
524.jpg,banana,unripe,1,0,5.65,banana\Unripe\524.jpg
609.jpg,apple,unripe,0,0,10.08,apple\Unripe\609.jpg
486.jpg,papaya,rotten,4,2,0.5,papaya\Rotten\486.jpg
76.jpg,pineapple,rotten,5,2,-1.96,pineapple\Rotten\76.jpg
23.jpg,pineapple,unripe,5,0,5.87,pineapple\Unripe\23.jpg
309.jpg,banana,unripe,1,0,5.54,banana\Unripe\309.jpg
145.jpg,apple,rotten,0,2,0.03,apple\Rotten\145.jpg
306.jpg,banana,rotten,1,2,0.54,banana\Rotten\306.jpg
283.jpg,orange,rotten,3,2,0.14,orange\Rotten\283.jpg
58.jpg,pineapple,rotten,5,2,0.07,pineapple\Rotten\58.jpg
347.jpg,papaya,fresh,4,1,1.73,papaya\Fresh\347.jpg
397.jpg,mango,fresh,2,1,2.86,mango\Fresh\397.jpg
164.jpg,apple,unripe,0,0,9.81,apple\Unripe\164.jpg
54.jpg,pineapple,fresh,5,1,3.18,pineapple\Fresh\54.jpg
496.jpg,papaya,fresh,4,1,1.94,papaya\Fresh\496.jpg
1.jpg,apple,fresh,0,1,5.25,apple\Fresh\1.jpg
13.jpg,banana,unripe,1,0,6.47,banana\Unripe\13.jpg
175.jpg,papaya,fresh,4,1,2.15,papaya\Fresh\175.jpg
419.jpg,apple,unripe,0,0,9.69,apple\Unripe\419.jpg
13.jpg,orange,fresh,3,1,4.79,orange\Fresh\13.jpg
602.jpg,papaya,rotten,4,2,0.14,papaya\Rotten\602.jpg
396.jpg,mango,rotten,2,2,0.67,mango\Rotten\396.jpg
477.jpg,banana,fresh,1,1,2.74,banana\Fresh\477.jpg
113.jpg,papaya,unripe,4,0,4.54,papaya\Unripe\113.jpg
582.jpg,orange,rotten,3,2,0.59,orange\Rotten\582.jpg
91.jpg,orange,unripe,3,0,8.4,orange\Unripe\91.jpg
396.jpg,banana,rotten,1,2,-2.14,banana\Rotten\396.jpg
455.jpg,pineapple,unripe,5,0,6.01,pineapple\Unripe\455.jpg
439.jpg,banana,fresh,1,1,3.27,banana\Fresh\439.jpg
325.jpg,mango,fresh,2,1,3.09,mango\Fresh\325.jpg
48.jpg,banana,fresh,1,1,3.03,banana\Fresh\48.jpg
477.jpg,mango,rotten,2,2,0.54,mango\Rotten\477.jpg
452.jpg,apple,rotten,0,2,-2.25,apple\Rotten\452.jpg
601.jpg,pineapple,rotten,5,2,-1.2,pineapple\Rotten\601.jpg
65.jpg,apple,rotten,0,2,0.17,apple\Rotten\65.jpg
180.jpg,orange,unripe,3,0,8.13,orange\Unripe\180.jpg
335.jpg,banana,unripe,1,0,5.81,banana\Unripe\335.jpg
224.jpg,banana,fresh,1,1,2.9,banana\Fresh\224.jpg
72.jpg,banana,unripe,1,0,6.33,banana\Unripe\72.jpg
121.jpg,orange,rotten,3,2,0.31,orange\Rotten\121.jpg
597.jpg,banana,rotten,1,2,-2.42,banana\Rotten\597.jpg
528.jpg,mango,unripe,2,0,6.77,mango\Unripe\528.jpg
487.jpg,mango,unripe,2,0,6.96,mango\Unripe\487.jpg
450.jpg,papaya,rotten,4,2,0.57,papaya\Rotten\450.jpg
442.jpg,mango,fresh,2,1,3.09,mango\Fresh\442.jpg
597.jpg,pineapple,unripe,5,0,6.39,pineapple\Unripe\597.jpg
288.jpg,banana,rotten,1,2,0.08,banana\Rotten\288.jpg
402.jpg,pineapple,fresh,5,1,2.88,pineapple\Fresh\402.jpg
474.jpg,pineapple,unripe,5,0,5.97,pineapple\Unripe\474.jpg
212.jpg,papaya,fresh,4,1,1.85,papaya\Fresh\212.jpg
145.jpg,papaya,unripe,4,0,4.8,papaya\Unripe\145.jpg
228.jpg,orange,rotten,3,2,0.66,orange\Rotten\228.jpg
112.jpg,orange,fresh,3,1,4.81,orange\Fresh\112.jpg
647.jpg,papaya,fresh,4,1,2.03,papaya\Fresh\647.jpg
325.jpg,banana,fresh,1,1,2.87,banana\Fresh\325.jpg
3.jpg,orange,unripe,3,0,8.06,orange\Unripe\3.jpg
160.jpg,pineapple,unripe,5,0,6.49,pineapple\Unripe\160.jpg
368.jpg,papaya,fresh,4,1,1.83,papaya\Fresh\368.jpg
141.jpg,pineapple,fresh,5,1,3.18,pineapple\Fresh\141.jpg
356.jpg,apple,unripe,0,0,10.34,apple\Unripe\356.jpg
304.jpg,banana,fresh,1,1,2.91,banana\Fresh\304.jpg
234.jpg,apple,unripe,0,0,9.5,apple\Unripe\234.jpg
232.jpg,mango,fresh,2,1,3.08,mango\Fresh\232.jpg
596.jpg,apple,rotten,0,2,0.38,apple\Rotten\596.jpg
40.jpg,banana,fresh,1,1,2.91,banana\Fresh\40.jpg
53.jpg,papaya,rotten,4,2,0.47,papaya\Rotten\53.jpg
330.jpg,apple,rotten,0,2,-1.37,apple\Rotten\330.jpg
70.jpg,orange,fresh,3,1,5.14,orange\Fresh\70.jpg
527.jpg,pineapple,unripe,5,0,6.41,pineapple\Unripe\527.jpg
157.jpg,papaya,rotten,4,2,0.76,papaya\Rotten\157.jpg
199.jpg,mango,rotten,2,2,-2.01,mango\Rotten\199.jpg
420.jpg,papaya,fresh,4,1,1.98,papaya\Fresh\420.jpg
147.jpg,banana,fresh,1,1,3.19,banana\Fresh\147.jpg
607.jpg,banana,rotten,1,2,-1.2,banana\Rotten\607.jpg
135.jpg,banana,fresh,1,1,3.16,banana\Fresh\135.jpg
47.jpg,papaya,rotten,4,2,0.12,papaya\Rotten\47.jpg
238.jpg,banana,unripe,1,0,6.31,banana\Unripe\238.jpg
496.jpg,banana,fresh,1,1,2.73,banana\Fresh\496.jpg
440.jpg,banana,fresh,1,1,3.03,banana\Fresh\440.jpg
494.jpg,mango,fresh,2,1,2.75,mango\Fresh\494.jpg
232.jpg,papaya,unripe,4,0,4.99,papaya\Unripe\232.jpg
205.jpg,banana,unripe,1,0,5.58,banana\Unripe\205.jpg
140.jpg,apple,unripe,0,0,10.12,apple\Unripe\140.jpg
514.jpg,orange,fresh,3,1,5.27,orange\Fresh\514.jpg
599.jpg,papaya,rotten,4,2,0.67,papaya\Rotten\599.jpg
298.jpg,pineapple,rotten,5,2,-1.6,pineapple\Rotten\298.jpg
617.jpg,pineapple,fresh,5,1,3.27,pineapple\Fresh\617.jpg
552.jpg,apple,rotten,0,2,0.64,apple\Rotten\552.jpg
298.jpg,papaya,unripe,4,0,4.98,papaya\Unripe\298.jpg
129.jpg,pineapple,fresh,5,1,3.21,pineapple\Fresh\129.jpg
66.jpg,apple,unripe,0,0,9.96,apple\Unripe\66.jpg
94.jpg,pineapple,fresh,5,1,2.84,pineapple\Fresh\94.jpg
277.jpg,apple,rotten,0,2,0.07,apple\Rotten\277.jpg
232.jpg,apple,unripe,0,0,9.95,apple\Unripe\232.jpg
677.jpg,papaya,rotten,4,2,0.27,papaya\Rotten\677.jpg
617.jpg,banana,rotten,1,2,0.6,banana\Rotten\617.jpg
460.jpg,orange,fresh,3,1,5.0,orange\Fresh\460.jpg
501.jpg,orange,rotten,3,2,-1.33,orange\Rotten\501.jpg
256.jpg,papaya,rotten,4,2,-2.16,papaya\Rotten\256.jpg
334.jpg,orange,fresh,3,1,4.93,orange\Fresh\334.jpg
323.jpg,papaya,rotten,4,2,0.52,papaya\Rotten\323.jpg
354.jpg,papaya,fresh,4,1,2.12,papaya\Fresh\354.jpg
151.jpg,papaya,rotten,4,2,0.45,papaya\Rotten\151.jpg
121.jpg,banana,fresh,1,1,3.17,banana\Fresh\121.jpg
70.jpg,apple,fresh,0,1,5.13,apple\Fresh\70.jpg
216.jpg,papaya,rotten,4,2,0.2,papaya\Rotten\216.jpg
493.jpg,banana,unripe,1,0,5.64,banana\Unripe\493.jpg
532.jpg,orange,fresh,3,1,4.95,orange\Fresh\532.jpg
210.jpg,banana,unripe,1,0,6.23,banana\Unripe\210.jpg
249.jpg,pineapple,rotten,5,2,0.46,pineapple\Rotten\249.jpg
405.jpg,apple,rotten,0,2,0.59,apple\Rotten\405.jpg
320.jpg,mango,rotten,2,2,0.01,mango\Rotten\320.jpg
375.jpg,mango,unripe,2,0,7.36,mango\Unripe\375.jpg
192.jpg,pineapple,fresh,5,1,3.0,pineapple\Fresh\192.jpg
563.jpg,pineapple,unripe,5,0,6.3,pineapple\Unripe\563.jpg
452.jpg,banana,fresh,1,1,2.81,banana\Fresh\452.jpg
332.jpg,banana,rotten,1,2,0.63,banana\Rotten\332.jpg
637.jpg,apple,rotten,0,2,0.4,apple\Rotten\637.jpg
10.jpg,apple,unripe,0,0,9.67,apple\Unripe\10.jpg
208.jpg,orange,unripe,3,0,7.62,orange\Unripe\208.jpg
462.jpg,orange,unripe,3,0,7.93,orange\Unripe\462.jpg
259.jpg,orange,rotten,3,2,0.02,orange\Rotten\259.jpg
485.jpg,mango,fresh,2,1,2.74,mango\Fresh\485.jpg
74.jpg,papaya,rotten,4,2,0.51,papaya\Rotten\74.jpg
415.jpg,orange,unripe,3,0,8.38,orange\Unripe\415.jpg
332.jpg,mango,unripe,2,0,7.39,mango\Unripe\332.jpg
233.jpg,papaya,unripe,4,0,4.97,papaya\Unripe\233.jpg
32.jpg,pineapple,unripe,5,0,6.15,pineapple\Unripe\32.jpg
352.jpg,papaya,fresh,4,1,1.84,papaya\Fresh\352.jpg
516.jpg,orange,fresh,3,1,4.81,orange\Fresh\516.jpg
188.jpg,papaya,fresh,4,1,2.07,papaya\Fresh\188.jpg
599.jpg,apple,rotten,0,2,0.73,apple\Rotten\599.jpg
454.jpg,mango,unripe,2,0,6.9,mango\Unripe\454.jpg
317.jpg,apple,fresh,0,1,5.14,apple\Fresh\317.jpg
1.jpg,pineapple,rotten,5,2,0.22,pineapple\Rotten\1.jpg
404.jpg,papaya,fresh,4,1,2.1,papaya\Fresh\404.jpg
415.jpg,banana,fresh,1,1,2.73,banana\Fresh\415.jpg
239.jpg,papaya,fresh,4,1,1.77,papaya\Fresh\239.jpg
498.jpg,apple,rotten,0,2,-1.39,apple\Rotten\498.jpg
527.jpg,orange,unripe,3,0,7.66,orange\Unripe\527.jpg
182.jpg,papaya,unripe,4,0,4.77,papaya\Unripe\182.jpg
572.jpg,pineapple,unripe,5,0,6.1,pineapple\Unripe\572.jpg
436.jpg,banana,unripe,1,0,5.73,banana\Unripe\436.jpg
495.jpg,mango,unripe,2,0,7.48,mango\Unripe\495.jpg
497.jpg,mango,unripe,2,0,6.63,mango\Unripe\497.jpg
71.jpg,orange,rotten,3,2,0.32,orange\Rotten\71.jpg
351.jpg,apple,rotten,0,2,0.65,apple\Rotten\351.jpg
158.jpg,mango,fresh,2,1,3.22,mango\Fresh\158.jpg
243.jpg,pineapple,rotten,5,2,0.74,pineapple\Rotten\243.jpg
537.jpg,apple,fresh,0,1,5.26,apple\Fresh\537.jpg
648.jpg,pineapple,fresh,5,1,3.08,pineapple\Fresh\648.jpg
382.jpg,apple,rotten,0,2,-1.59,apple\Rotten\382.jpg
659.jpg,orange,rotten,3,2,0.37,orange\Rotten\659.jpg
6.jpg,pineapple,unripe,5,0,6.23,pineapple\Unripe\6.jpg
328.jpg,banana,rotten,1,2,-2.19,banana\Rotten\328.jpg
137.jpg,mango,fresh,2,1,3.26,mango\Fresh\137.jpg
557.jpg,papaya,unripe,4,0,4.91,papaya\Unripe\557.jpg
287.jpg,mango,unripe,2,0,6.52,mango\Unripe\287.jpg
595.jpg,apple,unripe,0,0,10.14,apple\Unripe\595.jpg
208.jpg,orange,fresh,3,1,4.9,orange\Fresh\208.jpg
362.jpg,apple,rotten,0,2,0.72,apple\Rotten\362.jpg
429.jpg,mango,unripe,2,0,7.09,mango\Unripe\429.jpg
39.jpg,papaya,rotten,4,2,0.15,papaya\Rotten\39.jpg
513.jpg,papaya,rotten,4,2,0.58,papaya\Rotten\513.jpg
116.jpg,orange,unripe,3,0,7.63,orange\Unripe\116.jpg
523.jpg,pineapple,rotten,5,2,0.34,pineapple\Rotten\523.jpg
397.jpg,papaya,fresh,4,1,2.25,papaya\Fresh\397.jpg
579.jpg,apple,rotten,0,2,0.25,apple\Rotten\579.jpg
606.jpg,mango,rotten,2,2,0.51,mango\Rotten\606.jpg
157.jpg,apple,unripe,0,0,9.89,apple\Unripe\157.jpg
228.jpg,pineapple,fresh,5,1,3.19,pineapple\Fresh\228.jpg
503.jpg,orange,fresh,3,1,4.8,orange\Fresh\503.jpg
466.jpg,apple,rotten,0,2,0.39,apple\Rotten\466.jpg
240.jpg,papaya,unripe,4,0,4.51,papaya\Unripe\240.jpg
440.jpg,banana,unripe,1,0,6.39,banana\Unripe\440.jpg
150.jpg,banana,unripe,1,0,6.09,banana\Unripe\150.jpg
124.jpg,orange,unripe,3,0,8.15,orange\Unripe\124.jpg
470.jpg,banana,unripe,1,0,5.81,banana\Unripe\470.jpg
32.jpg,papaya,unripe,4,0,4.66,papaya\Unripe\32.jpg
413.jpg,apple,unripe,0,0,10.24,apple\Unripe\413.jpg
27.jpg,apple,fresh,0,1,4.91,apple\Fresh\27.jpg
341.jpg,mango,unripe,2,0,7.28,mango\Unripe\341.jpg
447.jpg,mango,fresh,2,1,3.09,mango\Fresh\447.jpg
287.jpg,orange,fresh,3,1,5.28,orange\Fresh\287.jpg
13.jpg,orange,rotten,3,2,0.43,orange\Rotten\13.jpg
228.jpg,mango,rotten,2,2,0.1,mango\Rotten\228.jpg
50.jpg,pineapple,unripe,5,0,5.81,pineapple\Unripe\50.jpg
382.jpg,mango,unripe,2,0,6.57,mango\Unripe\382.jpg
348.jpg,apple,rotten,0,2,0.08,apple\Rotten\348.jpg
658.jpg,banana,unripe,1,0,6.3,banana\Unripe\658.jpg
8.jpg,orange,unripe,3,0,8.11,orange\Unripe\8.jpg
632.jpg,apple,rotten,0,2,0.43,apple\Rotten\632.jpg
269.jpg,banana,rotten,1,2,-1.54,banana\Rotten\269.jpg
228.jpg,banana,unripe,1,0,6.1,banana\Unripe\228.jpg
416.jpg,papaya,fresh,4,1,1.8,papaya\Fresh\416.jpg
618.jpg,papaya,rotten,4,2,0.75,papaya\Rotten\618.jpg
495.jpg,papaya,rotten,4,2,0.15,papaya\Rotten\495.jpg
412.jpg,apple,fresh,0,1,5.18,apple\Fresh\412.jpg
662.jpg,banana,fresh,1,1,3.0,banana\Fresh\662.jpg
432.jpg,orange,rotten,3,2,0.05,orange\Rotten\432.jpg
400.jpg,pineapple,rotten,5,2,0.26,pineapple\Rotten\400.jpg
153.jpg,banana,unripe,1,0,6.06,banana\Unripe\153.jpg
667.jpg,apple,rotten,0,2,0.22,apple\Rotten\667.jpg
206.jpg,banana,rotten,1,2,0.04,banana\Rotten\206.jpg
473.jpg,pineapple,fresh,5,1,3.16,pineapple\Fresh\473.jpg
354.jpg,mango,fresh,2,1,3.13,mango\Fresh\354.jpg
192.jpg,apple,fresh,0,1,5.04,apple\Fresh\192.jpg
59.jpg,pineapple,rotten,5,2,0.78,pineapple\Rotten\59.jpg
430.jpg,orange,unripe,3,0,7.79,orange\Unripe\430.jpg
227.jpg,papaya,fresh,4,1,1.88,papaya\Fresh\227.jpg
48.jpg,apple,fresh,0,1,4.78,apple\Fresh\48.jpg
208.jpg,banana,unripe,1,0,6.4,banana\Unripe\208.jpg
53.jpg,apple,fresh,0,1,4.9,apple\Fresh\53.jpg
417.jpg,papaya,unripe,4,0,5.15,papaya\Unripe\417.jpg
428.jpg,orange,fresh,3,1,5.0,orange\Fresh\428.jpg
242.jpg,pineapple,unripe,5,0,5.91,pineapple\Unripe\242.jpg
581.jpg,orange,fresh,3,1,5.09,orange\Fresh\581.jpg
374.jpg,banana,rotten,1,2,-2.25,banana\Rotten\374.jpg
667.jpg,pineapple,rotten,5,2,0.57,pineapple\Rotten\667.jpg
542.jpg,pineapple,fresh,5,1,2.82,pineapple\Fresh\542.jpg
151.jpg,orange,fresh,3,1,5.0,orange\Fresh\151.jpg
296.jpg,apple,fresh,0,1,5.22,apple\Fresh\296.jpg
423.jpg,apple,unripe,0,0,9.79,apple\Unripe\423.jpg
10.jpg,mango,fresh,2,1,3.24,mango\Fresh\10.jpg
57.jpg,papaya,unripe,4,0,4.81,papaya\Unripe\57.jpg
28.jpg,papaya,fresh,4,1,1.82,papaya\Fresh\28.jpg
187.jpg,orange,unripe,3,0,8.42,orange\Unripe\187.jpg
263.jpg,papaya,rotten,4,2,0.12,papaya\Rotten\263.jpg
660.jpg,banana,unripe,1,0,6.16,banana\Unripe\660.jpg
425.jpg,pineapple,unripe,5,0,6.08,pineapple\Unripe\425.jpg
104.jpg,banana,fresh,1,1,2.89,banana\Fresh\104.jpg
52.jpg,papaya,rotten,4,2,-1.06,papaya\Rotten\52.jpg
49.jpg,papaya,rotten,4,2,0.78,papaya\Rotten\49.jpg
692.jpg,pineapple,rotten,5,2,0.31,pineapple\Rotten\692.jpg
555.jpg,pineapple,rotten,5,2,0.8,pineapple\Rotten\555.jpg
557.jpg,mango,unripe,2,0,7.03,mango\Unripe\557.jpg
321.jpg,pineapple,unripe,5,0,5.92,pineapple\Unripe\321.jpg
526.jpg,banana,rotten,1,2,0.32,banana\Rotten\526.jpg
612.jpg,apple,rotten,0,2,-2.47,apple\Rotten\612.jpg
181.jpg,mango,fresh,2,1,2.71,mango\Fresh\181.jpg
284.jpg,apple,rotten,0,2,-2.0,apple\Rotten\284.jpg
52.jpg,orange,rotten,3,2,0.63,orange\Rotten\52.jpg
442.jpg,papaya,unripe,4,0,5.03,papaya\Unripe\442.jpg
475.jpg,mango,rotten,2,2,0.27,mango\Rotten\475.jpg
365.jpg,papaya,fresh,4,1,2.0,papaya\Fresh\365.jpg
86.jpg,papaya,unripe,4,0,5.39,papaya\Unripe\86.jpg
97.jpg,mango,rotten,2,2,0.55,mango\Rotten\97.jpg
166.jpg,mango,fresh,2,1,2.75,mango\Fresh\166.jpg
560.jpg,orange,unripe,3,0,7.58,orange\Unripe\560.jpg
364.jpg,apple,rotten,0,2,0.52,apple\Rotten\364.jpg
321.jpg,papaya,rotten,4,2,0.76,papaya\Rotten\321.jpg
295.jpg,pineapple,rotten,5,2,0.05,pineapple\Rotten\295.jpg
217.jpg,papaya,unripe,4,0,4.66,papaya\Unripe\217.jpg
626.jpg,banana,unripe,1,0,6.42,banana\Unripe\626.jpg
82.jpg,orange,unripe,3,0,7.72,orange\Unripe\82.jpg
87.jpg,papaya,unripe,4,0,5.27,papaya\Unripe\87.jpg
316.jpg,papaya,rotten,4,2,0.13,papaya\Rotten\316.jpg
12.jpg,papaya,rotten,4,2,0.61,papaya\Rotten\12.jpg
40.jpg,pineapple,unripe,5,0,6.04,pineapple\Unripe\40.jpg
222.jpg,pineapple,unripe,5,0,5.73,pineapple\Unripe\222.jpg
219.jpg,pineapple,rotten,5,2,0.13,pineapple\Rotten\219.jpg
21.jpg,apple,fresh,0,1,5.19,apple\Fresh\21.jpg
250.jpg,banana,rotten,1,2,0.58,banana\Rotten\250.jpg
194.jpg,pineapple,unripe,5,0,5.57,pineapple\Unripe\194.jpg
614.jpg,apple,fresh,0,1,4.9,apple\Fresh\614.jpg
164.jpg,banana,fresh,1,1,2.87,banana\Fresh\164.jpg
639.jpg,apple,fresh,0,1,5.15,apple\Fresh\639.jpg
392.jpg,pineapple,unripe,5,0,5.98,pineapple\Unripe\392.jpg
19.jpg,apple,fresh,0,1,5.13,apple\Fresh\19.jpg
244.jpg,papaya,unripe,4,0,5.39,papaya\Unripe\244.jpg
85.jpg,orange,rotten,3,2,0.17,orange\Rotten\85.jpg
614.jpg,papaya,rotten,4,2,-1.94,papaya\Rotten\614.jpg
50.jpg,apple,unripe,0,0,9.71,apple\Unripe\50.jpg
68.jpg,mango,fresh,2,1,2.74,mango\Fresh\68.jpg
597.jpg,papaya,fresh,4,1,1.7,papaya\Fresh\597.jpg
382.jpg,apple,fresh,0,1,5.18,apple\Fresh\382.jpg
40.jpg,orange,unripe,3,0,7.84,orange\Unripe\40.jpg
287.jpg,mango,fresh,2,1,2.83,mango\Fresh\287.jpg
428.jpg,orange,rotten,3,2,-1.31,orange\Rotten\428.jpg
86.jpg,papaya,rotten,4,2,-2.27,papaya\Rotten\86.jpg
427.jpg,papaya,unripe,4,0,4.91,papaya\Unripe\427.jpg
196.jpg,pineapple,unripe,5,0,6.2,pineapple\Unripe\196.jpg
343.jpg,apple,fresh,0,1,5.12,apple\Fresh\343.jpg
282.jpg,banana,unripe,1,0,6.38,banana\Unripe\282.jpg
307.jpg,banana,fresh,1,1,2.96,banana\Fresh\307.jpg
632.jpg,apple,unripe,0,0,9.77,apple\Unripe\632.jpg
311.jpg,apple,fresh,0,1,5.21,apple\Fresh\311.jpg
3.jpg,orange,rotten,3,2,0.22,orange\Rotten\3.jpg
305.jpg,pineapple,rotten,5,2,-2.18,pineapple\Rotten\305.jpg
379.jpg,apple,rotten,0,2,0.36,apple\Rotten\379.jpg
143.jpg,orange,fresh,3,1,5.12,orange\Fresh\143.jpg
4.jpg,mango,fresh,2,1,2.78,mango\Fresh\4.jpg
179.jpg,banana,fresh,1,1,2.8,banana\Fresh\179.jpg
601.jpg,banana,rotten,1,2,-1.92,banana\Rotten\601.jpg
198.jpg,papaya,unripe,4,0,4.54,papaya\Unripe\198.jpg
590.jpg,pineapple,rotten,5,2,0.61,pineapple\Rotten\590.jpg
273.jpg,apple,fresh,0,1,4.95,apple\Fresh\273.jpg
292.jpg,papaya,unripe,4,0,5.24,papaya\Unripe\292.jpg
426.jpg,pineapple,rotten,5,2,0.23,pineapple\Rotten\426.jpg
184.jpg,papaya,rotten,4,2,0.53,papaya\Rotten\184.jpg
21.jpg,pineapple,rotten,5,2,0.17,pineapple\Rotten\21.jpg
263.jpg,orange,fresh,3,1,4.74,orange\Fresh\263.jpg
485.jpg,papaya,unripe,4,0,5.16,papaya\Unripe\485.jpg
656.jpg,banana,rotten,1,2,0.7,banana\Rotten\656.jpg
54.jpg,apple,rotten,0,2,-1.13,apple\Rotten\54.jpg
124.jpg,banana,unripe,1,0,6.49,banana\Unripe\124.jpg
645.jpg,orange,rotten,3,2,0.15,orange\Rotten\645.jpg
287.jpg,pineapple,unripe,5,0,6.21,pineapple\Unripe\287.jpg
664.jpg,mango,rotten,2,2,0.51,mango\Rotten\664.jpg
146.jpg,pineapple,unripe,5,0,6.48,pineapple\Unripe\146.jpg
326.jpg,banana,rotten,1,2,0.35,banana\Rotten\326.jpg
614.jpg,banana,fresh,1,1,2.73,banana\Fresh\614.jpg
297.jpg,papaya,unripe,4,0,4.78,papaya\Unripe\297.jpg
154.jpg,apple,fresh,0,1,5.05,apple\Fresh\154.jpg
390.jpg,mango,fresh,2,1,3.05,mango\Fresh\390.jpg
125.jpg,papaya,fresh,4,1,2.16,papaya\Fresh\125.jpg
633.jpg,orange,unripe,3,0,8.34,orange\Unripe\633.jpg
311.jpg,banana,fresh,1,1,2.77,banana\Fresh\311.jpg
497.jpg,apple,fresh,0,1,4.94,apple\Fresh\497.jpg
660.jpg,apple,rotten,0,2,0.31,apple\Rotten\660.jpg
437.jpg,orange,fresh,3,1,4.86,orange\Fresh\437.jpg
384.jpg,papaya,unripe,4,0,5.4,papaya\Unripe\384.jpg
583.jpg,orange,fresh,3,1,5.16,orange\Fresh\583.jpg
476.jpg,mango,rotten,2,2,0.39,mango\Rotten\476.jpg
163.jpg,banana,fresh,1,1,2.82,banana\Fresh\163.jpg
357.jpg,banana,unripe,1,0,6.46,banana\Unripe\357.jpg
371.jpg,banana,unripe,1,0,6.0,banana\Unripe\371.jpg
101.jpg,mango,unripe,2,0,6.51,mango\Unripe\101.jpg
191.jpg,papaya,unripe,4,0,5.14,papaya\Unripe\191.jpg
71.jpg,mango,fresh,2,1,3.02,mango\Fresh\71.jpg
291.jpg,papaya,unripe,4,0,4.89,papaya\Unripe\291.jpg
236.jpg,mango,unripe,2,0,6.71,mango\Unripe\236.jpg
565.jpg,mango,unripe,2,0,7.25,mango\Unripe\565.jpg
24.jpg,apple,fresh,0,1,5.16,apple\Fresh\24.jpg
303.jpg,papaya,unripe,4,0,4.96,papaya\Unripe\303.jpg
574.jpg,papaya,fresh,4,1,2.15,papaya\Fresh\574.jpg
290.jpg,pineapple,fresh,5,1,3.08,pineapple\Fresh\290.jpg
46.jpg,orange,rotten,3,2,-2.0,orange\Rotten\46.jpg
194.jpg,pineapple,fresh,5,1,3.03,pineapple\Fresh\194.jpg
578.jpg,banana,unripe,1,0,5.61,banana\Unripe\578.jpg
211.jpg,orange,rotten,3,2,0.42,orange\Rotten\211.jpg
290.jpg,pineapple,rotten,5,2,0.16,pineapple\Rotten\290.jpg
449.jpg,banana,fresh,1,1,3.0,banana\Fresh\449.jpg
166.jpg,orange,fresh,3,1,4.72,orange\Fresh\166.jpg
213.jpg,orange,unripe,3,0,7.76,orange\Unripe\213.jpg
16.jpg,mango,rotten,2,2,0.29,mango\Rotten\16.jpg
218.jpg,pineapple,fresh,5,1,2.85,pineapple\Fresh\218.jpg
218.jpg,orange,rotten,3,2,0.11,orange\Rotten\218.jpg
211.jpg,mango,fresh,2,1,3.15,mango\Fresh\211.jpg
33.jpg,pineapple,fresh,5,1,2.96,pineapple\Fresh\33.jpg
235.jpg,banana,unripe,1,0,5.58,banana\Unripe\235.jpg
133.jpg,orange,fresh,3,1,4.76,orange\Fresh\133.jpg
554.jpg,apple,rotten,0,2,-2.16,apple\Rotten\554.jpg
239.jpg,apple,rotten,0,2,-1.75,apple\Rotten\239.jpg
368.jpg,orange,rotten,3,2,0.57,orange\Rotten\368.jpg
610.jpg,banana,rotten,1,2,0.61,banana\Rotten\610.jpg
289.jpg,apple,rotten,0,2,0.53,apple\Rotten\289.jpg
18.jpg,banana,unripe,1,0,6.32,banana\Unripe\18.jpg
426.jpg,banana,fresh,1,1,3.12,banana\Fresh\426.jpg
136.jpg,orange,unripe,3,0,7.59,orange\Unripe\136.jpg
231.jpg,pineapple,unripe,5,0,5.96,pineapple\Unripe\231.jpg
512.jpg,apple,rotten,0,2,0.43,apple\Rotten\512.jpg
541.jpg,pineapple,unripe,5,0,5.85,pineapple\Unripe\541.jpg
572.jpg,orange,rotten,3,2,0.12,orange\Rotten\572.jpg
424.jpg,papaya,fresh,4,1,1.8,papaya\Fresh\424.jpg
669.jpg,pineapple,rotten,5,2,0.73,pineapple\Rotten\669.jpg
598.jpg,papaya,rotten,4,2,0.59,papaya\Rotten\598.jpg
40.jpg,pineapple,fresh,5,1,2.8,pineapple\Fresh\40.jpg
244.jpg,orange,unripe,3,0,8.43,orange\Unripe\244.jpg
209.jpg,apple,unripe,0,0,10.13,apple\Unripe\209.jpg
36.jpg,apple,rotten,0,2,0.4,apple\Rotten\36.jpg
643.jpg,papaya,unripe,4,0,4.56,papaya\Unripe\643.jpg
613.jpg,pineapple,rotten,5,2,0.33,pineapple\Rotten\613.jpg
452.jpg,pineapple,rotten,5,2,-1.07,pineapple\Rotten\452.jpg
619.jpg,papaya,unripe,4,0,4.64,papaya\Unripe\619.jpg
431.jpg,apple,unripe,0,0,9.84,apple\Unripe\431.jpg
73.jpg,pineapple,rotten,5,2,0.41,pineapple\Rotten\73.jpg
258.jpg,papaya,rotten,4,2,0.74,papaya\Rotten\258.jpg
502.jpg,banana,rotten,1,2,0.68,banana\Rotten\502.jpg
666.jpg,pineapple,fresh,5,1,3.18,pineapple\Fresh\666.jpg
5.jpg,mango,rotten,2,2,0.06,mango\Rotten\5.jpg
509.jpg,orange,fresh,3,1,5.1,orange\Fresh\509.jpg
264.jpg,orange,unripe,3,0,7.71,orange\Unripe\264.jpg
483.jpg,pineapple,rotten,5,2,0.34,pineapple\Rotten\483.jpg
149.jpg,banana,fresh,1,1,3.29,banana\Fresh\149.jpg
121.jpg,orange,fresh,3,1,5.06,orange\Fresh\121.jpg
72.jpg,orange,unripe,3,0,8.15,orange\Unripe\72.jpg
62.jpg,orange,fresh,3,1,4.73,orange\Fresh\62.jpg
16.jpg,papaya,rotten,4,2,0.35,papaya\Rotten\16.jpg
101.jpg,papaya,rotten,4,2,0.05,papaya\Rotten\101.jpg
655.jpg,mango,rotten,2,2,0.47,mango\Rotten\655.jpg
491.jpg,orange,fresh,3,1,4.94,orange\Fresh\491.jpg
580.jpg,banana,unripe,1,0,6.5,banana\Unripe\580.jpg
501.jpg,apple,rotten,0,2,-1.71,apple\Rotten\501.jpg
590.jpg,mango,rotten,2,2,-2.44,mango\Rotten\590.jpg
622.jpg,orange,unripe,3,0,7.6,orange\Unripe\622.jpg
477.jpg,banana,unripe,1,0,5.97,banana\Unripe\477.jpg
617.jpg,apple,rotten,0,2,0.42,apple\Rotten\617.jpg
128.jpg,pineapple,rotten,5,2,0.8,pineapple\Rotten\128.jpg
299.jpg,mango,fresh,2,1,3.19,mango\Fresh\299.jpg
364.jpg,banana,fresh,1,1,2.99,banana\Fresh\364.jpg
384.jpg,mango,fresh,2,1,2.95,mango\Fresh\384.jpg
62.jpg,mango,unripe,2,0,7.35,mango\Unripe\62.jpg
580.jpg,pineapple,fresh,5,1,2.85,pineapple\Fresh\580.jpg
325.jpg,apple,fresh,0,1,5.05,apple\Fresh\325.jpg
234.jpg,banana,fresh,1,1,2.72,banana\Fresh\234.jpg
182.jpg,pineapple,fresh,5,1,2.81,pineapple\Fresh\182.jpg
41.jpg,orange,rotten,3,2,0.04,orange\Rotten\41.jpg
170.jpg,banana,unripe,1,0,6.35,banana\Unripe\170.jpg
93.jpg,apple,unripe,0,0,10.46,apple\Unripe\93.jpg
346.jpg,apple,rotten,0,2,0.57,apple\Rotten\346.jpg
561.jpg,apple,fresh,0,1,4.75,apple\Fresh\561.jpg
391.jpg,banana,unripe,1,0,6.22,banana\Unripe\391.jpg
200.jpg,mango,rotten,2,2,0.71,mango\Rotten\200.jpg
110.jpg,papaya,fresh,4,1,1.72,papaya\Fresh\110.jpg
41.jpg,apple,fresh,0,1,5.22,apple\Fresh\41.jpg
417.jpg,pineapple,unripe,5,0,5.72,pineapple\Unripe\417.jpg
118.jpg,banana,rotten,1,2,0.49,banana\Rotten\118.jpg
17.jpg,mango,rotten,2,2,0.49,mango\Rotten\17.jpg
436.jpg,papaya,unripe,4,0,5.48,papaya\Unripe\436.jpg
168.jpg,pineapple,unripe,5,0,6.16,pineapple\Unripe\168.jpg
247.jpg,banana,fresh,1,1,3.11,banana\Fresh\247.jpg
552.jpg,papaya,rotten,4,2,-2.4,papaya\Rotten\552.jpg
639.jpg,pineapple,rotten,5,2,0.61,pineapple\Rotten\639.jpg
461.jpg,papaya,rotten,4,2,0.52,papaya\Rotten\461.jpg
45.jpg,orange,rotten,3,2,0.19,orange\Rotten\45.jpg
267.jpg,banana,fresh,1,1,3.06,banana\Fresh\267.jpg
78.jpg,apple,rotten,0,2,0.4,apple\Rotten\78.jpg
654.jpg,apple,rotten,0,2,-1.06,apple\Rotten\654.jpg
312.jpg,orange,rotten,3,2,0.32,orange\Rotten\312.jpg
116.jpg,apple,rotten,0,2,-2.01,apple\Rotten\116.jpg
478.jpg,pineapple,unripe,5,0,6.38,pineapple\Unripe\478.jpg
451.jpg,apple,rotten,0,2,0.7,apple\Rotten\451.jpg
217.jpg,orange,fresh,3,1,5.02,orange\Fresh\217.jpg
118.jpg,pineapple,unripe,5,0,6.44,pineapple\Unripe\118.jpg
20.jpg,banana,rotten,1,2,0.38,banana\Rotten\20.jpg
91.jpg,orange,rotten,3,2,0.54,orange\Rotten\91.jpg
290.jpg,mango,rotten,2,2,-1.58,mango\Rotten\290.jpg
241.jpg,orange,rotten,3,2,-1.62,orange\Rotten\241.jpg
16.jpg,pineapple,fresh,5,1,3.05,pineapple\Fresh\16.jpg
75.jpg,banana,rotten,1,2,0.19,banana\Rotten\75.jpg
561.jpg,apple,unripe,0,0,10.26,apple\Unripe\561.jpg
304.jpg,orange,fresh,3,1,4.81,orange\Fresh\304.jpg
184.jpg,banana,unripe,1,0,5.84,banana\Unripe\184.jpg
608.jpg,papaya,rotten,4,2,0.17,papaya\Rotten\608.jpg
226.jpg,orange,fresh,3,1,4.93,orange\Fresh\226.jpg
161.jpg,papaya,rotten,4,2,0.52,papaya\Rotten\161.jpg
98.jpg,pineapple,rotten,5,2,0.27,pineapple\Rotten\98.jpg
587.jpg,pineapple,rotten,5,2,-1.25,pineapple\Rotten\587.jpg
445.jpg,apple,rotten,0,2,0.38,apple\Rotten\445.jpg
72.jpg,orange,rotten,3,2,0.68,orange\Rotten\72.jpg
659.jpg,orange,fresh,3,1,5.28,orange\Fresh\659.jpg
130.jpg,mango,unripe,2,0,6.7,mango\Unripe\130.jpg
446.jpg,mango,fresh,2,1,2.92,mango\Fresh\446.jpg
563.jpg,pineapple,rotten,5,2,0.79,pineapple\Rotten\563.jpg
82.jpg,banana,rotten,1,2,0.25,banana\Rotten\82.jpg
80.jpg,orange,fresh,3,1,4.99,orange\Fresh\80.jpg
559.jpg,pineapple,unripe,5,0,5.81,pineapple\Unripe\559.jpg
285.jpg,mango,rotten,2,2,0.35,mango\Rotten\285.jpg
353.jpg,papaya,fresh,4,1,2.16,papaya\Fresh\353.jpg
252.jpg,orange,fresh,3,1,5.27,orange\Fresh\252.jpg
414.jpg,pineapple,rotten,5,2,-2.45,pineapple\Rotten\414.jpg
111.jpg,banana,fresh,1,1,2.72,banana\Fresh\111.jpg
575.jpg,pineapple,unripe,5,0,6.09,pineapple\Unripe\575.jpg
517.jpg,banana,fresh,1,1,3.16,banana\Fresh\517.jpg
632.jpg,papaya,rotten,4,2,-1.05,papaya\Rotten\632.jpg
226.jpg,pineapple,rotten,5,2,0.56,pineapple\Rotten\226.jpg
584.jpg,mango,rotten,2,2,0.21,mango\Rotten\584.jpg
188.jpg,apple,rotten,0,2,0.19,apple\Rotten\188.jpg
186.jpg,mango,unripe,2,0,6.78,mango\Unripe\186.jpg
311.jpg,mango,fresh,2,1,2.92,mango\Fresh\311.jpg
83.jpg,pineapple,rotten,5,2,-1.45,pineapple\Rotten\83.jpg
21.jpg,orange,rotten,3,2,0.66,orange\Rotten\21.jpg
609.jpg,papaya,rotten,4,2,0.06,papaya\Rotten\609.jpg
606.jpg,mango,unripe,2,0,6.57,mango\Unripe\606.jpg
556.jpg,apple,unripe,0,0,9.74,apple\Unripe\556.jpg
563.jpg,banana,fresh,1,1,3.01,banana\Fresh\563.jpg
365.jpg,pineapple,fresh,5,1,2.83,pineapple\Fresh\365.jpg
326.jpg,pineapple,rotten,5,2,-1.95,pineapple\Rotten\326.jpg
147.jpg,mango,fresh,2,1,3.1,mango\Fresh\147.jpg
470.jpg,orange,unripe,3,0,8.22,orange\Unripe\470.jpg
310.jpg,pineapple,unripe,5,0,6.15,pineapple\Unripe\310.jpg
606.jpg,papaya,unripe,4,0,4.5,papaya\Unripe\606.jpg
396.jpg,apple,unripe,0,0,9.55,apple\Unripe\396.jpg
225.jpg,banana,fresh,1,1,2.95,banana\Fresh\225.jpg
182.jpg,papaya,rotten,4,2,-1.61,papaya\Rotten\182.jpg
243.jpg,apple,unripe,0,0,9.8,apple\Unripe\243.jpg
341.jpg,papaya,fresh,4,1,1.8,papaya\Fresh\341.jpg
23.jpg,mango,fresh,2,1,2.84,mango\Fresh\23.jpg
676.jpg,pineapple,rotten,5,2,-2.41,pineapple\Rotten\676.jpg
492.jpg,apple,rotten,0,2,0.22,apple\Rotten\492.jpg
117.jpg,pineapple,fresh,5,1,3.27,pineapple\Fresh\117.jpg
504.jpg,banana,fresh,1,1,2.99,banana\Fresh\504.jpg
114.jpg,mango,fresh,2,1,3.01,mango\Fresh\114.jpg
539.jpg,mango,fresh,2,1,2.85,mango\Fresh\539.jpg
95.jpg,orange,unripe,3,0,7.88,orange\Unripe\95.jpg
487.jpg,pineapple,rotten,5,2,0.06,pineapple\Rotten\487.jpg
261.jpg,papaya,unripe,4,0,5.35,papaya\Unripe\261.jpg
198.jpg,banana,unripe,1,0,6.45,banana\Unripe\198.jpg
361.jpg,apple,fresh,0,1,4.72,apple\Fresh\361.jpg
173.jpg,apple,unripe,0,0,9.99,apple\Unripe\173.jpg
623.jpg,pineapple,unripe,5,0,5.54,pineapple\Unripe\623.jpg
16.jpg,mango,fresh,2,1,2.72,mango\Fresh\16.jpg
26.jpg,pineapple,fresh,5,1,2.72,pineapple\Fresh\26.jpg
53.jpg,banana,unripe,1,0,6.03,banana\Unripe\53.jpg
115.jpg,banana,unripe,1,0,6.28,banana\Unripe\115.jpg
588.jpg,banana,unripe,1,0,5.82,banana\Unripe\588.jpg
566.jpg,orange,rotten,3,2,0.19,orange\Rotten\566.jpg
135.jpg,mango,fresh,2,1,3.1,mango\Fresh\135.jpg
61.jpg,papaya,unripe,4,0,5.32,papaya\Unripe\61.jpg
404.jpg,orange,unripe,3,0,7.76,orange\Unripe\404.jpg
201.jpg,apple,rotten,0,2,0.15,apple\Rotten\201.jpg
238.jpg,orange,unripe,3,0,7.58,orange\Unripe\238.jpg
456.jpg,apple,unripe,0,0,10.12,apple\Unripe\456.jpg
485.jpg,banana,unripe,1,0,5.95,banana\Unripe\485.jpg
200.jpg,banana,unripe,1,0,5.6,banana\Unripe\200.jpg
144.jpg,apple,rotten,0,2,-1.62,apple\Rotten\144.jpg
433.jpg,papaya,unripe,4,0,5.42,papaya\Unripe\433.jpg
278.jpg,papaya,unripe,4,0,5.06,papaya\Unripe\278.jpg
278.jpg,orange,fresh,3,1,5.26,orange\Fresh\278.jpg
315.jpg,banana,fresh,1,1,3.28,banana\Fresh\315.jpg
226.jpg,orange,unripe,3,0,8.03,orange\Unripe\226.jpg
26.jpg,pineapple,unripe,5,0,6.17,pineapple\Unripe\26.jpg
9.jpg,pineapple,rotten,5,2,0.75,pineapple\Rotten\9.jpg
31.jpg,banana,rotten,1,2,0.6,banana\Rotten\31.jpg
65.jpg,papaya,fresh,4,1,2.22,papaya\Fresh\65.jpg
38.jpg,apple,unripe,0,0,9.8,apple\Unripe\38.jpg
102.jpg,apple,rotten,0,2,0.13,apple\Rotten\102.jpg
238.jpg,banana,fresh,1,1,3.01,banana\Fresh\238.jpg
174.jpg,apple,fresh,0,1,5.22,apple\Fresh\174.jpg
505.jpg,banana,fresh,1,1,2.82,banana\Fresh\505.jpg
604.jpg,papaya,fresh,4,1,2.04,papaya\Fresh\604.jpg
349.jpg,mango,rotten,2,2,0.59,mango\Rotten\349.jpg
517.jpg,orange,unripe,3,0,8.06,orange\Unripe\517.jpg
152.jpg,banana,rotten,1,2,0.62,banana\Rotten\152.jpg
322.jpg,papaya,rotten,4,2,0.66,papaya\Rotten\322.jpg
28.jpg,apple,unripe,0,0,9.92,apple\Unripe\28.jpg
199.jpg,mango,unripe,2,0,7.35,mango\Unripe\199.jpg
638.jpg,apple,rotten,0,2,0.7,apple\Rotten\638.jpg
466.jpg,pineapple,rotten,5,2,0.13,pineapple\Rotten\466.jpg
211.jpg,banana,fresh,1,1,3.09,banana\Fresh\211.jpg
57.jpg,orange,fresh,3,1,5.09,orange\Fresh\57.jpg
91.jpg,apple,fresh,0,1,5.12,apple\Fresh\91.jpg
202.jpg,apple,unripe,0,0,10.46,apple\Unripe\202.jpg
361.jpg,banana,rotten,1,2,-1.92,banana\Rotten\361.jpg
328.jpg,pineapple,fresh,5,1,3.28,pineapple\Fresh\328.jpg
62.jpg,apple,fresh,0,1,4.95,apple\Fresh\62.jpg
557.jpg,banana,unripe,1,0,5.55,banana\Unripe\557.jpg
640.jpg,papaya,rotten,4,2,0.25,papaya\Rotten\640.jpg
113.jpg,apple,fresh,0,1,4.97,apple\Fresh\113.jpg
53.jpg,pineapple,fresh,5,1,2.98,pineapple\Fresh\53.jpg
456.jpg,banana,rotten,1,2,0.55,banana\Rotten\456.jpg
328.jpg,pineapple,rotten,5,2,0.19,pineapple\Rotten\328.jpg
567.jpg,pineapple,unripe,5,0,5.65,pineapple\Unripe\567.jpg
458.jpg,apple,unripe,0,0,10.15,apple\Unripe\458.jpg
351.jpg,papaya,unripe,4,0,5.03,papaya\Unripe\351.jpg
308.jpg,apple,rotten,0,2,0.46,apple\Rotten\308.jpg
250.jpg,apple,unripe,0,0,9.74,apple\Unripe\250.jpg
170.jpg,apple,fresh,0,1,4.96,apple\Fresh\170.jpg
280.jpg,banana,fresh,1,1,3.16,banana\Fresh\280.jpg
215.jpg,banana,fresh,1,1,2.73,banana\Fresh\215.jpg
158.jpg,mango,unripe,2,0,6.66,mango\Unripe\158.jpg
330.jpg,mango,fresh,2,1,2.92,mango\Fresh\330.jpg
58.jpg,banana,fresh,1,1,2.98,banana\Fresh\58.jpg
460.jpg,banana,rotten,1,2,0.26,banana\Rotten\460.jpg
339.jpg,banana,fresh,1,1,2.72,banana\Fresh\339.jpg
418.jpg,banana,fresh,1,1,3.09,banana\Fresh\418.jpg
6.jpg,orange,unripe,3,0,7.85,orange\Unripe\6.jpg
367.jpg,mango,unripe,2,0,6.56,mango\Unripe\367.jpg
263.jpg,mango,unripe,2,0,7.18,mango\Unripe\263.jpg
537.jpg,apple,rotten,0,2,0.19,apple\Rotten\537.jpg
122.jpg,orange,rotten,3,2,0.47,orange\Rotten\122.jpg
127.jpg,papaya,rotten,4,2,0.09,papaya\Rotten\127.jpg
39.jpg,orange,rotten,3,2,0.13,orange\Rotten\39.jpg
415.jpg,apple,rotten,0,2,0.06,apple\Rotten\415.jpg
41.jpg,pineapple,fresh,5,1,3.26,pineapple\Fresh\41.jpg
222.jpg,mango,unripe,2,0,7.13,mango\Unripe\222.jpg
652.jpg,orange,fresh,3,1,5.26,orange\Fresh\652.jpg
544.jpg,pineapple,unripe,5,0,5.74,pineapple\Unripe\544.jpg
105.jpg,papaya,fresh,4,1,2.07,papaya\Fresh\105.jpg
631.jpg,papaya,unripe,4,0,5.23,papaya\Unripe\631.jpg
493.jpg,apple,rotten,0,2,0.27,apple\Rotten\493.jpg
251.jpg,mango,unripe,2,0,6.8,mango\Unripe\251.jpg
460.jpg,apple,fresh,0,1,5.27,apple\Fresh\460.jpg
199.jpg,pineapple,fresh,5,1,3.16,pineapple\Fresh\199.jpg
499.jpg,banana,rotten,1,2,0.06,banana\Rotten\499.jpg
622.jpg,papaya,fresh,4,1,1.92,papaya\Fresh\622.jpg
399.jpg,papaya,unripe,4,0,4.65,papaya\Unripe\399.jpg
558.jpg,mango,fresh,2,1,2.77,mango\Fresh\558.jpg
60.jpg,mango,rotten,2,2,0.18,mango\Rotten\60.jpg
348.jpg,apple,fresh,0,1,5.05,apple\Fresh\348.jpg
164.jpg,orange,fresh,3,1,5.27,orange\Fresh\164.jpg
502.jpg,apple,unripe,0,0,10.19,apple\Unripe\502.jpg
571.jpg,apple,unripe,0,0,9.54,apple\Unripe\571.jpg
517.jpg,apple,rotten,0,2,0.2,apple\Rotten\517.jpg
142.jpg,orange,rotten,3,2,0.1,orange\Rotten\142.jpg
152.jpg,apple,rotten,0,2,0.33,apple\Rotten\152.jpg
152.jpg,papaya,fresh,4,1,2.26,papaya\Fresh\152.jpg
131.jpg,mango,unripe,2,0,6.62,mango\Unripe\131.jpg
268.jpg,pineapple,rotten,5,2,0.49,pineapple\Rotten\268.jpg
600.jpg,pineapple,unripe,5,0,6.1,pineapple\Unripe\600.jpg
44.jpg,banana,rotten,1,2,0.11,banana\Rotten\44.jpg
4.jpg,banana,fresh,1,1,2.95,banana\Fresh\4.jpg
502.jpg,mango,unripe,2,0,6.68,mango\Unripe\502.jpg
31.jpg,pineapple,unripe,5,0,6.32,pineapple\Unripe\31.jpg
201.jpg,pineapple,rotten,5,2,-1.35,pineapple\Rotten\201.jpg
359.jpg,apple,rotten,0,2,0.43,apple\Rotten\359.jpg
60.jpg,mango,fresh,2,1,3.27,mango\Fresh\60.jpg
340.jpg,apple,unripe,0,0,9.56,apple\Unripe\340.jpg
225.jpg,apple,unripe,0,0,10.14,apple\Unripe\225.jpg
414.jpg,orange,rotten,3,2,0.53,orange\Rotten\414.jpg
3.jpg,banana,fresh,1,1,3.21,banana\Fresh\3.jpg
639.jpg,mango,rotten,2,2,0.26,mango\Rotten\639.jpg
402.jpg,orange,fresh,3,1,5.01,orange\Fresh\402.jpg
635.jpg,papaya,unripe,4,0,5.48,papaya\Unripe\635.jpg
510.jpg,orange,rotten,3,2,0.57,orange\Rotten\510.jpg
422.jpg,orange,unripe,3,0,7.78,orange\Unripe\422.jpg
657.jpg,pineapple,rotten,5,2,0.62,pineapple\Rotten\657.jpg
343.jpg,banana,unripe,1,0,6.19,banana\Unripe\343.jpg
475.jpg,apple,fresh,0,1,4.81,apple\Fresh\475.jpg
549.jpg,orange,fresh,3,1,4.72,orange\Fresh\549.jpg
13.jpg,pineapple,unripe,5,0,6.04,pineapple\Unripe\13.jpg
434.jpg,papaya,unripe,4,0,4.72,papaya\Unripe\434.jpg
106.jpg,apple,rotten,0,2,0.25,apple\Rotten\106.jpg
36.jpg,pineapple,rotten,5,2,0.66,pineapple\Rotten\36.jpg
487.jpg,orange,unripe,3,0,7.79,orange\Unripe\487.jpg
369.jpg,mango,fresh,2,1,2.93,mango\Fresh\369.jpg
485.jpg,papaya,fresh,4,1,2.24,papaya\Fresh\485.jpg
316.jpg,apple,fresh,0,1,5.06,apple\Fresh\316.jpg
147.jpg,papaya,unripe,4,0,4.81,papaya\Unripe\147.jpg
246.jpg,papaya,rotten,4,2,0.71,papaya\Rotten\246.jpg
136.jpg,apple,fresh,0,1,5.29,apple\Fresh\136.jpg
325.jpg,banana,rotten,1,2,0.35,banana\Rotten\325.jpg
508.jpg,pineapple,unripe,5,0,5.75,pineapple\Unripe\508.jpg
137.jpg,papaya,fresh,4,1,2.01,papaya\Fresh\137.jpg
160.jpg,banana,rotten,1,2,0.53,banana\Rotten\160.jpg
237.jpg,papaya,rotten,4,2,0.13,papaya\Rotten\237.jpg
71.jpg,papaya,unripe,4,0,5.07,papaya\Unripe\71.jpg
268.jpg,banana,rotten,1,2,0.6,banana\Rotten\268.jpg
490.jpg,mango,rotten,2,2,0.64,mango\Rotten\490.jpg
78.jpg,orange,rotten,3,2,0.59,orange\Rotten\78.jpg
146.jpg,papaya,unripe,4,0,5.01,papaya\Unripe\146.jpg
476.jpg,pineapple,unripe,5,0,6.4,pineapple\Unripe\476.jpg
463.jpg,pineapple,fresh,5,1,2.92,pineapple\Fresh\463.jpg
628.jpg,papaya,rotten,4,2,0.44,papaya\Rotten\628.jpg
292.jpg,pineapple,fresh,5,1,3.18,pineapple\Fresh\292.jpg
616.jpg,orange,fresh,3,1,5.19,orange\Fresh\616.jpg
0.jpg,banana,fresh,1,1,3.28,banana\Fresh\0.jpg
511.jpg,apple,unripe,0,0,10.09,apple\Unripe\511.jpg
197.jpg,papaya,fresh,4,1,1.75,papaya\Fresh\197.jpg
234.jpg,papaya,unripe,4,0,5.48,papaya\Unripe\234.jpg
71.jpg,orange,unripe,3,0,8.47,orange\Unripe\71.jpg
78.jpg,apple,fresh,0,1,4.83,apple\Fresh\78.jpg
7.jpg,papaya,unripe,4,0,4.77,papaya\Unripe\7.jpg
616.jpg,apple,rotten,0,2,-2.49,apple\Rotten\616.jpg
598.jpg,orange,fresh,3,1,5.27,orange\Fresh\598.jpg
195.jpg,pineapple,unripe,5,0,5.76,pineapple\Unripe\195.jpg
26.jpg,orange,fresh,3,1,5.09,orange\Fresh\26.jpg
478.jpg,orange,fresh,3,1,4.98,orange\Fresh\478.jpg
504.jpg,pineapple,fresh,5,1,2.86,pineapple\Fresh\504.jpg
101.jpg,pineapple,unripe,5,0,6.49,pineapple\Unripe\101.jpg
214.jpg,apple,unripe,0,0,10.38,apple\Unripe\214.jpg
239.jpg,banana,rotten,1,2,0.5,banana\Rotten\239.jpg
155.jpg,mango,fresh,2,1,3.29,mango\Fresh\155.jpg
468.jpg,orange,fresh,3,1,4.98,orange\Fresh\468.jpg
167.jpg,orange,unripe,3,0,7.51,orange\Unripe\167.jpg
179.jpg,banana,unripe,1,0,6.35,banana\Unripe\179.jpg
387.jpg,pineapple,rotten,5,2,0.7,pineapple\Rotten\387.jpg
136.jpg,pineapple,fresh,5,1,3.02,pineapple\Fresh\136.jpg
397.jpg,banana,fresh,1,1,2.79,banana\Fresh\397.jpg
497.jpg,pineapple,fresh,5,1,3.16,pineapple\Fresh\497.jpg
74.jpg,pineapple,fresh,5,1,2.78,pineapple\Fresh\74.jpg
148.jpg,orange,rotten,3,2,0.67,orange\Rotten\148.jpg
314.jpg,apple,rotten,0,2,0.7,apple\Rotten\314.jpg
617.jpg,mango,rotten,2,2,0.45,mango\Rotten\617.jpg
520.jpg,orange,fresh,3,1,4.88,orange\Fresh\520.jpg
260.jpg,banana,rotten,1,2,-2.34,banana\Rotten\260.jpg
156.jpg,banana,fresh,1,1,3.14,banana\Fresh\156.jpg
101.jpg,banana,unripe,1,0,6.41,banana\Unripe\101.jpg
126.jpg,pineapple,fresh,5,1,2.72,pineapple\Fresh\126.jpg
566.jpg,banana,rotten,1,2,-2.35,banana\Rotten\566.jpg
59.jpg,papaya,unripe,4,0,4.59,papaya\Unripe\59.jpg
661.jpg,papaya,unripe,4,0,5.47,papaya\Unripe\661.jpg
68.jpg,banana,rotten,1,2,0.46,banana\Rotten\68.jpg
556.jpg,mango,fresh,2,1,2.84,mango\Fresh\556.jpg
551.jpg,pineapple,unripe,5,0,6.42,pineapple\Unripe\551.jpg
24.jpg,pineapple,rotten,5,2,0.04,pineapple\Rotten\24.jpg
96.jpg,mango,rotten,2,2,0.2,mango\Rotten\96.jpg
523.jpg,mango,rotten,2,2,0.56,mango\Rotten\523.jpg
646.jpg,mango,fresh,2,1,2.97,mango\Fresh\646.jpg
244.jpg,orange,rotten,3,2,0.47,orange\Rotten\244.jpg
5.jpg,pineapple,fresh,5,1,2.83,pineapple\Fresh\5.jpg
97.jpg,orange,rotten,3,2,-1.92,orange\Rotten\97.jpg
238.jpg,banana,rotten,1,2,-1.72,banana\Rotten\238.jpg
98.jpg,orange,unripe,3,0,7.76,orange\Unripe\98.jpg
280.jpg,papaya,rotten,4,2,-1.74,papaya\Rotten\280.jpg
99.jpg,apple,unripe,0,0,9.64,apple\Unripe\99.jpg
264.jpg,banana,rotten,1,2,0.56,banana\Rotten\264.jpg
28.jpg,apple,rotten,0,2,-1.43,apple\Rotten\28.jpg
108.jpg,banana,fresh,1,1,3.04,banana\Fresh\108.jpg
133.jpg,banana,fresh,1,1,3.09,banana\Fresh\133.jpg
454.jpg,pineapple,fresh,5,1,3.0,pineapple\Fresh\454.jpg
338.jpg,mango,fresh,2,1,3.16,mango\Fresh\338.jpg
159.jpg,apple,unripe,0,0,9.7,apple\Unripe\159.jpg
400.jpg,apple,fresh,0,1,5.11,apple\Fresh\400.jpg
440.jpg,apple,unripe,0,0,10.09,apple\Unripe\440.jpg
558.jpg,papaya,unripe,4,0,5.12,papaya\Unripe\558.jpg
248.jpg,orange,fresh,3,1,4.81,orange\Fresh\248.jpg
410.jpg,apple,unripe,0,0,10.43,apple\Unripe\410.jpg
605.jpg,pineapple,fresh,5,1,2.75,pineapple\Fresh\605.jpg
321.jpg,orange,rotten,3,2,0.02,orange\Rotten\321.jpg
22.jpg,mango,fresh,2,1,2.98,mango\Fresh\22.jpg
245.jpg,banana,fresh,1,1,2.73,banana\Fresh\245.jpg
150.jpg,papaya,unripe,4,0,5.19,papaya\Unripe\150.jpg
400.jpg,papaya,fresh,4,1,1.96,papaya\Fresh\400.jpg
471.jpg,pineapple,fresh,5,1,3.3,pineapple\Fresh\471.jpg
383.jpg,mango,unripe,2,0,6.63,mango\Unripe\383.jpg
271.jpg,pineapple,unripe,5,0,5.65,pineapple\Unripe\271.jpg
222.jpg,banana,rotten,1,2,-2.07,banana\Rotten\222.jpg
33.jpg,papaya,rotten,4,2,0.28,papaya\Rotten\33.jpg
226.jpg,banana,rotten,1,2,0.25,banana\Rotten\226.jpg
335.jpg,mango,fresh,2,1,3.24,mango\Fresh\335.jpg
492.jpg,banana,unripe,1,0,6.18,banana\Unripe\492.jpg
437.jpg,banana,unripe,1,0,5.87,banana\Unripe\437.jpg
24.jpg,pineapple,fresh,5,1,3.21,pineapple\Fresh\24.jpg
146.jpg,apple,unripe,0,0,9.64,apple\Unripe\146.jpg
65.jpg,mango,unripe,2,0,6.76,mango\Unripe\65.jpg
358.jpg,orange,fresh,3,1,4.84,orange\Fresh\358.jpg
573.jpg,orange,rotten,3,2,0.24,orange\Rotten\573.jpg
591.jpg,pineapple,rotten,5,2,0.46,pineapple\Rotten\591.jpg
99.jpg,orange,rotten,3,2,0.69,orange\Rotten\99.jpg
262.jpg,apple,unripe,0,0,9.5,apple\Unripe\262.jpg
187.jpg,pineapple,fresh,5,1,2.73,pineapple\Fresh\187.jpg
279.jpg,banana,rotten,1,2,0.64,banana\Rotten\279.jpg
301.jpg,mango,rotten,2,2,0.17,mango\Rotten\301.jpg
94.jpg,papaya,fresh,4,1,1.91,papaya\Fresh\94.jpg
364.jpg,apple,fresh,0,1,4.94,apple\Fresh\364.jpg
255.jpg,pineapple,unripe,5,0,6.35,pineapple\Unripe\255.jpg
344.jpg,mango,rotten,2,2,0.73,mango\Rotten\344.jpg
156.jpg,mango,unripe,2,0,7.27,mango\Unripe\156.jpg
648.jpg,apple,unripe,0,0,9.56,apple\Unripe\648.jpg
130.jpg,orange,rotten,3,2,0.24,orange\Rotten\130.jpg
614.jpg,orange,unripe,3,0,8.38,orange\Unripe\614.jpg
21.jpg,banana,fresh,1,1,2.78,banana\Fresh\21.jpg
162.jpg,mango,fresh,2,1,3.01,mango\Fresh\162.jpg
576.jpg,mango,rotten,2,2,0.34,mango\Rotten\576.jpg
161.jpg,pineapple,rotten,5,2,0.56,pineapple\Rotten\161.jpg
259.jpg,orange,fresh,3,1,5.25,orange\Fresh\259.jpg
169.jpg,mango,fresh,2,1,2.9,mango\Fresh\169.jpg
130.jpg,apple,fresh,0,1,4.81,apple\Fresh\130.jpg
428.jpg,pineapple,rotten,5,2,0.03,pineapple\Rotten\428.jpg
52.jpg,apple,fresh,0,1,4.77,apple\Fresh\52.jpg
70.jpg,papaya,rotten,4,2,0.21,papaya\Rotten\70.jpg
519.jpg,papaya,fresh,4,1,2.04,papaya\Fresh\519.jpg
53.jpg,apple,rotten,0,2,0.64,apple\Rotten\53.jpg
410.jpg,apple,rotten,0,2,0.58,apple\Rotten\410.jpg
644.jpg,orange,fresh,3,1,5.24,orange\Fresh\644.jpg
541.jpg,apple,fresh,0,1,5.14,apple\Fresh\541.jpg
215.jpg,apple,rotten,0,2,0.72,apple\Rotten\215.jpg
302.jpg,apple,rotten,0,2,0.42,apple\Rotten\302.jpg
314.jpg,banana,unripe,1,0,5.93,banana\Unripe\314.jpg
144.jpg,orange,unripe,3,0,7.68,orange\Unripe\144.jpg
446.jpg,orange,fresh,3,1,4.83,orange\Fresh\446.jpg
270.jpg,pineapple,fresh,5,1,2.92,pineapple\Fresh\270.jpg
80.jpg,papaya,fresh,4,1,2.04,papaya\Fresh\80.jpg
256.jpg,papaya,fresh,4,1,2.07,papaya\Fresh\256.jpg
27.jpg,mango,rotten,2,2,-1.83,mango\Rotten\27.jpg
202.jpg,orange,rotten,3,2,0.2,orange\Rotten\202.jpg
184.jpg,banana,rotten,1,2,-1.21,banana\Rotten\184.jpg
534.jpg,orange,rotten,3,2,0.16,orange\Rotten\534.jpg
15.jpg,papaya,fresh,4,1,1.73,papaya\Fresh\15.jpg
306.jpg,mango,fresh,2,1,3.22,mango\Fresh\306.jpg
299.jpg,banana,fresh,1,1,2.71,banana\Fresh\299.jpg
644.jpg,pineapple,rotten,5,2,0.19,pineapple\Rotten\644.jpg
488.jpg,pineapple,fresh,5,1,3.3,pineapple\Fresh\488.jpg
102.jpg,banana,unripe,1,0,6.38,banana\Unripe\102.jpg
463.jpg,mango,fresh,2,1,2.84,mango\Fresh\463.jpg
297.jpg,papaya,fresh,4,1,1.94,papaya\Fresh\297.jpg
24.jpg,apple,rotten,0,2,0.01,apple\Rotten\24.jpg
616.jpg,mango,fresh,2,1,2.91,mango\Fresh\616.jpg
481.jpg,orange,fresh,3,1,4.97,orange\Fresh\481.jpg
598.jpg,mango,rotten,2,2,0.24,mango\Rotten\598.jpg
120.jpg,banana,rotten,1,2,0.12,banana\Rotten\120.jpg
228.jpg,apple,rotten,0,2,0.12,apple\Rotten\228.jpg
561.jpg,pineapple,rotten,5,2,-1.28,pineapple\Rotten\561.jpg
74.jpg,apple,unripe,0,0,10.43,apple\Unripe\74.jpg
301.jpg,papaya,fresh,4,1,1.97,papaya\Fresh\301.jpg
23.jpg,papaya,rotten,4,2,-1.6,papaya\Rotten\23.jpg
279.jpg,apple,rotten,0,2,0.77,apple\Rotten\279.jpg
185.jpg,pineapple,fresh,5,1,2.86,pineapple\Fresh\185.jpg
67.jpg,pineapple,fresh,5,1,2.96,pineapple\Fresh\67.jpg
565.jpg,banana,rotten,1,2,0.78,banana\Rotten\565.jpg
625.jpg,apple,fresh,0,1,5.27,apple\Fresh\625.jpg
298.jpg,apple,fresh,0,1,5.21,apple\Fresh\298.jpg
272.jpg,apple,rotten,0,2,0.5,apple\Rotten\272.jpg
523.jpg,mango,unripe,2,0,6.77,mango\Unripe\523.jpg
32.jpg,pineapple,rotten,5,2,0.67,pineapple\Rotten\32.jpg
90.jpg,orange,rotten,3,2,0.17,orange\Rotten\90.jpg
565.jpg,apple,rotten,0,2,0.01,apple\Rotten\565.jpg
418.jpg,papaya,fresh,4,1,2.1,papaya\Fresh\418.jpg
209.jpg,banana,rotten,1,2,-1.18,banana\Rotten\209.jpg
10.jpg,orange,unripe,3,0,8.16,orange\Unripe\10.jpg
24.jpg,mango,unripe,2,0,7.02,mango\Unripe\24.jpg
172.jpg,mango,unripe,2,0,6.77,mango\Unripe\172.jpg
262.jpg,banana,rotten,1,2,-2.08,banana\Rotten\262.jpg
624.jpg,pineapple,rotten,5,2,0.23,pineapple\Rotten\624.jpg
622.jpg,papaya,rotten,4,2,0.73,papaya\Rotten\622.jpg
525.jpg,orange,rotten,3,2,0.69,orange\Rotten\525.jpg
469.jpg,papaya,unripe,4,0,5.04,papaya\Unripe\469.jpg
533.jpg,pineapple,unripe,5,0,5.66,pineapple\Unripe\533.jpg
204.jpg,papaya,rotten,4,2,0.36,papaya\Rotten\204.jpg
322.jpg,banana,rotten,1,2,0.06,banana\Rotten\322.jpg
411.jpg,banana,rotten,1,2,0.54,banana\Rotten\411.jpg
68.jpg,apple,unripe,0,0,10.02,apple\Unripe\68.jpg
398.jpg,mango,unripe,2,0,6.84,mango\Unripe\398.jpg
504.jpg,orange,fresh,3,1,5.06,orange\Fresh\504.jpg
66.jpg,papaya,fresh,4,1,2.07,papaya\Fresh\66.jpg
288.jpg,papaya,unripe,4,0,4.7,papaya\Unripe\288.jpg
681.jpg,papaya,rotten,4,2,-1.99,papaya\Rotten\681.jpg
227.jpg,papaya,rotten,4,2,0.2,papaya\Rotten\227.jpg
102.jpg,apple,fresh,0,1,4.75,apple\Fresh\102.jpg
299.jpg,papaya,fresh,4,1,1.84,papaya\Fresh\299.jpg
352.jpg,pineapple,unripe,5,0,5.58,pineapple\Unripe\352.jpg
446.jpg,pineapple,fresh,5,1,3.22,pineapple\Fresh\446.jpg
155.jpg,mango,unripe,2,0,7.41,mango\Unripe\155.jpg
617.jpg,papaya,rotten,4,2,0.11,papaya\Rotten\617.jpg
521.jpg,orange,unripe,3,0,8.37,orange\Unripe\521.jpg
146.jpg,banana,unripe,1,0,6.03,banana\Unripe\146.jpg
279.jpg,pineapple,fresh,5,1,3.29,pineapple\Fresh\279.jpg
113.jpg,orange,unripe,3,0,7.79,orange\Unripe\113.jpg
638.jpg,orange,rotten,3,2,-2.18,orange\Rotten\638.jpg
112.jpg,mango,unripe,2,0,6.97,mango\Unripe\112.jpg
138.jpg,orange,rotten,3,2,0.57,orange\Rotten\138.jpg
574.jpg,orange,unripe,3,0,8.11,orange\Unripe\574.jpg
379.jpg,orange,rotten,3,2,-2.21,orange\Rotten\379.jpg
479.jpg,mango,unripe,2,0,6.58,mango\Unripe\479.jpg
106.jpg,mango,fresh,2,1,2.99,mango\Fresh\106.jpg
58.jpg,papaya,unripe,4,0,5.25,papaya\Unripe\58.jpg
43.jpg,pineapple,rotten,5,2,0.27,pineapple\Rotten\43.jpg
1.jpg,banana,unripe,1,0,5.76,banana\Unripe\1.jpg
503.jpg,mango,unripe,2,0,7.49,mango\Unripe\503.jpg
52.jpg,mango,rotten,2,2,-1.12,mango\Rotten\52.jpg
24.jpg,papaya,fresh,4,1,2.04,papaya\Fresh\24.jpg
85.jpg,orange,fresh,3,1,5.19,orange\Fresh\85.jpg
117.jpg,banana,fresh,1,1,3.24,banana\Fresh\117.jpg
333.jpg,orange,rotten,3,2,0.19,orange\Rotten\333.jpg
39.jpg,banana,unripe,1,0,6.27,banana\Unripe\39.jpg
132.jpg,orange,unripe,3,0,7.79,orange\Unripe\132.jpg
39.jpg,apple,fresh,0,1,5.28,apple\Fresh\39.jpg
134.jpg,orange,fresh,3,1,4.94,orange\Fresh\134.jpg
368.jpg,apple,rotten,0,2,0.19,apple\Rotten\368.jpg
2.jpg,orange,rotten,3,2,0.54,orange\Rotten\2.jpg
454.jpg,mango,fresh,2,1,3.19,mango\Fresh\454.jpg
422.jpg,banana,unripe,1,0,6.41,banana\Unripe\422.jpg
79.jpg,apple,fresh,0,1,4.93,apple\Fresh\79.jpg
508.jpg,papaya,fresh,4,1,1.98,papaya\Fresh\508.jpg
280.jpg,orange,fresh,3,1,4.93,orange\Fresh\280.jpg
207.jpg,mango,rotten,2,2,0.2,mango\Rotten\207.jpg
515.jpg,mango,unripe,2,0,6.96,mango\Unripe\515.jpg
3.jpg,banana,rotten,1,2,0.21,banana\Rotten\3.jpg
308.jpg,mango,rotten,2,2,0.78,mango\Rotten\308.jpg
89.jpg,papaya,fresh,4,1,2.08,papaya\Fresh\89.jpg
686.jpg,papaya,rotten,4,2,-1.37,papaya\Rotten\686.jpg
193.jpg,papaya,unripe,4,0,4.95,papaya\Unripe\193.jpg
395.jpg,orange,fresh,3,1,4.92,orange\Fresh\395.jpg
75.jpg,orange,rotten,3,2,0.5,orange\Rotten\75.jpg
35.jpg,apple,unripe,0,0,10.17,apple\Unripe\35.jpg
520.jpg,mango,rotten,2,2,0.11,mango\Rotten\520.jpg
291.jpg,papaya,rotten,4,2,0.27,papaya\Rotten\291.jpg
28.jpg,apple,fresh,0,1,5.01,apple\Fresh\28.jpg
655.jpg,apple,fresh,0,1,5.1,apple\Fresh\655.jpg
78.jpg,orange,unripe,3,0,7.91,orange\Unripe\78.jpg
343.jpg,mango,unripe,2,0,6.98,mango\Unripe\343.jpg
411.jpg,banana,unripe,1,0,5.68,banana\Unripe\411.jpg
298.jpg,papaya,fresh,4,1,2.19,papaya\Fresh\298.jpg
101.jpg,pineapple,rotten,5,2,0.76,pineapple\Rotten\101.jpg
203.jpg,orange,fresh,3,1,5.25,orange\Fresh\203.jpg
60.jpg,mango,unripe,2,0,6.71,mango\Unripe\60.jpg
288.jpg,mango,rotten,2,2,-1.38,mango\Rotten\288.jpg
138.jpg,pineapple,fresh,5,1,2.73,pineapple\Fresh\138.jpg
474.jpg,apple,unripe,0,0,9.93,apple\Unripe\474.jpg
280.jpg,banana,rotten,1,2,-2.01,banana\Rotten\280.jpg
207.jpg,pineapple,fresh,5,1,2.95,pineapple\Fresh\207.jpg
240.jpg,mango,fresh,2,1,3.07,mango\Fresh\240.jpg
321.jpg,apple,fresh,0,1,5.18,apple\Fresh\321.jpg
61.jpg,apple,rotten,0,2,0.16,apple\Rotten\61.jpg
44.jpg,orange,unripe,3,0,8.34,orange\Unripe\44.jpg
133.jpg,mango,unripe,2,0,7.04,mango\Unripe\133.jpg
297.jpg,papaya,rotten,4,2,-1.14,papaya\Rotten\297.jpg
65.jpg,papaya,unripe,4,0,5.18,papaya\Unripe\65.jpg
351.jpg,banana,fresh,1,1,2.78,banana\Fresh\351.jpg
620.jpg,apple,fresh,0,1,4.97,apple\Fresh\620.jpg
359.jpg,pineapple,rotten,5,2,0.56,pineapple\Rotten\359.jpg
84.jpg,mango,unripe,2,0,6.92,mango\Unripe\84.jpg
454.jpg,pineapple,rotten,5,2,0.63,pineapple\Rotten\454.jpg
179.jpg,mango,unripe,2,0,7.27,mango\Unripe\179.jpg
487.jpg,pineapple,fresh,5,1,3.17,pineapple\Fresh\487.jpg
509.jpg,apple,fresh,0,1,5.1,apple\Fresh\509.jpg
61.jpg,apple,fresh,0,1,5.08,apple\Fresh\61.jpg
376.jpg,pineapple,unripe,5,0,6.09,pineapple\Unripe\376.jpg
88.jpg,orange,unripe,3,0,8.29,orange\Unripe\88.jpg
200.jpg,papaya,unripe,4,0,5.08,papaya\Unripe\200.jpg
636.jpg,papaya,rotten,4,2,0.63,papaya\Rotten\636.jpg
496.jpg,orange,fresh,3,1,4.76,orange\Fresh\496.jpg
179.jpg,orange,fresh,3,1,4.83,orange\Fresh\179.jpg
175.jpg,apple,rotten,0,2,0.27,apple\Rotten\175.jpg
3.jpg,apple,fresh,0,1,4.88,apple\Fresh\3.jpg
586.jpg,pineapple,unripe,5,0,6.5,pineapple\Unripe\586.jpg
69.jpg,pineapple,unripe,5,0,6.21,pineapple\Unripe\69.jpg
192.jpg,orange,fresh,3,1,5.06,orange\Fresh\192.jpg
542.jpg,apple,unripe,0,0,9.92,apple\Unripe\542.jpg
356.jpg,apple,fresh,0,1,4.9,apple\Fresh\356.jpg
658.jpg,pineapple,rotten,5,2,0.3,pineapple\Rotten\658.jpg
288.jpg,banana,fresh,1,1,3.04,banana\Fresh\288.jpg
650.jpg,apple,rotten,0,2,0.31,apple\Rotten\650.jpg
399.jpg,pineapple,fresh,5,1,2.74,pineapple\Fresh\399.jpg
342.jpg,apple,rotten,0,2,-1.55,apple\Rotten\342.jpg
331.jpg,banana,rotten,1,2,-1.49,banana\Rotten\331.jpg
183.jpg,orange,rotten,3,2,-2.35,orange\Rotten\183.jpg
592.jpg,banana,fresh,1,1,2.85,banana\Fresh\592.jpg
37.jpg,pineapple,rotten,5,2,-1.77,pineapple\Rotten\37.jpg
71.jpg,apple,fresh,0,1,4.75,apple\Fresh\71.jpg
145.jpg,orange,fresh,3,1,5.21,orange\Fresh\145.jpg
495.jpg,pineapple,rotten,5,2,0.35,pineapple\Rotten\495.jpg
206.jpg,apple,rotten,0,2,0.65,apple\Rotten\206.jpg
381.jpg,apple,unripe,0,0,10.1,apple\Unripe\381.jpg
267.jpg,apple,rotten,0,2,0.28,apple\Rotten\267.jpg
591.jpg,banana,unripe,1,0,6.06,banana\Unripe\591.jpg
29.jpg,orange,rotten,3,2,0.59,orange\Rotten\29.jpg
357.jpg,apple,unripe,0,0,9.75,apple\Unripe\357.jpg
417.jpg,pineapple,rotten,5,2,-1.47,pineapple\Rotten\417.jpg
296.jpg,apple,rotten,0,2,0.48,apple\Rotten\296.jpg
502.jpg,papaya,unripe,4,0,5.36,papaya\Unripe\502.jpg
48.jpg,pineapple,rotten,5,2,0.04,pineapple\Rotten\48.jpg
442.jpg,apple,fresh,0,1,5.03,apple\Fresh\442.jpg
351.jpg,mango,rotten,2,2,0.36,mango\Rotten\351.jpg
282.jpg,apple,unripe,0,0,9.95,apple\Unripe\282.jpg
72.jpg,pineapple,unripe,5,0,5.53,pineapple\Unripe\72.jpg
56.jpg,pineapple,rotten,5,2,-1.13,pineapple\Rotten\56.jpg
695.jpg,orange,rotten,3,2,0.24,orange\Rotten\695.jpg
125.jpg,orange,fresh,3,1,4.79,orange\Fresh\125.jpg
360.jpg,banana,unripe,1,0,6.36,banana\Unripe\360.jpg
668.jpg,mango,rotten,2,2,-2.31,mango\Rotten\668.jpg
647.jpg,pineapple,fresh,5,1,3.0,pineapple\Fresh\647.jpg
138.jpg,banana,rotten,1,2,-2.06,banana\Rotten\138.jpg
253.jpg,mango,fresh,2,1,3.11,mango\Fresh\253.jpg
438.jpg,apple,fresh,0,1,5.15,apple\Fresh\438.jpg
79.jpg,pineapple,fresh,5,1,2.82,pineapple\Fresh\79.jpg
624.jpg,pineapple,fresh,5,1,3.13,pineapple\Fresh\624.jpg
133.jpg,banana,rotten,1,2,0.47,banana\Rotten\133.jpg
56.jpg,banana,unripe,1,0,6.34,banana\Unripe\56.jpg
412.jpg,banana,fresh,1,1,3.16,banana\Fresh\412.jpg
611.jpg,apple,rotten,0,2,0.17,apple\Rotten\611.jpg
212.jpg,orange,rotten,3,2,-1.17,orange\Rotten\212.jpg
494.jpg,papaya,unripe,4,0,4.73,papaya\Unripe\494.jpg
413.jpg,orange,rotten,3,2,-2.32,orange\Rotten\413.jpg
303.jpg,mango,unripe,2,0,7.03,mango\Unripe\303.jpg
289.jpg,banana,rotten,1,2,0.37,banana\Rotten\289.jpg
49.jpg,pineapple,rotten,5,2,0.09,pineapple\Rotten\49.jpg
381.jpg,orange,unripe,3,0,7.82,orange\Unripe\381.jpg
541.jpg,apple,rotten,0,2,0.1,apple\Rotten\541.jpg
297.jpg,mango,rotten,2,2,-2.47,mango\Rotten\297.jpg
411.jpg,orange,rotten,3,2,-2.08,orange\Rotten\411.jpg
58.jpg,orange,rotten,3,2,0.54,orange\Rotten\58.jpg
254.jpg,papaya,fresh,4,1,2.09,papaya\Fresh\254.jpg
168.jpg,orange,unripe,3,0,8.1,orange\Unripe\168.jpg
127.jpg,orange,fresh,3,1,5.1,orange\Fresh\127.jpg
349.jpg,banana,unripe,1,0,5.96,banana\Unripe\349.jpg
366.jpg,orange,rotten,3,2,-1.37,orange\Rotten\366.jpg
20.jpg,apple,unripe,0,0,9.53,apple\Unripe\20.jpg
448.jpg,banana,rotten,1,2,0.76,banana\Rotten\448.jpg
364.jpg,papaya,unripe,4,0,4.7,papaya\Unripe\364.jpg
395.jpg,papaya,rotten,4,2,0.42,papaya\Rotten\395.jpg
560.jpg,mango,fresh,2,1,3.28,mango\Fresh\560.jpg
435.jpg,papaya,unripe,4,0,5.49,papaya\Unripe\435.jpg
217.jpg,banana,rotten,1,2,0.54,banana\Rotten\217.jpg
637.jpg,orange,unripe,3,0,8.25,orange\Unripe\637.jpg
416.jpg,apple,fresh,0,1,5.3,apple\Fresh\416.jpg
175.jpg,pineapple,fresh,5,1,3.12,pineapple\Fresh\175.jpg
127.jpg,orange,unripe,3,0,7.99,orange\Unripe\127.jpg
613.jpg,orange,rotten,3,2,0.08,orange\Rotten\613.jpg
493.jpg,banana,rotten,1,2,-1.36,banana\Rotten\493.jpg
360.jpg,banana,rotten,1,2,0.79,banana\Rotten\360.jpg
8.jpg,pineapple,rotten,5,2,0.13,pineapple\Rotten\8.jpg
49.jpg,apple,fresh,0,1,4.8,apple\Fresh\49.jpg
452.jpg,mango,unripe,2,0,7.29,mango\Unripe\452.jpg
81.jpg,papaya,fresh,4,1,1.99,papaya\Fresh\81.jpg
593.jpg,apple,fresh,0,1,4.86,apple\Fresh\593.jpg
42.jpg,apple,fresh,0,1,4.92,apple\Fresh\42.jpg
20.jpg,orange,rotten,3,2,0.78,orange\Rotten\20.jpg
495.jpg,pineapple,fresh,5,1,2.94,pineapple\Fresh\495.jpg
409.jpg,mango,rotten,2,2,0.37,mango\Rotten\409.jpg
371.jpg,pineapple,fresh,5,1,3.19,pineapple\Fresh\371.jpg
381.jpg,papaya,rotten,4,2,0.54,papaya\Rotten\381.jpg
232.jpg,mango,unripe,2,0,6.55,mango\Unripe\232.jpg
396.jpg,mango,fresh,2,1,3.03,mango\Fresh\396.jpg
223.jpg,banana,rotten,1,2,0.49,banana\Rotten\223.jpg
585.jpg,pineapple,rotten,5,2,0.74,pineapple\Rotten\585.jpg
620.jpg,mango,rotten,2,2,0.66,mango\Rotten\620.jpg
311.jpg,mango,rotten,2,2,0.67,mango\Rotten\311.jpg
507.jpg,banana,rotten,1,2,-1.95,banana\Rotten\507.jpg
429.jpg,banana,unripe,1,0,5.61,banana\Unripe\429.jpg
213.jpg,apple,rotten,0,2,0.37,apple\Rotten\213.jpg
131.jpg,banana,unripe,1,0,6.28,banana\Unripe\131.jpg
316.jpg,pineapple,unripe,5,0,6.37,pineapple\Unripe\316.jpg
522.jpg,papaya,unripe,4,0,4.56,papaya\Unripe\522.jpg
483.jpg,banana,rotten,1,2,0.26,banana\Rotten\483.jpg
500.jpg,apple,fresh,0,1,4.87,apple\Fresh\500.jpg
443.jpg,orange,rotten,3,2,0.39,orange\Rotten\443.jpg
593.jpg,banana,rotten,1,2,-1.92,banana\Rotten\593.jpg
107.jpg,apple,fresh,0,1,4.84,apple\Fresh\107.jpg
649.jpg,papaya,rotten,4,2,0.65,papaya\Rotten\649.jpg
108.jpg,orange,fresh,3,1,4.74,orange\Fresh\108.jpg
571.jpg,papaya,fresh,4,1,1.88,papaya\Fresh\571.jpg
270.jpg,mango,fresh,2,1,3.18,mango\Fresh\270.jpg
139.jpg,apple,rotten,0,2,0.29,apple\Rotten\139.jpg
497.jpg,orange,unripe,3,0,7.88,orange\Unripe\497.jpg
593.jpg,banana,fresh,1,1,2.92,banana\Fresh\593.jpg
420.jpg,orange,unripe,3,0,7.71,orange\Unripe\420.jpg
108.jpg,pineapple,unripe,5,0,6.04,pineapple\Unripe\108.jpg
379.jpg,orange,unripe,3,0,8.16,orange\Unripe\379.jpg
134.jpg,banana,unripe,1,0,6.36,banana\Unripe\134.jpg
80.jpg,orange,rotten,3,2,-2.16,orange\Rotten\80.jpg
191.jpg,apple,rotten,0,2,0.78,apple\Rotten\191.jpg
472.jpg,apple,rotten,0,2,0.16,apple\Rotten\472.jpg
407.jpg,pineapple,fresh,5,1,3.17,pineapple\Fresh\407.jpg
632.jpg,orange,unripe,3,0,8.23,orange\Unripe\632.jpg
340.jpg,papaya,unripe,4,0,4.59,papaya\Unripe\340.jpg
678.jpg,orange,rotten,3,2,0.22,orange\Rotten\678.jpg
253.jpg,orange,rotten,3,2,0.66,orange\Rotten\253.jpg
398.jpg,mango,fresh,2,1,3.04,mango\Fresh\398.jpg
126.jpg,apple,fresh,0,1,5.18,apple\Fresh\126.jpg
77.jpg,banana,unripe,1,0,6.3,banana\Unripe\77.jpg
455.jpg,mango,unripe,2,0,7.04,mango\Unripe\455.jpg
320.jpg,orange,fresh,3,1,4.9,orange\Fresh\320.jpg
345.jpg,papaya,fresh,4,1,2.09,papaya\Fresh\345.jpg
285.jpg,pineapple,unripe,5,0,6.23,pineapple\Unripe\285.jpg
1.jpg,banana,rotten,1,2,0.73,banana\Rotten\1.jpg
91.jpg,banana,fresh,1,1,2.71,banana\Fresh\91.jpg
614.jpg,pineapple,unripe,5,0,5.99,pineapple\Unripe\614.jpg
277.jpg,apple,unripe,0,0,10.03,apple\Unripe\277.jpg
29.jpg,papaya,unripe,4,0,5.32,papaya\Unripe\29.jpg
541.jpg,banana,rotten,1,2,0.43,banana\Rotten\541.jpg
7.jpg,apple,fresh,0,1,4.87,apple\Fresh\7.jpg
69.jpg,banana,unripe,1,0,5.6,banana\Unripe\69.jpg
549.jpg,mango,rotten,2,2,0.22,mango\Rotten\549.jpg
39.jpg,apple,unripe,0,0,10.42,apple\Unripe\39.jpg
217.jpg,orange,rotten,3,2,0.46,orange\Rotten\217.jpg
562.jpg,banana,unripe,1,0,6.16,banana\Unripe\562.jpg
111.jpg,orange,rotten,3,2,0.73,orange\Rotten\111.jpg
577.jpg,mango,rotten,2,2,0.08,mango\Rotten\577.jpg
493.jpg,banana,fresh,1,1,3.2,banana\Fresh\493.jpg
590.jpg,pineapple,unripe,5,0,5.71,pineapple\Unripe\590.jpg
60.jpg,apple,rotten,0,2,0.33,apple\Rotten\60.jpg
450.jpg,apple,rotten,0,2,0.0,apple\Rotten\450.jpg
516.jpg,apple,fresh,0,1,4.88,apple\Fresh\516.jpg
315.jpg,pineapple,fresh,5,1,3.1,pineapple\Fresh\315.jpg
472.jpg,apple,fresh,0,1,4.97,apple\Fresh\472.jpg
253.jpg,apple,unripe,0,0,9.75,apple\Unripe\253.jpg
615.jpg,mango,rotten,2,2,0.07,mango\Rotten\615.jpg
415.jpg,pineapple,rotten,5,2,0.37,pineapple\Rotten\415.jpg
678.jpg,papaya,rotten,4,2,0.04,papaya\Rotten\678.jpg
309.jpg,pineapple,rotten,5,2,0.06,pineapple\Rotten\309.jpg
377.jpg,pineapple,rotten,5,2,-1.62,pineapple\Rotten\377.jpg
140.jpg,papaya,unripe,4,0,5.21,papaya\Unripe\140.jpg
430.jpg,orange,fresh,3,1,4.87,orange\Fresh\430.jpg
184.jpg,apple,fresh,0,1,4.93,apple\Fresh\184.jpg
57.jpg,apple,unripe,0,0,9.77,apple\Unripe\57.jpg
322.jpg,banana,fresh,1,1,3.28,banana\Fresh\322.jpg
599.jpg,mango,unripe,2,0,6.56,mango\Unripe\599.jpg
559.jpg,banana,fresh,1,1,3.01,banana\Fresh\559.jpg
362.jpg,banana,rotten,1,2,0.28,banana\Rotten\362.jpg
28.jpg,pineapple,rotten,5,2,-2.01,pineapple\Rotten\28.jpg
380.jpg,banana,rotten,1,2,-1.15,banana\Rotten\380.jpg
473.jpg,orange,fresh,3,1,4.78,orange\Fresh\473.jpg
241.jpg,apple,rotten,0,2,0.26,apple\Rotten\241.jpg
476.jpg,papaya,rotten,4,2,0.19,papaya\Rotten\476.jpg
266.jpg,banana,rotten,1,2,0.41,banana\Rotten\266.jpg
362.jpg,apple,fresh,0,1,4.84,apple\Fresh\362.jpg
340.jpg,mango,fresh,2,1,2.95,mango\Fresh\340.jpg
247.jpg,orange,unripe,3,0,7.5,orange\Unripe\247.jpg
518.jpg,pineapple,fresh,5,1,2.93,pineapple\Fresh\518.jpg
379.jpg,mango,fresh,2,1,3.29,mango\Fresh\379.jpg
664.jpg,apple,fresh,0,1,5.16,apple\Fresh\664.jpg
558.jpg,pineapple,unripe,5,0,5.85,pineapple\Unripe\558.jpg
196.jpg,apple,unripe,0,0,9.73,apple\Unripe\196.jpg
46.jpg,papaya,rotten,4,2,-1.97,papaya\Rotten\46.jpg
343.jpg,apple,rotten,0,2,0.75,apple\Rotten\343.jpg
285.jpg,pineapple,rotten,5,2,-1.54,pineapple\Rotten\285.jpg
230.jpg,apple,fresh,0,1,4.9,apple\Fresh\230.jpg
291.jpg,orange,rotten,3,2,0.8,orange\Rotten\291.jpg
571.jpg,pineapple,rotten,5,2,0.18,pineapple\Rotten\571.jpg
525.jpg,orange,unripe,3,0,8.0,orange\Unripe\525.jpg
190.jpg,orange,rotten,3,2,0.72,orange\Rotten\190.jpg
433.jpg,banana,unripe,1,0,6.2,banana\Unripe\433.jpg
464.jpg,banana,fresh,1,1,3.3,banana\Fresh\464.jpg
225.jpg,apple,rotten,0,2,0.05,apple\Rotten\225.jpg
522.jpg,mango,rotten,2,2,0.8,mango\Rotten\522.jpg
541.jpg,orange,unripe,3,0,8.32,orange\Unripe\541.jpg
118.jpg,orange,unripe,3,0,7.96,orange\Unripe\118.jpg
328.jpg,orange,rotten,3,2,0.3,orange\Rotten\328.jpg
448.jpg,banana,fresh,1,1,2.93,banana\Fresh\448.jpg
479.jpg,mango,fresh,2,1,2.76,mango\Fresh\479.jpg
237.jpg,papaya,fresh,4,1,1.99,papaya\Fresh\237.jpg
58.jpg,apple,fresh,0,1,5.21,apple\Fresh\58.jpg
489.jpg,banana,unripe,1,0,5.69,banana\Unripe\489.jpg
388.jpg,papaya,rotten,4,2,0.54,papaya\Rotten\388.jpg
88.jpg,banana,unripe,1,0,5.52,banana\Unripe\88.jpg
240.jpg,banana,fresh,1,1,2.9,banana\Fresh\240.jpg
447.jpg,mango,unripe,2,0,7.46,mango\Unripe\447.jpg
284.jpg,orange,rotten,3,2,0.44,orange\Rotten\284.jpg
178.jpg,apple,unripe,0,0,10.32,apple\Unripe\178.jpg
665.jpg,mango,rotten,2,2,0.35,mango\Rotten\665.jpg
136.jpg,banana,fresh,1,1,3.21,banana\Fresh\136.jpg
635.jpg,pineapple,rotten,5,2,-2.12,pineapple\Rotten\635.jpg
193.jpg,pineapple,rotten,5,2,0.64,pineapple\Rotten\193.jpg
15.jpg,pineapple,rotten,5,2,-1.04,pineapple\Rotten\15.jpg
651.jpg,mango,fresh,2,1,3.02,mango\Fresh\651.jpg
78.jpg,banana,rotten,1,2,0.14,banana\Rotten\78.jpg
270.jpg,banana,rotten,1,2,-2.03,banana\Rotten\270.jpg
58.jpg,mango,fresh,2,1,2.77,mango\Fresh\58.jpg
123.jpg,orange,fresh,3,1,4.94,orange\Fresh\123.jpg
284.jpg,banana,rotten,1,2,-1.17,banana\Rotten\284.jpg
616.jpg,papaya,unripe,4,0,5.46,papaya\Unripe\616.jpg
2.jpg,banana,unripe,1,0,6.12,banana\Unripe\2.jpg
23.jpg,apple,rotten,0,2,0.2,apple\Rotten\23.jpg
469.jpg,mango,unripe,2,0,6.94,mango\Unripe\469.jpg
463.jpg,apple,rotten,0,2,-1.74,apple\Rotten\463.jpg
15.jpg,pineapple,fresh,5,1,3.16,pineapple\Fresh\15.jpg
193.jpg,apple,rotten,0,2,0.03,apple\Rotten\193.jpg
483.jpg,pineapple,fresh,5,1,3.07,pineapple\Fresh\483.jpg
182.jpg,pineapple,rotten,5,2,0.19,pineapple\Rotten\182.jpg
100.jpg,pineapple,fresh,5,1,3.1,pineapple\Fresh\100.jpg
379.jpg,pineapple,unripe,5,0,5.94,pineapple\Unripe\379.jpg
463.jpg,orange,fresh,3,1,5.06,orange\Fresh\463.jpg
533.jpg,apple,rotten,0,2,0.51,apple\Rotten\533.jpg
671.jpg,papaya,rotten,4,2,0.46,papaya\Rotten\671.jpg
587.jpg,mango,unripe,2,0,7.14,mango\Unripe\587.jpg
573.jpg,mango,fresh,2,1,3.26,mango\Fresh\573.jpg
106.jpg,orange,unripe,3,0,7.81,orange\Unripe\106.jpg
49.jpg,pineapple,unripe,5,0,6.33,pineapple\Unripe\49.jpg
506.jpg,apple,rotten,0,2,0.46,apple\Rotten\506.jpg
512.jpg,pineapple,fresh,5,1,3.22,pineapple\Fresh\512.jpg
234.jpg,pineapple,unripe,5,0,5.64,pineapple\Unripe\234.jpg
74.jpg,papaya,unripe,4,0,5.03,papaya\Unripe\74.jpg
85.jpg,pineapple,rotten,5,2,-2.37,pineapple\Rotten\85.jpg
446.jpg,papaya,rotten,4,2,0.28,papaya\Rotten\446.jpg
148.jpg,papaya,unripe,4,0,5.43,papaya\Unripe\148.jpg
143.jpg,orange,unripe,3,0,7.8,orange\Unripe\143.jpg
188.jpg,papaya,rotten,4,2,-1.83,papaya\Rotten\188.jpg
34.jpg,banana,rotten,1,2,0.38,banana\Rotten\34.jpg
389.jpg,banana,fresh,1,1,2.74,banana\Fresh\389.jpg
563.jpg,banana,rotten,1,2,0.57,banana\Rotten\563.jpg
217.jpg,pineapple,fresh,5,1,2.74,pineapple\Fresh\217.jpg
119.jpg,apple,fresh,0,1,4.89,apple\Fresh\119.jpg
429.jpg,orange,rotten,3,2,0.56,orange\Rotten\429.jpg
481.jpg,papaya,rotten,4,2,0.17,papaya\Rotten\481.jpg
485.jpg,orange,unripe,3,0,7.89,orange\Unripe\485.jpg
197.jpg,banana,fresh,1,1,2.71,banana\Fresh\197.jpg
216.jpg,papaya,fresh,4,1,2.11,papaya\Fresh\216.jpg
465.jpg,mango,fresh,2,1,3.17,mango\Fresh\465.jpg
314.jpg,papaya,fresh,4,1,1.87,papaya\Fresh\314.jpg
424.jpg,mango,fresh,2,1,2.94,mango\Fresh\424.jpg
64.jpg,mango,rotten,2,2,0.53,mango\Rotten\64.jpg
126.jpg,orange,fresh,3,1,4.85,orange\Fresh\126.jpg
396.jpg,apple,rotten,0,2,0.1,apple\Rotten\396.jpg
480.jpg,orange,fresh,3,1,5.22,orange\Fresh\480.jpg
295.jpg,papaya,unripe,4,0,5.12,papaya\Unripe\295.jpg
482.jpg,banana,rotten,1,2,0.31,banana\Rotten\482.jpg
407.jpg,banana,unripe,1,0,6.35,banana\Unripe\407.jpg
673.jpg,orange,fresh,3,1,5.06,orange\Fresh\673.jpg
434.jpg,apple,unripe,0,0,9.6,apple\Unripe\434.jpg
176.jpg,apple,rotten,0,2,-1.05,apple\Rotten\176.jpg
342.jpg,pineapple,rotten,5,2,-1.08,pineapple\Rotten\342.jpg
464.jpg,banana,rotten,1,2,0.4,banana\Rotten\464.jpg
489.jpg,orange,unripe,3,0,8.14,orange\Unripe\489.jpg
185.jpg,papaya,unripe,4,0,5.34,papaya\Unripe\185.jpg
31.jpg,mango,unripe,2,0,6.7,mango\Unripe\31.jpg
167.jpg,banana,unripe,1,0,6.27,banana\Unripe\167.jpg
21.jpg,papaya,fresh,4,1,1.78,papaya\Fresh\21.jpg
154.jpg,banana,unripe,1,0,5.74,banana\Unripe\154.jpg
387.jpg,apple,fresh,0,1,5.12,apple\Fresh\387.jpg
562.jpg,papaya,fresh,4,1,2.23,papaya\Fresh\562.jpg
468.jpg,pineapple,rotten,5,2,0.47,pineapple\Rotten\468.jpg
338.jpg,banana,rotten,1,2,-1.75,banana\Rotten\338.jpg
187.jpg,papaya,unripe,4,0,4.87,papaya\Unripe\187.jpg
401.jpg,papaya,fresh,4,1,1.83,papaya\Fresh\401.jpg
154.jpg,orange,fresh,3,1,5.0,orange\Fresh\154.jpg
93.jpg,apple,fresh,0,1,4.95,apple\Fresh\93.jpg
514.jpg,papaya,rotten,4,2,0.65,papaya\Rotten\514.jpg
630.jpg,apple,rotten,0,2,0.19,apple\Rotten\630.jpg
27.jpg,mango,unripe,2,0,7.18,mango\Unripe\27.jpg
94.jpg,papaya,rotten,4,2,-1.78,papaya\Rotten\94.jpg
217.jpg,banana,unripe,1,0,6.19,banana\Unripe\217.jpg
234.jpg,pineapple,rotten,5,2,0.48,pineapple\Rotten\234.jpg
604.jpg,pineapple,fresh,5,1,2.88,pineapple\Fresh\604.jpg
82.jpg,banana,unripe,1,0,5.99,banana\Unripe\82.jpg
389.jpg,pineapple,unripe,5,0,5.69,pineapple\Unripe\389.jpg
620.jpg,apple,unripe,0,0,9.83,apple\Unripe\620.jpg
509.jpg,apple,rotten,0,2,-1.89,apple\Rotten\509.jpg
41.jpg,papaya,unripe,4,0,5.38,papaya\Unripe\41.jpg
264.jpg,papaya,unripe,4,0,4.97,papaya\Unripe\264.jpg
147.jpg,banana,rotten,1,2,0.73,banana\Rotten\147.jpg
263.jpg,banana,unripe,1,0,5.74,banana\Unripe\263.jpg
140.jpg,orange,fresh,3,1,4.97,orange\Fresh\140.jpg
115.jpg,orange,rotten,3,2,0.21,orange\Rotten\115.jpg
195.jpg,pineapple,rotten,5,2,0.78,pineapple\Rotten\195.jpg
442.jpg,banana,rotten,1,2,0.5,banana\Rotten\442.jpg
20.jpg,apple,fresh,0,1,5.28,apple\Fresh\20.jpg
649.jpg,pineapple,rotten,5,2,0.38,pineapple\Rotten\649.jpg
605.jpg,papaya,unripe,4,0,5.44,papaya\Unripe\605.jpg
504.jpg,banana,rotten,1,2,0.55,banana\Rotten\504.jpg
55.jpg,orange,unripe,3,0,7.8,orange\Unripe\55.jpg
415.jpg,mango,fresh,2,1,2.97,mango\Fresh\415.jpg
634.jpg,mango,unripe,2,0,6.59,mango\Unripe\634.jpg
208.jpg,mango,unripe,2,0,7.13,mango\Unripe\208.jpg
146.jpg,papaya,rotten,4,2,0.09,papaya\Rotten\146.jpg
564.jpg,pineapple,fresh,5,1,3.27,pineapple\Fresh\564.jpg
137.jpg,banana,rotten,1,2,0.16,banana\Rotten\137.jpg
55.jpg,apple,fresh,0,1,5.01,apple\Fresh\55.jpg
639.jpg,apple,rotten,0,2,0.61,apple\Rotten\639.jpg
17.jpg,banana,unripe,1,0,6.26,banana\Unripe\17.jpg
402.jpg,papaya,rotten,4,2,-1.81,papaya\Rotten\402.jpg
384.jpg,orange,unripe,3,0,8.05,orange\Unripe\384.jpg
27.jpg,banana,rotten,1,2,0.31,banana\Rotten\27.jpg
16.jpg,papaya,unripe,4,0,4.72,papaya\Unripe\16.jpg
11.jpg,apple,rotten,0,2,0.4,apple\Rotten\11.jpg
157.jpg,apple,fresh,0,1,5.18,apple\Fresh\157.jpg
548.jpg,pineapple,fresh,5,1,3.22,pineapple\Fresh\548.jpg
396.jpg,pineapple,rotten,5,2,-1.66,pineapple\Rotten\396.jpg
401.jpg,banana,fresh,1,1,3.05,banana\Fresh\401.jpg
360.jpg,orange,rotten,3,2,0.25,orange\Rotten\360.jpg
382.jpg,mango,fresh,2,1,3.1,mango\Fresh\382.jpg
299.jpg,pineapple,unripe,5,0,5.7,pineapple\Unripe\299.jpg
362.jpg,pineapple,unripe,5,0,5.64,pineapple\Unripe\362.jpg
456.jpg,pineapple,unripe,5,0,5.78,pineapple\Unripe\456.jpg
374.jpg,orange,rotten,3,2,0.39,orange\Rotten\374.jpg
413.jpg,mango,rotten,2,2,-2.29,mango\Rotten\413.jpg
172.jpg,banana,fresh,1,1,3.07,banana\Fresh\172.jpg
576.jpg,pineapple,unripe,5,0,5.78,pineapple\Unripe\576.jpg
174.jpg,orange,fresh,3,1,5.19,orange\Fresh\174.jpg
56.jpg,apple,fresh,0,1,5.23,apple\Fresh\56.jpg
606.jpg,pineapple,fresh,5,1,2.8,pineapple\Fresh\606.jpg
662.jpg,pineapple,fresh,5,1,3.2,pineapple\Fresh\662.jpg
441.jpg,mango,fresh,2,1,3.17,mango\Fresh\441.jpg
255.jpg,papaya,unripe,4,0,5.49,papaya\Unripe\255.jpg
271.jpg,orange,unripe,3,0,8.37,orange\Unripe\271.jpg
192.jpg,banana,rotten,1,2,0.54,banana\Rotten\192.jpg
11.jpg,apple,fresh,0,1,4.72,apple\Fresh\11.jpg
408.jpg,mango,fresh,2,1,2.82,mango\Fresh\408.jpg
245.jpg,banana,rotten,1,2,0.51,banana\Rotten\245.jpg
352.jpg,banana,fresh,1,1,2.74,banana\Fresh\352.jpg
284.jpg,pineapple,unripe,5,0,5.73,pineapple\Unripe\284.jpg
410.jpg,mango,unripe,2,0,6.77,mango\Unripe\410.jpg
237.jpg,pineapple,unripe,5,0,5.52,pineapple\Unripe\237.jpg
25.jpg,pineapple,rotten,5,2,0.63,pineapple\Rotten\25.jpg
466.jpg,pineapple,unripe,5,0,6.14,pineapple\Unripe\466.jpg
595.jpg,apple,fresh,0,1,5.01,apple\Fresh\595.jpg
2.jpg,papaya,rotten,4,2,0.71,papaya\Rotten\2.jpg
324.jpg,papaya,unripe,4,0,5.21,papaya\Unripe\324.jpg
155.jpg,apple,unripe,0,0,9.54,apple\Unripe\155.jpg
171.jpg,papaya,rotten,4,2,0.77,papaya\Rotten\171.jpg
164.jpg,apple,rotten,0,2,0.38,apple\Rotten\164.jpg
65.jpg,pineapple,unripe,5,0,6.43,pineapple\Unripe\65.jpg
547.jpg,pineapple,fresh,5,1,2.95,pineapple\Fresh\547.jpg
189.jpg,pineapple,rotten,5,2,-2.24,pineapple\Rotten\189.jpg
472.jpg,orange,unripe,3,0,8.09,orange\Unripe\472.jpg
483.jpg,papaya,unripe,4,0,5.04,papaya\Unripe\483.jpg
112.jpg,apple,fresh,0,1,4.85,apple\Fresh\112.jpg
199.jpg,banana,unripe,1,0,5.58,banana\Unripe\199.jpg
398.jpg,pineapple,rotten,5,2,-2.05,pineapple\Rotten\398.jpg
99.jpg,papaya,rotten,4,2,0.73,papaya\Rotten\99.jpg
423.jpg,papaya,rotten,4,2,0.45,papaya\Rotten\423.jpg
616.jpg,banana,rotten,1,2,-1.89,banana\Rotten\616.jpg
222.jpg,banana,unripe,1,0,6.16,banana\Unripe\222.jpg
223.jpg,pineapple,rotten,5,2,-1.49,pineapple\Rotten\223.jpg
315.jpg,apple,rotten,0,2,0.37,apple\Rotten\315.jpg
171.jpg,orange,unripe,3,0,8.18,orange\Unripe\171.jpg
489.jpg,banana,rotten,1,2,0.74,banana\Rotten\489.jpg
3.jpg,mango,rotten,2,2,0.07,mango\Rotten\3.jpg
194.jpg,mango,rotten,2,2,0.55,mango\Rotten\194.jpg
172.jpg,pineapple,fresh,5,1,2.72,pineapple\Fresh\172.jpg
478.jpg,apple,rotten,0,2,0.7,apple\Rotten\478.jpg
257.jpg,mango,unripe,2,0,6.57,mango\Unripe\257.jpg
14.jpg,pineapple,fresh,5,1,2.79,pineapple\Fresh\14.jpg
134.jpg,banana,rotten,1,2,0.25,banana\Rotten\134.jpg
386.jpg,mango,fresh,2,1,2.74,mango\Fresh\386.jpg
156.jpg,banana,rotten,1,2,-1.76,banana\Rotten\156.jpg
380.jpg,orange,rotten,3,2,0.64,orange\Rotten\380.jpg
464.jpg,apple,unripe,0,0,10.21,apple\Unripe\464.jpg
266.jpg,mango,unripe,2,0,6.66,mango\Unripe\266.jpg
230.jpg,papaya,unripe,4,0,5.31,papaya\Unripe\230.jpg
666.jpg,papaya,rotten,4,2,0.18,papaya\Rotten\666.jpg
395.jpg,banana,fresh,1,1,3.07,banana\Fresh\395.jpg
190.jpg,apple,rotten,0,2,-1.29,apple\Rotten\190.jpg
367.jpg,orange,rotten,3,2,0.11,orange\Rotten\367.jpg
525.jpg,apple,rotten,0,2,0.45,apple\Rotten\525.jpg
373.jpg,mango,unripe,2,0,7.11,mango\Unripe\373.jpg
520.jpg,papaya,rotten,4,2,0.57,papaya\Rotten\520.jpg
506.jpg,banana,fresh,1,1,3.0,banana\Fresh\506.jpg
57.jpg,banana,fresh,1,1,3.2,banana\Fresh\57.jpg
267.jpg,pineapple,rotten,5,2,-1.8,pineapple\Rotten\267.jpg
553.jpg,pineapple,rotten,5,2,0.39,pineapple\Rotten\553.jpg
500.jpg,pineapple,unripe,5,0,6.11,pineapple\Unripe\500.jpg
46.jpg,apple,unripe,0,0,9.88,apple\Unripe\46.jpg
515.jpg,banana,unripe,1,0,5.78,banana\Unripe\515.jpg
549.jpg,apple,unripe,0,0,9.52,apple\Unripe\549.jpg
2.jpg,papaya,fresh,4,1,1.96,papaya\Fresh\2.jpg
469.jpg,banana,unripe,1,0,5.61,banana\Unripe\469.jpg
683.jpg,orange,rotten,3,2,-2.21,orange\Rotten\683.jpg
576.jpg,banana,fresh,1,1,2.83,banana\Fresh\576.jpg
425.jpg,pineapple,rotten,5,2,0.32,pineapple\Rotten\425.jpg
377.jpg,orange,rotten,3,2,-1.04,orange\Rotten\377.jpg
6.jpg,orange,rotten,3,2,0.29,orange\Rotten\6.jpg
201.jpg,orange,fresh,3,1,4.79,orange\Fresh\201.jpg
66.jpg,papaya,unripe,4,0,4.86,papaya\Unripe\66.jpg
298.jpg,apple,rotten,0,2,-1.37,apple\Rotten\298.jpg
293.jpg,papaya,unripe,4,0,4.97,papaya\Unripe\293.jpg
473.jpg,pineapple,rotten,5,2,0.69,pineapple\Rotten\473.jpg
14.jpg,mango,rotten,2,2,0.29,mango\Rotten\14.jpg
109.jpg,apple,rotten,0,2,0.08,apple\Rotten\109.jpg
160.jpg,pineapple,rotten,5,2,0.65,pineapple\Rotten\160.jpg
178.jpg,banana,rotten,1,2,0.44,banana\Rotten\178.jpg
262.jpg,banana,fresh,1,1,2.87,banana\Fresh\262.jpg
488.jpg,pineapple,rotten,5,2,0.27,pineapple\Rotten\488.jpg
322.jpg,mango,rotten,2,2,0.61,mango\Rotten\322.jpg
494.jpg,pineapple,fresh,5,1,2.93,pineapple\Fresh\494.jpg
619.jpg,pineapple,rotten,5,2,0.61,pineapple\Rotten\619.jpg
153.jpg,banana,fresh,1,1,3.09,banana\Fresh\153.jpg
302.jpg,mango,rotten,2,2,0.04,mango\Rotten\302.jpg
674.jpg,pineapple,rotten,5,2,0.65,pineapple\Rotten\674.jpg
609.jpg,papaya,unripe,4,0,5.0,papaya\Unripe\609.jpg
643.jpg,papaya,rotten,4,2,-1.67,papaya\Rotten\643.jpg
224.jpg,papaya,unripe,4,0,5.49,papaya\Unripe\224.jpg
201.jpg,pineapple,fresh,5,1,2.9,pineapple\Fresh\201.jpg
283.jpg,mango,unripe,2,0,7.42,mango\Unripe\283.jpg
205.jpg,pineapple,rotten,5,2,0.28,pineapple\Rotten\205.jpg
470.jpg,banana,fresh,1,1,2.92,banana\Fresh\470.jpg
556.jpg,papaya,unripe,4,0,4.66,papaya\Unripe\556.jpg
611.jpg,banana,unripe,1,0,6.06,banana\Unripe\611.jpg
561.jpg,banana,rotten,1,2,-1.24,banana\Rotten\561.jpg
340.jpg,papaya,fresh,4,1,2.05,papaya\Fresh\340.jpg
63.jpg,mango,fresh,2,1,2.71,mango\Fresh\63.jpg
187.jpg,apple,fresh,0,1,4.97,apple\Fresh\187.jpg
627.jpg,apple,unripe,0,0,9.8,apple\Unripe\627.jpg
166.jpg,apple,unripe,0,0,9.55,apple\Unripe\166.jpg
72.jpg,banana,rotten,1,2,0.39,banana\Rotten\72.jpg
618.jpg,papaya,unripe,4,0,5.27,papaya\Unripe\618.jpg
34.jpg,pineapple,unripe,5,0,6.41,pineapple\Unripe\34.jpg
169.jpg,mango,unripe,2,0,6.64,mango\Unripe\169.jpg
265.jpg,pineapple,rotten,5,2,-2.27,pineapple\Rotten\265.jpg
120.jpg,papaya,unripe,4,0,4.67,papaya\Unripe\120.jpg
299.jpg,orange,rotten,3,2,0.05,orange\Rotten\299.jpg
15.jpg,orange,unripe,3,0,7.91,orange\Unripe\15.jpg
6.jpg,mango,unripe,2,0,7.04,mango\Unripe\6.jpg
660.jpg,pineapple,rotten,5,2,0.58,pineapple\Rotten\660.jpg
614.jpg,papaya,unripe,4,0,4.93,papaya\Unripe\614.jpg
348.jpg,pineapple,rotten,5,2,-1.46,pineapple\Rotten\348.jpg
453.jpg,apple,unripe,0,0,10.38,apple\Unripe\453.jpg
602.jpg,banana,rotten,1,2,0.21,banana\Rotten\602.jpg
543.jpg,papaya,fresh,4,1,2.27,papaya\Fresh\543.jpg
537.jpg,pineapple,unripe,5,0,6.43,pineapple\Unripe\537.jpg
198.jpg,apple,unripe,0,0,9.83,apple\Unripe\198.jpg
551.jpg,papaya,unripe,4,0,5.24,papaya\Unripe\551.jpg
611.jpg,mango,unripe,2,0,7.38,mango\Unripe\611.jpg
513.jpg,banana,fresh,1,1,2.81,banana\Fresh\513.jpg
162.jpg,mango,unripe,2,0,6.54,mango\Unripe\162.jpg
414.jpg,apple,unripe,0,0,9.54,apple\Unripe\414.jpg
522.jpg,orange,fresh,3,1,5.17,orange\Fresh\522.jpg
530.jpg,pineapple,fresh,5,1,2.93,pineapple\Fresh\530.jpg
177.jpg,mango,unripe,2,0,7.26,mango\Unripe\177.jpg
245.jpg,pineapple,rotten,5,2,0.52,pineapple\Rotten\245.jpg
260.jpg,papaya,rotten,4,2,0.66,papaya\Rotten\260.jpg
175.jpg,banana,rotten,1,2,0.71,banana\Rotten\175.jpg
297.jpg,banana,rotten,1,2,0.31,banana\Rotten\297.jpg
76.jpg,orange,rotten,3,2,-2.26,orange\Rotten\76.jpg
254.jpg,pineapple,unripe,5,0,6.06,pineapple\Unripe\254.jpg
339.jpg,papaya,fresh,4,1,2.28,papaya\Fresh\339.jpg
626.jpg,pineapple,unripe,5,0,5.81,pineapple\Unripe\626.jpg
446.jpg,papaya,unripe,4,0,4.9,papaya\Unripe\446.jpg
89.jpg,pineapple,fresh,5,1,3.17,pineapple\Fresh\89.jpg
556.jpg,pineapple,fresh,5,1,3.05,pineapple\Fresh\556.jpg
117.jpg,apple,fresh,0,1,5.09,apple\Fresh\117.jpg
54.jpg,papaya,unripe,4,0,4.95,papaya\Unripe\54.jpg
257.jpg,orange,rotten,3,2,0.11,orange\Rotten\257.jpg
590.jpg,orange,fresh,3,1,5.14,orange\Fresh\590.jpg
355.jpg,papaya,unripe,4,0,4.87,papaya\Unripe\355.jpg
517.jpg,orange,rotten,3,2,0.77,orange\Rotten\517.jpg
432.jpg,apple,unripe,0,0,10.15,apple\Unripe\432.jpg
229.jpg,apple,rotten,0,2,0.0,apple\Rotten\229.jpg
61.jpg,banana,rotten,1,2,-2.17,banana\Rotten\61.jpg
404.jpg,mango,fresh,2,1,2.74,mango\Fresh\404.jpg
536.jpg,pineapple,unripe,5,0,5.65,pineapple\Unripe\536.jpg
356.jpg,apple,rotten,0,2,0.65,apple\Rotten\356.jpg
585.jpg,banana,rotten,1,2,0.49,banana\Rotten\585.jpg
185.jpg,apple,unripe,0,0,9.92,apple\Unripe\185.jpg
277.jpg,banana,fresh,1,1,2.8,banana\Fresh\277.jpg
108.jpg,apple,fresh,0,1,5.0,apple\Fresh\108.jpg
150.jpg,banana,fresh,1,1,2.8,banana\Fresh\150.jpg
649.jpg,mango,fresh,2,1,2.84,mango\Fresh\649.jpg
79.jpg,mango,fresh,2,1,2.77,mango\Fresh\79.jpg
641.jpg,apple,fresh,0,1,4.99,apple\Fresh\641.jpg
47.jpg,apple,rotten,0,2,-2.29,apple\Rotten\47.jpg
191.jpg,apple,fresh,0,1,4.9,apple\Fresh\191.jpg
382.jpg,papaya,fresh,4,1,2.2,papaya\Fresh\382.jpg
75.jpg,pineapple,unripe,5,0,6.28,pineapple\Unripe\75.jpg
217.jpg,papaya,fresh,4,1,2.13,papaya\Fresh\217.jpg
12.jpg,mango,unripe,2,0,7.27,mango\Unripe\12.jpg
252.jpg,apple,unripe,0,0,10.15,apple\Unripe\252.jpg
407.jpg,pineapple,rotten,5,2,0.75,pineapple\Rotten\407.jpg
671.jpg,papaya,fresh,4,1,2.16,papaya\Fresh\671.jpg
342.jpg,pineapple,unripe,5,0,5.9,pineapple\Unripe\342.jpg
609.jpg,papaya,fresh,4,1,1.77,papaya\Fresh\609.jpg
4.jpg,mango,unripe,2,0,6.85,mango\Unripe\4.jpg
604.jpg,orange,rotten,3,2,0.49,orange\Rotten\604.jpg
104.jpg,orange,rotten,3,2,0.37,orange\Rotten\104.jpg
286.jpg,banana,rotten,1,2,-2.13,banana\Rotten\286.jpg
490.jpg,pineapple,rotten,5,2,0.47,pineapple\Rotten\490.jpg
122.jpg,banana,rotten,1,2,0.4,banana\Rotten\122.jpg
108.jpg,orange,unripe,3,0,7.59,orange\Unripe\108.jpg
519.jpg,mango,fresh,2,1,3.09,mango\Fresh\519.jpg
392.jpg,banana,unripe,1,0,6.38,banana\Unripe\392.jpg
628.jpg,orange,fresh,3,1,4.86,orange\Fresh\628.jpg
178.jpg,apple,fresh,0,1,4.71,apple\Fresh\178.jpg
576.jpg,papaya,rotten,4,2,0.35,papaya\Rotten\576.jpg
348.jpg,papaya,fresh,4,1,1.93,papaya\Fresh\348.jpg
86.jpg,pineapple,unripe,5,0,6.0,pineapple\Unripe\86.jpg
167.jpg,pineapple,rotten,5,2,0.27,pineapple\Rotten\167.jpg
240.jpg,mango,unripe,2,0,7.23,mango\Unripe\240.jpg
174.jpg,mango,unripe,2,0,7.28,mango\Unripe\174.jpg
7.jpg,orange,unripe,3,0,7.95,orange\Unripe\7.jpg
364.jpg,pineapple,fresh,5,1,2.93,pineapple\Fresh\364.jpg
308.jpg,papaya,rotten,4,2,-2.39,papaya\Rotten\308.jpg
192.jpg,papaya,fresh,4,1,1.71,papaya\Fresh\192.jpg
583.jpg,banana,fresh,1,1,2.84,banana\Fresh\583.jpg
146.jpg,pineapple,rotten,5,2,-2.08,pineapple\Rotten\146.jpg
603.jpg,pineapple,unripe,5,0,6.11,pineapple\Unripe\603.jpg
199.jpg,apple,unripe,0,0,9.68,apple\Unripe\199.jpg
389.jpg,mango,unripe,2,0,7.46,mango\Unripe\389.jpg
465.jpg,apple,unripe,0,0,10.15,apple\Unripe\465.jpg
371.jpg,apple,unripe,0,0,10.27,apple\Unripe\371.jpg
387.jpg,banana,unripe,1,0,6.17,banana\Unripe\387.jpg
344.jpg,orange,fresh,3,1,4.95,orange\Fresh\344.jpg
393.jpg,papaya,unripe,4,0,5.11,papaya\Unripe\393.jpg
275.jpg,banana,rotten,1,2,0.63,banana\Rotten\275.jpg
224.jpg,mango,fresh,2,1,3.12,mango\Fresh\224.jpg
587.jpg,banana,rotten,1,2,-1.26,banana\Rotten\587.jpg
178.jpg,mango,rotten,2,2,0.06,mango\Rotten\178.jpg
180.jpg,banana,rotten,1,2,-1.91,banana\Rotten\180.jpg
565.jpg,apple,unripe,0,0,9.89,apple\Unripe\565.jpg
550.jpg,pineapple,unripe,5,0,5.58,pineapple\Unripe\550.jpg
493.jpg,papaya,fresh,4,1,2.12,papaya\Fresh\493.jpg
554.jpg,orange,unripe,3,0,8.47,orange\Unripe\554.jpg
174.jpg,banana,unripe,1,0,5.83,banana\Unripe\174.jpg
54.jpg,mango,rotten,2,2,0.33,mango\Rotten\54.jpg
615.jpg,mango,unripe,2,0,6.8,mango\Unripe\615.jpg
644.jpg,pineapple,fresh,5,1,2.87,pineapple\Fresh\644.jpg
393.jpg,apple,rotten,0,2,0.46,apple\Rotten\393.jpg
315.jpg,mango,fresh,2,1,2.76,mango\Fresh\315.jpg
586.jpg,mango,unripe,2,0,7.29,mango\Unripe\586.jpg
483.jpg,orange,unripe,3,0,8.16,orange\Unripe\483.jpg
290.jpg,papaya,fresh,4,1,2.02,papaya\Fresh\290.jpg
260.jpg,banana,fresh,1,1,3.2,banana\Fresh\260.jpg
489.jpg,pineapple,unripe,5,0,6.09,pineapple\Unripe\489.jpg
221.jpg,banana,rotten,1,2,0.13,banana\Rotten\221.jpg
449.jpg,apple,fresh,0,1,5.0,apple\Fresh\449.jpg
31.jpg,banana,unripe,1,0,5.55,banana\Unripe\31.jpg
508.jpg,pineapple,fresh,5,1,2.72,pineapple\Fresh\508.jpg
689.jpg,papaya,rotten,4,2,0.78,papaya\Rotten\689.jpg
634.jpg,orange,rotten,3,2,0.74,orange\Rotten\634.jpg
136.jpg,mango,unripe,2,0,6.61,mango\Unripe\136.jpg
205.jpg,apple,unripe,0,0,9.94,apple\Unripe\205.jpg
102.jpg,orange,rotten,3,2,-2.34,orange\Rotten\102.jpg
27.jpg,orange,rotten,3,2,-1.11,orange\Rotten\27.jpg
138.jpg,mango,unripe,2,0,6.66,mango\Unripe\138.jpg
523.jpg,apple,fresh,0,1,4.81,apple\Fresh\523.jpg
311.jpg,banana,unripe,1,0,6.49,banana\Unripe\311.jpg
304.jpg,banana,rotten,1,2,0.51,banana\Rotten\304.jpg
253.jpg,apple,rotten,0,2,0.65,apple\Rotten\253.jpg
403.jpg,banana,unripe,1,0,6.22,banana\Unripe\403.jpg
202.jpg,banana,fresh,1,1,3.1,banana\Fresh\202.jpg
664.jpg,banana,unripe,1,0,6.38,banana\Unripe\664.jpg
497.jpg,papaya,fresh,4,1,1.82,papaya\Fresh\497.jpg
87.jpg,banana,rotten,1,2,-1.93,banana\Rotten\87.jpg
129.jpg,orange,fresh,3,1,4.74,orange\Fresh\129.jpg
499.jpg,apple,fresh,0,1,5.25,apple\Fresh\499.jpg
629.jpg,apple,rotten,0,2,-1.8,apple\Rotten\629.jpg
372.jpg,orange,rotten,3,2,0.08,orange\Rotten\372.jpg
603.jpg,papaya,rotten,4,2,0.19,papaya\Rotten\603.jpg
197.jpg,papaya,unripe,4,0,5.39,papaya\Unripe\197.jpg
453.jpg,papaya,unripe,4,0,5.24,papaya\Unripe\453.jpg
580.jpg,papaya,unripe,4,0,4.73,papaya\Unripe\580.jpg
31.jpg,apple,unripe,0,0,10.11,apple\Unripe\31.jpg
678.jpg,mango,fresh,2,1,2.82,mango\Fresh\678.jpg
46.jpg,pineapple,unripe,5,0,5.52,pineapple\Unripe\46.jpg
643.jpg,mango,unripe,2,0,7.25,mango\Unripe\643.jpg
524.jpg,papaya,unripe,4,0,4.58,papaya\Unripe\524.jpg
202.jpg,papaya,fresh,4,1,1.8,papaya\Fresh\202.jpg
257.jpg,papaya,fresh,4,1,2.22,papaya\Fresh\257.jpg
158.jpg,banana,unripe,1,0,5.66,banana\Unripe\158.jpg
323.jpg,mango,fresh,2,1,3.16,mango\Fresh\323.jpg
127.jpg,pineapple,rotten,5,2,0.02,pineapple\Rotten\127.jpg
422.jpg,papaya,unripe,4,0,5.04,papaya\Unripe\422.jpg
485.jpg,pineapple,fresh,5,1,3.18,pineapple\Fresh\485.jpg
367.jpg,banana,fresh,1,1,2.89,banana\Fresh\367.jpg
646.jpg,pineapple,fresh,5,1,3.13,pineapple\Fresh\646.jpg
31.jpg,pineapple,fresh,5,1,2.97,pineapple\Fresh\31.jpg
361.jpg,mango,unripe,2,0,6.98,mango\Unripe\361.jpg
487.jpg,orange,fresh,3,1,5.29,orange\Fresh\487.jpg
388.jpg,mango,unripe,2,0,7.32,mango\Unripe\388.jpg
108.jpg,papaya,fresh,4,1,2.01,papaya\Fresh\108.jpg
215.jpg,pineapple,rotten,5,2,0.76,pineapple\Rotten\215.jpg
427.jpg,orange,unripe,3,0,7.76,orange\Unripe\427.jpg
567.jpg,apple,unripe,0,0,10.46,apple\Unripe\567.jpg
577.jpg,papaya,rotten,4,2,-1.19,papaya\Rotten\577.jpg
50.jpg,orange,rotten,3,2,0.18,orange\Rotten\50.jpg
3.jpg,mango,fresh,2,1,2.85,mango\Fresh\3.jpg
381.jpg,banana,fresh,1,1,2.7,banana\Fresh\381.jpg
224.jpg,orange,rotten,3,2,0.24,orange\Rotten\224.jpg
28.jpg,pineapple,unripe,5,0,5.8,pineapple\Unripe\28.jpg
401.jpg,pineapple,fresh,5,1,2.84,pineapple\Fresh\401.jpg
271.jpg,papaya,unripe,4,0,4.6,papaya\Unripe\271.jpg
261.jpg,banana,rotten,1,2,-2.06,banana\Rotten\261.jpg
94.jpg,pineapple,rotten,5,2,0.65,pineapple\Rotten\94.jpg
181.jpg,papaya,unripe,4,0,5.1,papaya\Unripe\181.jpg
606.jpg,banana,rotten,1,2,-2.26,banana\Rotten\606.jpg
629.jpg,papaya,rotten,4,2,0.21,papaya\Rotten\629.jpg
291.jpg,papaya,fresh,4,1,2.06,papaya\Fresh\291.jpg
207.jpg,pineapple,unripe,5,0,6.41,pineapple\Unripe\207.jpg
261.jpg,apple,fresh,0,1,4.91,apple\Fresh\261.jpg
452.jpg,papaya,fresh,4,1,1.87,papaya\Fresh\452.jpg
399.jpg,pineapple,unripe,5,0,6.2,pineapple\Unripe\399.jpg
559.jpg,papaya,fresh,4,1,1.96,papaya\Fresh\559.jpg
199.jpg,banana,rotten,1,2,0.62,banana\Rotten\199.jpg
564.jpg,papaya,unripe,4,0,4.5,papaya\Unripe\564.jpg
368.jpg,papaya,rotten,4,2,0.75,papaya\Rotten\368.jpg
459.jpg,mango,fresh,2,1,3.0,mango\Fresh\459.jpg
296.jpg,pineapple,rotten,5,2,0.08,pineapple\Rotten\296.jpg
600.jpg,mango,unripe,2,0,7.15,mango\Unripe\600.jpg
179.jpg,apple,fresh,0,1,4.9,apple\Fresh\179.jpg
378.jpg,banana,rotten,1,2,0.68,banana\Rotten\378.jpg
26.jpg,mango,fresh,2,1,3.03,mango\Fresh\26.jpg
51.jpg,banana,fresh,1,1,2.92,banana\Fresh\51.jpg
213.jpg,mango,fresh,2,1,3.2,mango\Fresh\213.jpg
250.jpg,papaya,unripe,4,0,4.6,papaya\Unripe\250.jpg
24.jpg,mango,rotten,2,2,0.39,mango\Rotten\24.jpg
516.jpg,papaya,rotten,4,2,0.53,papaya\Rotten\516.jpg
377.jpg,apple,rotten,0,2,0.48,apple\Rotten\377.jpg
11.jpg,papaya,unripe,4,0,4.56,papaya\Unripe\11.jpg
140.jpg,pineapple,unripe,5,0,5.78,pineapple\Unripe\140.jpg
617.jpg,pineapple,unripe,5,0,5.58,pineapple\Unripe\617.jpg
418.jpg,banana,unripe,1,0,6.04,banana\Unripe\418.jpg
16.jpg,apple,unripe,0,0,9.74,apple\Unripe\16.jpg
385.jpg,papaya,rotten,4,2,-2.29,papaya\Rotten\385.jpg
414.jpg,orange,fresh,3,1,5.28,orange\Fresh\414.jpg
427.jpg,apple,unripe,0,0,9.96,apple\Unripe\427.jpg
183.jpg,orange,fresh,3,1,5.21,orange\Fresh\183.jpg
350.jpg,papaya,rotten,4,2,0.66,papaya\Rotten\350.jpg
246.jpg,banana,rotten,1,2,0.59,banana\Rotten\246.jpg
536.jpg,mango,unripe,2,0,6.83,mango\Unripe\536.jpg
210.jpg,pineapple,unripe,5,0,6.23,pineapple\Unripe\210.jpg
68.jpg,papaya,fresh,4,1,1.97,papaya\Fresh\68.jpg
70.jpg,mango,unripe,2,0,6.66,mango\Unripe\70.jpg
7.jpg,pineapple,unripe,5,0,6.33,pineapple\Unripe\7.jpg
251.jpg,pineapple,fresh,5,1,2.96,pineapple\Fresh\251.jpg
44.jpg,orange,fresh,3,1,4.81,orange\Fresh\44.jpg
229.jpg,mango,unripe,2,0,6.72,mango\Unripe\229.jpg
485.jpg,mango,rotten,2,2,0.57,mango\Rotten\485.jpg
72.jpg,pineapple,fresh,5,1,3.09,pineapple\Fresh\72.jpg
580.jpg,orange,rotten,3,2,-2.25,orange\Rotten\580.jpg
648.jpg,mango,rotten,2,2,0.61,mango\Rotten\648.jpg
247.jpg,papaya,rotten,4,2,0.73,papaya\Rotten\247.jpg
353.jpg,banana,unripe,1,0,5.95,banana\Unripe\353.jpg
481.jpg,pineapple,unripe,5,0,6.14,pineapple\Unripe\481.jpg
392.jpg,papaya,fresh,4,1,2.19,papaya\Fresh\392.jpg
102.jpg,pineapple,fresh,5,1,2.82,pineapple\Fresh\102.jpg
637.jpg,apple,unripe,0,0,9.93,apple\Unripe\637.jpg
217.jpg,papaya,rotten,4,2,-2.38,papaya\Rotten\217.jpg
304.jpg,mango,rotten,2,2,0.12,mango\Rotten\304.jpg
204.jpg,papaya,unripe,4,0,4.64,papaya\Unripe\204.jpg
395.jpg,pineapple,unripe,5,0,6.14,pineapple\Unripe\395.jpg
275.jpg,papaya,unripe,4,0,4.76,papaya\Unripe\275.jpg
346.jpg,pineapple,unripe,5,0,6.44,pineapple\Unripe\346.jpg
222.jpg,papaya,rotten,4,2,-1.03,papaya\Rotten\222.jpg
131.jpg,papaya,rotten,4,2,0.25,papaya\Rotten\131.jpg
493.jpg,mango,unripe,2,0,6.59,mango\Unripe\493.jpg
192.jpg,pineapple,rotten,5,2,0.66,pineapple\Rotten\192.jpg
316.jpg,mango,fresh,2,1,3.01,mango\Fresh\316.jpg
156.jpg,pineapple,fresh,5,1,2.8,pineapple\Fresh\156.jpg
176.jpg,orange,unripe,3,0,7.75,orange\Unripe\176.jpg
253.jpg,orange,unripe,3,0,8.23,orange\Unripe\253.jpg
606.jpg,apple,rotten,0,2,0.11,apple\Rotten\606.jpg
205.jpg,pineapple,unripe,5,0,5.78,pineapple\Unripe\205.jpg
2.jpg,pineapple,fresh,5,1,2.99,pineapple\Fresh\2.jpg
10.jpg,banana,fresh,1,1,3.22,banana\Fresh\10.jpg
48.jpg,pineapple,fresh,5,1,3.03,pineapple\Fresh\48.jpg
212.jpg,banana,fresh,1,1,2.78,banana\Fresh\212.jpg
125.jpg,papaya,unripe,4,0,4.83,papaya\Unripe\125.jpg
116.jpg,papaya,fresh,4,1,2.24,papaya\Fresh\116.jpg
501.jpg,orange,unripe,3,0,7.81,orange\Unripe\501.jpg
648.jpg,pineapple,unripe,5,0,5.67,pineapple\Unripe\648.jpg
654.jpg,pineapple,unripe,5,0,6.06,pineapple\Unripe\654.jpg
447.jpg,apple,fresh,0,1,5.11,apple\Fresh\447.jpg
13.jpg,banana,fresh,1,1,3.01,banana\Fresh\13.jpg
339.jpg,pineapple,unripe,5,0,5.67,pineapple\Unripe\339.jpg
151.jpg,papaya,fresh,4,1,2.07,papaya\Fresh\151.jpg
664.jpg,orange,rotten,3,2,0.02,orange\Rotten\664.jpg
67.jpg,papaya,fresh,4,1,2.15,papaya\Fresh\67.jpg
632.jpg,apple,fresh,0,1,4.94,apple\Fresh\632.jpg
233.jpg,orange,unripe,3,0,8.04,orange\Unripe\233.jpg
550.jpg,pineapple,fresh,5,1,3.2,pineapple\Fresh\550.jpg
376.jpg,mango,unripe,2,0,6.85,mango\Unripe\376.jpg
579.jpg,papaya,rotten,4,2,0.48,papaya\Rotten\579.jpg
593.jpg,apple,rotten,0,2,0.18,apple\Rotten\593.jpg
346.jpg,mango,unripe,2,0,6.8,mango\Unripe\346.jpg
38.jpg,banana,fresh,1,1,2.76,banana\Fresh\38.jpg
544.jpg,mango,unripe,2,0,6.7,mango\Unripe\544.jpg
656.jpg,orange,rotten,3,2,0.57,orange\Rotten\656.jpg
296.jpg,orange,rotten,3,2,0.23,orange\Rotten\296.jpg
324.jpg,apple,fresh,0,1,5.2,apple\Fresh\324.jpg
252.jpg,orange,rotten,3,2,0.74,orange\Rotten\252.jpg
577.jpg,banana,rotten,1,2,0.74,banana\Rotten\577.jpg
83.jpg,apple,fresh,0,1,5.06,apple\Fresh\83.jpg
575.jpg,mango,rotten,2,2,0.57,mango\Rotten\575.jpg
677.jpg,pineapple,rotten,5,2,0.3,pineapple\Rotten\677.jpg
587.jpg,apple,fresh,0,1,5.24,apple\Fresh\587.jpg
448.jpg,banana,unripe,1,0,6.29,banana\Unripe\448.jpg
190.jpg,apple,fresh,0,1,5.29,apple\Fresh\190.jpg
152.jpg,apple,fresh,0,1,4.8,apple\Fresh\152.jpg
188.jpg,mango,unripe,2,0,6.81,mango\Unripe\188.jpg
166.jpg,banana,rotten,1,2,0.29,banana\Rotten\166.jpg
86.jpg,mango,rotten,2,2,0.34,mango\Rotten\86.jpg
236.jpg,pineapple,rotten,5,2,0.24,pineapple\Rotten\236.jpg
143.jpg,banana,unripe,1,0,5.95,banana\Unripe\143.jpg
37.jpg,orange,unripe,3,0,7.81,orange\Unripe\37.jpg
223.jpg,apple,unripe,0,0,9.58,apple\Unripe\223.jpg
399.jpg,papaya,fresh,4,1,2.1,papaya\Fresh\399.jpg
386.jpg,banana,unripe,1,0,5.56,banana\Unripe\386.jpg
502.jpg,orange,unripe,3,0,7.95,orange\Unripe\502.jpg
369.jpg,pineapple,rotten,5,2,0.75,pineapple\Rotten\369.jpg
79.jpg,apple,unripe,0,0,10.16,apple\Unripe\79.jpg
268.jpg,papaya,rotten,4,2,0.17,papaya\Rotten\268.jpg
213.jpg,banana,unripe,1,0,5.83,banana\Unripe\213.jpg
209.jpg,pineapple,unripe,5,0,6.34,pineapple\Unripe\209.jpg
422.jpg,apple,unripe,0,0,9.64,apple\Unripe\422.jpg
237.jpg,mango,unripe,2,0,6.57,mango\Unripe\237.jpg
597.jpg,mango,fresh,2,1,3.06,mango\Fresh\597.jpg
571.jpg,banana,rotten,1,2,0.72,banana\Rotten\571.jpg
544.jpg,orange,fresh,3,1,4.73,orange\Fresh\544.jpg
3.jpg,banana,unripe,1,0,6.06,banana\Unripe\3.jpg
376.jpg,papaya,unripe,4,0,5.0,papaya\Unripe\376.jpg
307.jpg,banana,rotten,1,2,0.68,banana\Rotten\307.jpg
561.jpg,mango,fresh,2,1,3.2,mango\Fresh\561.jpg
142.jpg,pineapple,fresh,5,1,3.0,pineapple\Fresh\142.jpg
566.jpg,banana,fresh,1,1,2.8,banana\Fresh\566.jpg
176.jpg,papaya,fresh,4,1,2.07,papaya\Fresh\176.jpg
184.jpg,mango,unripe,2,0,7.15,mango\Unripe\184.jpg
586.jpg,apple,rotten,0,2,0.01,apple\Rotten\586.jpg
369.jpg,mango,rotten,2,2,0.01,mango\Rotten\369.jpg
125.jpg,banana,rotten,1,2,0.27,banana\Rotten\125.jpg
501.jpg,papaya,fresh,4,1,1.81,papaya\Fresh\501.jpg
70.jpg,banana,rotten,1,2,0.37,banana\Rotten\70.jpg
351.jpg,banana,rotten,1,2,0.24,banana\Rotten\351.jpg
525.jpg,mango,unripe,2,0,7.46,mango\Unripe\525.jpg
574.jpg,orange,rotten,3,2,0.38,orange\Rotten\574.jpg
334.jpg,orange,rotten,3,2,0.42,orange\Rotten\334.jpg
515.jpg,papaya,fresh,4,1,1.89,papaya\Fresh\515.jpg
560.jpg,apple,rotten,0,2,0.32,apple\Rotten\560.jpg
118.jpg,orange,fresh,3,1,4.77,orange\Fresh\118.jpg
164.jpg,mango,unripe,2,0,6.95,mango\Unripe\164.jpg
357.jpg,mango,unripe,2,0,7.43,mango\Unripe\357.jpg
165.jpg,mango,unripe,2,0,7.4,mango\Unripe\165.jpg
24.jpg,papaya,rotten,4,2,0.68,papaya\Rotten\24.jpg
509.jpg,mango,rotten,2,2,0.16,mango\Rotten\509.jpg
155.jpg,apple,fresh,0,1,4.77,apple\Fresh\155.jpg
600.jpg,orange,rotten,3,2,0.21,orange\Rotten\600.jpg
87.jpg,mango,unripe,2,0,7.12,mango\Unripe\87.jpg
458.jpg,orange,fresh,3,1,4.94,orange\Fresh\458.jpg
19.jpg,papaya,unripe,4,0,5.27,papaya\Unripe\19.jpg
477.jpg,apple,unripe,0,0,10.08,apple\Unripe\477.jpg
499.jpg,apple,unripe,0,0,9.63,apple\Unripe\499.jpg
448.jpg,mango,unripe,2,0,6.59,mango\Unripe\448.jpg
655.jpg,pineapple,rotten,5,2,0.71,pineapple\Rotten\655.jpg
610.jpg,orange,rotten,3,2,0.45,orange\Rotten\610.jpg
425.jpg,papaya,rotten,4,2,0.06,papaya\Rotten\425.jpg
402.jpg,papaya,unripe,4,0,4.98,papaya\Unripe\402.jpg
162.jpg,banana,unripe,1,0,5.63,banana\Unripe\162.jpg
209.jpg,orange,rotten,3,2,0.77,orange\Rotten\209.jpg
270.jpg,apple,fresh,0,1,5.26,apple\Fresh\270.jpg
634.jpg,banana,unripe,1,0,6.04,banana\Unripe\634.jpg
387.jpg,orange,fresh,3,1,4.7,orange\Fresh\387.jpg
459.jpg,apple,unripe,0,0,10.11,apple\Unripe\459.jpg
88.jpg,papaya,fresh,4,1,2.25,papaya\Fresh\88.jpg
181.jpg,pineapple,unripe,5,0,6.37,pineapple\Unripe\181.jpg
8.jpg,mango,unripe,2,0,6.53,mango\Unripe\8.jpg
137.jpg,apple,fresh,0,1,5.1,apple\Fresh\137.jpg
7.jpg,mango,unripe,2,0,7.23,mango\Unripe\7.jpg
386.jpg,apple,unripe,0,0,9.58,apple\Unripe\386.jpg
246.jpg,pineapple,fresh,5,1,2.88,pineapple\Fresh\246.jpg
676.jpg,orange,rotten,3,2,0.74,orange\Rotten\676.jpg
124.jpg,papaya,fresh,4,1,2.14,papaya\Fresh\124.jpg
660.jpg,orange,rotten,3,2,0.1,orange\Rotten\660.jpg
675.jpg,orange,rotten,3,2,0.18,orange\Rotten\675.jpg
244.jpg,pineapple,fresh,5,1,3.29,pineapple\Fresh\244.jpg
562.jpg,mango,unripe,2,0,7.12,mango\Unripe\562.jpg
26.jpg,apple,unripe,0,0,10.31,apple\Unripe\26.jpg
73.jpg,mango,rotten,2,2,-1.33,mango\Rotten\73.jpg
189.jpg,orange,fresh,3,1,4.86,orange\Fresh\189.jpg
440.jpg,pineapple,fresh,5,1,3.17,pineapple\Fresh\440.jpg
123.jpg,apple,unripe,0,0,10.41,apple\Unripe\123.jpg
178.jpg,pineapple,fresh,5,1,2.82,pineapple\Fresh\178.jpg
73.jpg,pineapple,fresh,5,1,2.87,pineapple\Fresh\73.jpg
532.jpg,pineapple,rotten,5,2,0.71,pineapple\Rotten\532.jpg
118.jpg,papaya,fresh,4,1,2.1,papaya\Fresh\118.jpg
683.jpg,papaya,rotten,4,2,0.5,papaya\Rotten\683.jpg
83.jpg,banana,rotten,1,2,0.5,banana\Rotten\83.jpg
78.jpg,pineapple,fresh,5,1,2.72,pineapple\Fresh\78.jpg
392.jpg,papaya,unripe,4,0,5.01,papaya\Unripe\392.jpg
463.jpg,pineapple,rotten,5,2,0.06,pineapple\Rotten\463.jpg
625.jpg,pineapple,unripe,5,0,6.35,pineapple\Unripe\625.jpg
256.jpg,orange,rotten,3,2,0.47,orange\Rotten\256.jpg
419.jpg,orange,rotten,3,2,0.22,orange\Rotten\419.jpg
340.jpg,banana,rotten,1,2,0.19,banana\Rotten\340.jpg
451.jpg,banana,fresh,1,1,3.08,banana\Fresh\451.jpg
441.jpg,papaya,unripe,4,0,5.2,papaya\Unripe\441.jpg
120.jpg,mango,unripe,2,0,7.31,mango\Unripe\120.jpg
103.jpg,banana,fresh,1,1,2.73,banana\Fresh\103.jpg
91.jpg,pineapple,rotten,5,2,0.62,pineapple\Rotten\91.jpg
18.jpg,apple,unripe,0,0,10.28,apple\Unripe\18.jpg
253.jpg,papaya,rotten,4,2,0.65,papaya\Rotten\253.jpg
272.jpg,pineapple,rotten,5,2,0.33,pineapple\Rotten\272.jpg
586.jpg,papaya,fresh,4,1,2.19,papaya\Fresh\586.jpg
514.jpg,mango,rotten,2,2,0.01,mango\Rotten\514.jpg
218.jpg,papaya,rotten,4,2,0.61,papaya\Rotten\218.jpg
237.jpg,apple,rotten,0,2,0.58,apple\Rotten\237.jpg
617.jpg,mango,unripe,2,0,6.57,mango\Unripe\617.jpg
621.jpg,mango,rotten,2,2,0.04,mango\Rotten\621.jpg
46.jpg,pineapple,rotten,5,2,0.29,pineapple\Rotten\46.jpg
37.jpg,pineapple,unripe,5,0,5.67,pineapple\Unripe\37.jpg
50.jpg,pineapple,fresh,5,1,2.85,pineapple\Fresh\50.jpg
357.jpg,mango,rotten,2,2,0.09,mango\Rotten\357.jpg
146.jpg,mango,unripe,2,0,7.04,mango\Unripe\146.jpg
247.jpg,orange,fresh,3,1,5.21,orange\Fresh\247.jpg
127.jpg,apple,fresh,0,1,5.05,apple\Fresh\127.jpg
344.jpg,banana,unripe,1,0,5.77,banana\Unripe\344.jpg
291.jpg,mango,unripe,2,0,6.96,mango\Unripe\291.jpg
226.jpg,orange,rotten,3,2,0.38,orange\Rotten\226.jpg
396.jpg,pineapple,unripe,5,0,5.52,pineapple\Unripe\396.jpg
140.jpg,papaya,fresh,4,1,1.99,papaya\Fresh\140.jpg
94.jpg,banana,fresh,1,1,3.19,banana\Fresh\94.jpg
351.jpg,pineapple,fresh,5,1,2.83,pineapple\Fresh\351.jpg
572.jpg,orange,fresh,3,1,5.08,orange\Fresh\572.jpg
342.jpg,orange,fresh,3,1,4.99,orange\Fresh\342.jpg
494.jpg,orange,unripe,3,0,7.84,orange\Unripe\494.jpg
389.jpg,orange,unripe,3,0,7.96,orange\Unripe\389.jpg
303.jpg,mango,rotten,2,2,0.52,mango\Rotten\303.jpg
406.jpg,mango,rotten,2,2,-2.07,mango\Rotten\406.jpg
206.jpg,mango,unripe,2,0,7.1,mango\Unripe\206.jpg
447.jpg,apple,unripe,0,0,10.12,apple\Unripe\447.jpg
624.jpg,papaya,rotten,4,2,0.15,papaya\Rotten\624.jpg
232.jpg,banana,fresh,1,1,2.71,banana\Fresh\232.jpg
493.jpg,pineapple,rotten,5,2,0.01,pineapple\Rotten\493.jpg
89.jpg,papaya,rotten,4,2,0.39,papaya\Rotten\89.jpg
445.jpg,papaya,unripe,4,0,5.49,papaya\Unripe\445.jpg
545.jpg,mango,fresh,2,1,2.94,mango\Fresh\545.jpg
525.jpg,apple,unripe,0,0,10.22,apple\Unripe\525.jpg
456.jpg,papaya,fresh,4,1,1.93,papaya\Fresh\456.jpg
511.jpg,orange,unripe,3,0,8.4,orange\Unripe\511.jpg
46.jpg,papaya,unripe,4,0,5.22,papaya\Unripe\46.jpg
219.jpg,mango,unripe,2,0,6.6,mango\Unripe\219.jpg
29.jpg,banana,fresh,1,1,2.99,banana\Fresh\29.jpg
510.jpg,orange,unripe,3,0,8.26,orange\Unripe\510.jpg
107.jpg,apple,unripe,0,0,10.15,apple\Unripe\107.jpg
53.jpg,papaya,unripe,4,0,5.01,papaya\Unripe\53.jpg
257.jpg,orange,fresh,3,1,4.72,orange\Fresh\257.jpg
313.jpg,apple,fresh,0,1,5.22,apple\Fresh\313.jpg
56.jpg,mango,rotten,2,2,0.09,mango\Rotten\56.jpg
426.jpg,banana,unripe,1,0,6.04,banana\Unripe\426.jpg
627.jpg,mango,rotten,2,2,0.19,mango\Rotten\627.jpg
68.jpg,orange,unripe,3,0,7.88,orange\Unripe\68.jpg
73.jpg,papaya,fresh,4,1,2.27,papaya\Fresh\73.jpg
389.jpg,mango,rotten,2,2,0.1,mango\Rotten\389.jpg
361.jpg,orange,fresh,3,1,5.18,orange\Fresh\361.jpg
202.jpg,pineapple,fresh,5,1,3.12,pineapple\Fresh\202.jpg
384.jpg,mango,unripe,2,0,6.86,mango\Unripe\384.jpg
367.jpg,papaya,rotten,4,2,0.11,papaya\Rotten\367.jpg
38.jpg,papaya,unripe,4,0,5.34,papaya\Unripe\38.jpg
573.jpg,orange,unripe,3,0,8.39,orange\Unripe\573.jpg
30.jpg,mango,unripe,2,0,7.21,mango\Unripe\30.jpg
378.jpg,apple,fresh,0,1,4.92,apple\Fresh\378.jpg
363.jpg,papaya,rotten,4,2,-2.37,papaya\Rotten\363.jpg
333.jpg,pineapple,unripe,5,0,6.29,pineapple\Unripe\333.jpg
320.jpg,banana,fresh,1,1,2.72,banana\Fresh\320.jpg
418.jpg,papaya,rotten,4,2,0.67,papaya\Rotten\418.jpg
302.jpg,apple,fresh,0,1,5.29,apple\Fresh\302.jpg
534.jpg,pineapple,unripe,5,0,6.13,pineapple\Unripe\534.jpg
294.jpg,pineapple,fresh,5,1,3.16,pineapple\Fresh\294.jpg
546.jpg,apple,rotten,0,2,0.49,apple\Rotten\546.jpg
223.jpg,orange,unripe,3,0,8.05,orange\Unripe\223.jpg
344.jpg,mango,fresh,2,1,2.73,mango\Fresh\344.jpg
259.jpg,mango,rotten,2,2,0.04,mango\Rotten\259.jpg
188.jpg,papaya,unripe,4,0,4.9,papaya\Unripe\188.jpg
643.jpg,orange,unripe,3,0,8.42,orange\Unripe\643.jpg
163.jpg,papaya,unripe,4,0,4.66,papaya\Unripe\163.jpg
411.jpg,mango,fresh,2,1,2.94,mango\Fresh\411.jpg
245.jpg,mango,rotten,2,2,0.62,mango\Rotten\245.jpg
87.jpg,pineapple,fresh,5,1,2.72,pineapple\Fresh\87.jpg
181.jpg,banana,rotten,1,2,0.73,banana\Rotten\181.jpg
388.jpg,papaya,fresh,4,1,1.83,papaya\Fresh\388.jpg
267.jpg,orange,rotten,3,2,0.38,orange\Rotten\267.jpg
195.jpg,banana,rotten,1,2,0.46,banana\Rotten\195.jpg
211.jpg,apple,unripe,0,0,10.18,apple\Unripe\211.jpg
406.jpg,mango,unripe,2,0,6.88,mango\Unripe\406.jpg
630.jpg,pineapple,unripe,5,0,5.62,pineapple\Unripe\630.jpg
612.jpg,orange,rotten,3,2,0.35,orange\Rotten\612.jpg
347.jpg,apple,rotten,0,2,0.49,apple\Rotten\347.jpg
87.jpg,orange,rotten,3,2,0.29,orange\Rotten\87.jpg
177.jpg,banana,unripe,1,0,6.21,banana\Unripe\177.jpg
413.jpg,banana,rotten,1,2,0.78,banana\Rotten\413.jpg
22.jpg,mango,rotten,2,2,0.05,mango\Rotten\22.jpg
364.jpg,mango,fresh,2,1,2.88,mango\Fresh\364.jpg
433.jpg,mango,unripe,2,0,6.81,mango\Unripe\433.jpg
141.jpg,banana,fresh,1,1,2.78,banana\Fresh\141.jpg
132.jpg,banana,fresh,1,1,2.97,banana\Fresh\132.jpg
527.jpg,pineapple,fresh,5,1,3.05,pineapple\Fresh\527.jpg
79.jpg,banana,fresh,1,1,3.0,banana\Fresh\79.jpg
466.jpg,banana,unripe,1,0,5.73,banana\Unripe\466.jpg
609.jpg,apple,fresh,0,1,4.99,apple\Fresh\609.jpg
200.jpg,apple,fresh,0,1,5.1,apple\Fresh\200.jpg
521.jpg,pineapple,fresh,5,1,2.87,pineapple\Fresh\521.jpg
560.jpg,papaya,unripe,4,0,4.72,papaya\Unripe\560.jpg
600.jpg,banana,rotten,1,2,0.39,banana\Rotten\600.jpg
527.jpg,mango,unripe,2,0,7.27,mango\Unripe\527.jpg
464.jpg,pineapple,unripe,5,0,5.97,pineapple\Unripe\464.jpg
191.jpg,banana,unripe,1,0,5.68,banana\Unripe\191.jpg
168.jpg,mango,unripe,2,0,7.47,mango\Unripe\168.jpg
419.jpg,apple,rotten,0,2,0.34,apple\Rotten\419.jpg
62.jpg,apple,rotten,0,2,-2.26,apple\Rotten\62.jpg
530.jpg,papaya,unripe,4,0,5.21,papaya\Unripe\530.jpg
461.jpg,banana,fresh,1,1,3.0,banana\Fresh\461.jpg
538.jpg,pineapple,fresh,5,1,2.73,pineapple\Fresh\538.jpg
594.jpg,papaya,rotten,4,2,0.44,papaya\Rotten\594.jpg
241.jpg,mango,unripe,2,0,6.95,mango\Unripe\241.jpg
203.jpg,orange,rotten,3,2,-1.28,orange\Rotten\203.jpg
50.jpg,banana,rotten,1,2,0.65,banana\Rotten\50.jpg
363.jpg,mango,unripe,2,0,6.83,mango\Unripe\363.jpg
616.jpg,apple,unripe,0,0,9.98,apple\Unripe\616.jpg
141.jpg,orange,rotten,3,2,0.11,orange\Rotten\141.jpg
323.jpg,orange,fresh,3,1,4.99,orange\Fresh\323.jpg
532.jpg,apple,fresh,0,1,4.91,apple\Fresh\532.jpg
215.jpg,papaya,fresh,4,1,1.9,papaya\Fresh\215.jpg
5.jpg,apple,unripe,0,0,10.06,apple\Unripe\5.jpg
260.jpg,pineapple,rotten,5,2,0.06,pineapple\Rotten\260.jpg
339.jpg,pineapple,fresh,5,1,3.22,pineapple\Fresh\339.jpg
192.jpg,papaya,unripe,4,0,5.38,papaya\Unripe\192.jpg
133.jpg,apple,unripe,0,0,10.1,apple\Unripe\133.jpg
374.jpg,pineapple,fresh,5,1,3.22,pineapple\Fresh\374.jpg
268.jpg,apple,fresh,0,1,5.23,apple\Fresh\268.jpg
159.jpg,pineapple,fresh,5,1,2.89,pineapple\Fresh\159.jpg
229.jpg,pineapple,rotten,5,2,0.43,pineapple\Rotten\229.jpg
289.jpg,pineapple,fresh,5,1,2.75,pineapple\Fresh\289.jpg
521.jpg,papaya,fresh,4,1,1.88,papaya\Fresh\521.jpg
47.jpg,apple,fresh,0,1,5.14,apple\Fresh\47.jpg
239.jpg,banana,fresh,1,1,2.7,banana\Fresh\239.jpg
27.jpg,pineapple,rotten,5,2,0.03,pineapple\Rotten\27.jpg
69.jpg,apple,fresh,0,1,4.86,apple\Fresh\69.jpg
484.jpg,pineapple,rotten,5,2,0.67,pineapple\Rotten\484.jpg
316.jpg,orange,rotten,3,2,0.29,orange\Rotten\316.jpg
516.jpg,mango,unripe,2,0,6.72,mango\Unripe\516.jpg
99.jpg,apple,rotten,0,2,0.13,apple\Rotten\99.jpg
327.jpg,banana,rotten,1,2,0.09,banana\Rotten\327.jpg
166.jpg,apple,fresh,0,1,5.14,apple\Fresh\166.jpg
195.jpg,apple,unripe,0,0,10.21,apple\Unripe\195.jpg
39.jpg,papaya,fresh,4,1,1.77,papaya\Fresh\39.jpg
270.jpg,apple,rotten,0,2,0.09,apple\Rotten\270.jpg
451.jpg,papaya,fresh,4,1,1.77,papaya\Fresh\451.jpg
593.jpg,mango,unripe,2,0,6.52,mango\Unripe\593.jpg
361.jpg,orange,rotten,3,2,0.34,orange\Rotten\361.jpg
381.jpg,pineapple,rotten,5,2,-1.91,pineapple\Rotten\381.jpg
344.jpg,banana,fresh,1,1,3.08,banana\Fresh\344.jpg
431.jpg,papaya,fresh,4,1,1.82,papaya\Fresh\431.jpg
657.jpg,banana,rotten,1,2,0.31,banana\Rotten\657.jpg
517.jpg,apple,unripe,0,0,9.64,apple\Unripe\517.jpg
160.jpg,banana,unripe,1,0,6.47,banana\Unripe\160.jpg
136.jpg,pineapple,unripe,5,0,6.05,pineapple\Unripe\136.jpg
127.jpg,banana,fresh,1,1,3.21,banana\Fresh\127.jpg
130.jpg,papaya,fresh,4,1,2.12,papaya\Fresh\130.jpg
427.jpg,banana,unripe,1,0,6.01,banana\Unripe\427.jpg
163.jpg,apple,fresh,0,1,5.22,apple\Fresh\163.jpg
432.jpg,pineapple,unripe,5,0,5.68,pineapple\Unripe\432.jpg
266.jpg,apple,rotten,0,2,0.46,apple\Rotten\266.jpg
98.jpg,banana,fresh,1,1,3.17,banana\Fresh\98.jpg
150.jpg,apple,rotten,0,2,-1.31,apple\Rotten\150.jpg
305.jpg,pineapple,fresh,5,1,2.79,pineapple\Fresh\305.jpg
5.jpg,banana,rotten,1,2,-1.43,banana\Rotten\5.jpg
2.jpg,orange,unripe,3,0,8.34,orange\Unripe\2.jpg
53.jpg,mango,rotten,2,2,0.2,mango\Rotten\53.jpg
651.jpg,papaya,rotten,4,2,-1.4,papaya\Rotten\651.jpg
301.jpg,pineapple,rotten,5,2,-1.98,pineapple\Rotten\301.jpg
184.jpg,pineapple,fresh,5,1,2.79,pineapple\Fresh\184.jpg
641.jpg,mango,unripe,2,0,6.7,mango\Unripe\641.jpg
250.jpg,banana,fresh,1,1,3.19,banana\Fresh\250.jpg
653.jpg,pineapple,rotten,5,2,0.31,pineapple\Rotten\653.jpg
374.jpg,papaya,rotten,4,2,-1.07,papaya\Rotten\374.jpg
88.jpg,pineapple,fresh,5,1,2.74,pineapple\Fresh\88.jpg
46.jpg,papaya,fresh,4,1,2.15,papaya\Fresh\46.jpg
486.jpg,pineapple,rotten,5,2,0.29,pineapple\Rotten\486.jpg
290.jpg,banana,fresh,1,1,3.28,banana\Fresh\290.jpg
200.jpg,mango,fresh,2,1,3.28,mango\Fresh\200.jpg
64.jpg,papaya,rotten,4,2,-1.29,papaya\Rotten\64.jpg
464.jpg,pineapple,rotten,5,2,0.16,pineapple\Rotten\464.jpg
175.jpg,orange,rotten,3,2,0.45,orange\Rotten\175.jpg
587.jpg,mango,rotten,2,2,0.09,mango\Rotten\587.jpg
566.jpg,apple,rotten,0,2,0.78,apple\Rotten\566.jpg
88.jpg,orange,rotten,3,2,0.24,orange\Rotten\88.jpg
52.jpg,papaya,fresh,4,1,2.08,papaya\Fresh\52.jpg
544.jpg,banana,fresh,1,1,3.24,banana\Fresh\544.jpg
523.jpg,papaya,fresh,4,1,2.07,papaya\Fresh\523.jpg
465.jpg,pineapple,fresh,5,1,2.77,pineapple\Fresh\465.jpg
299.jpg,pineapple,fresh,5,1,3.1,pineapple\Fresh\299.jpg
44.jpg,pineapple,rotten,5,2,0.14,pineapple\Rotten\44.jpg
667.jpg,pineapple,fresh,5,1,3.09,pineapple\Fresh\667.jpg
637.jpg,orange,rotten,3,2,-2.44,orange\Rotten\637.jpg
267.jpg,apple,unripe,0,0,9.79,apple\Unripe\267.jpg
241.jpg,papaya,rotten,4,2,0.15,papaya\Rotten\241.jpg
503.jpg,apple,fresh,0,1,5.0,apple\Fresh\503.jpg
195.jpg,banana,fresh,1,1,2.77,banana\Fresh\195.jpg
149.jpg,pineapple,unripe,5,0,5.97,pineapple\Unripe\149.jpg
552.jpg,orange,rotten,3,2,0.52,orange\Rotten\552.jpg
198.jpg,mango,unripe,2,0,6.91,mango\Unripe\198.jpg
50.jpg,mango,rotten,2,2,0.67,mango\Rotten\50.jpg
115.jpg,apple,fresh,0,1,4.89,apple\Fresh\115.jpg
335.jpg,banana,rotten,1,2,0.15,banana\Rotten\335.jpg
124.jpg,orange,fresh,3,1,4.89,orange\Fresh\124.jpg
221.jpg,mango,rotten,2,2,-2.01,mango\Rotten\221.jpg
47.jpg,orange,rotten,3,2,0.06,orange\Rotten\47.jpg
573.jpg,pineapple,unripe,5,0,5.99,pineapple\Unripe\573.jpg
28.jpg,pineapple,fresh,5,1,3.2,pineapple\Fresh\28.jpg
5.jpg,mango,unripe,2,0,6.53,mango\Unripe\5.jpg
231.jpg,apple,unripe,0,0,9.95,apple\Unripe\231.jpg
291.jpg,pineapple,fresh,5,1,2.93,pineapple\Fresh\291.jpg
488.jpg,mango,fresh,2,1,3.28,mango\Fresh\488.jpg
167.jpg,pineapple,unripe,5,0,5.95,pineapple\Unripe\167.jpg
119.jpg,papaya,fresh,4,1,1.71,papaya\Fresh\119.jpg
621.jpg,orange,fresh,3,1,5.08,orange\Fresh\621.jpg
676.jpg,pineapple,unripe,5,0,6.15,pineapple\Unripe\676.jpg
199.jpg,pineapple,unripe,5,0,6.33,pineapple\Unripe\199.jpg
651.jpg,pineapple,fresh,5,1,3.22,pineapple\Fresh\651.jpg
41.jpg,banana,rotten,1,2,0.8,banana\Rotten\41.jpg
275.jpg,orange,rotten,3,2,0.46,orange\Rotten\275.jpg
221.jpg,banana,fresh,1,1,2.7,banana\Fresh\221.jpg
490.jpg,papaya,unripe,4,0,4.96,papaya\Unripe\490.jpg
51.jpg,pineapple,fresh,5,1,2.88,pineapple\Fresh\51.jpg
0.jpg,mango,fresh,2,1,3.08,mango\Fresh\0.jpg
603.jpg,mango,unripe,2,0,7.16,mango\Unripe\603.jpg
588.jpg,orange,rotten,3,2,0.2,orange\Rotten\588.jpg
41.jpg,banana,unripe,1,0,5.69,banana\Unripe\41.jpg
276.jpg,papaya,fresh,4,1,1.76,papaya\Fresh\276.jpg
13.jpg,apple,fresh,0,1,5.15,apple\Fresh\13.jpg
474.jpg,papaya,unripe,4,0,5.27,papaya\Unripe\474.jpg
630.jpg,banana,rotten,1,2,0.08,banana\Rotten\630.jpg
464.jpg,mango,fresh,2,1,2.97,mango\Fresh\464.jpg
476.jpg,mango,unripe,2,0,6.7,mango\Unripe\476.jpg
457.jpg,banana,rotten,1,2,0.68,banana\Rotten\457.jpg
498.jpg,pineapple,rotten,5,2,-2.46,pineapple\Rotten\498.jpg
534.jpg,banana,unripe,1,0,6.17,banana\Unripe\534.jpg
495.jpg,orange,rotten,3,2,-1.67,orange\Rotten\495.jpg
56.jpg,papaya,unripe,4,0,4.76,papaya\Unripe\56.jpg
57.jpg,orange,rotten,3,2,-2.42,orange\Rotten\57.jpg
258.jpg,papaya,fresh,4,1,2.02,papaya\Fresh\258.jpg
536.jpg,apple,rotten,0,2,0.02,apple\Rotten\536.jpg
648.jpg,orange,rotten,3,2,-2.0,orange\Rotten\648.jpg
325.jpg,pineapple,unripe,5,0,5.91,pineapple\Unripe\325.jpg
236.jpg,pineapple,unripe,5,0,5.88,pineapple\Unripe\236.jpg
202.jpg,orange,unripe,3,0,8.05,orange\Unripe\202.jpg
679.jpg,papaya,fresh,4,1,2.12,papaya\Fresh\679.jpg
320.jpg,papaya,unripe,4,0,5.35,papaya\Unripe\320.jpg
70.jpg,papaya,unripe,4,0,5.1,papaya\Unripe\70.jpg
334.jpg,banana,unripe,1,0,6.16,banana\Unripe\334.jpg
559.jpg,banana,unripe,1,0,5.54,banana\Unripe\559.jpg
467.jpg,orange,fresh,3,1,4.71,orange\Fresh\467.jpg
393.jpg,apple,unripe,0,0,9.95,apple\Unripe\393.jpg
430.jpg,apple,unripe,0,0,10.36,apple\Unripe\430.jpg
287.jpg,apple,unripe,0,0,10.46,apple\Unripe\287.jpg
211.jpg,papaya,unripe,4,0,4.75,papaya\Unripe\211.jpg
562.jpg,papaya,unripe,4,0,4.88,papaya\Unripe\562.jpg
527.jpg,orange,rotten,3,2,-1.54,orange\Rotten\527.jpg
617.jpg,apple,unripe,0,0,10.34,apple\Unripe\617.jpg
532.jpg,papaya,fresh,4,1,2.23,papaya\Fresh\532.jpg
432.jpg,mango,fresh,2,1,2.86,mango\Fresh\432.jpg
131.jpg,papaya,unripe,4,0,4.63,papaya\Unripe\131.jpg
298.jpg,mango,unripe,2,0,6.96,mango\Unripe\298.jpg
578.jpg,mango,unripe,2,0,6.97,mango\Unripe\578.jpg
476.jpg,apple,unripe,0,0,10.14,apple\Unripe\476.jpg
346.jpg,pineapple,rotten,5,2,0.55,pineapple\Rotten\346.jpg
47.jpg,mango,unripe,2,0,7.12,mango\Unripe\47.jpg
253.jpg,orange,fresh,3,1,5.19,orange\Fresh\253.jpg
223.jpg,pineapple,unripe,5,0,6.16,pineapple\Unripe\223.jpg
61.jpg,orange,rotten,3,2,0.33,orange\Rotten\61.jpg
318.jpg,mango,rotten,2,2,0.23,mango\Rotten\318.jpg
583.jpg,mango,rotten,2,2,0.78,mango\Rotten\583.jpg
8.jpg,orange,rotten,3,2,-2.21,orange\Rotten\8.jpg
221.jpg,pineapple,unripe,5,0,6.47,pineapple\Unripe\221.jpg
529.jpg,apple,unripe,0,0,9.82,apple\Unripe\529.jpg
592.jpg,pineapple,unripe,5,0,5.85,pineapple\Unripe\592.jpg
636.jpg,apple,unripe,0,0,9.8,apple\Unripe\636.jpg
27.jpg,papaya,rotten,4,2,0.0,papaya\Rotten\27.jpg
140.jpg,pineapple,fresh,5,1,2.93,pineapple\Fresh\140.jpg
75.jpg,apple,fresh,0,1,4.81,apple\Fresh\75.jpg
308.jpg,pineapple,rotten,5,2,0.61,pineapple\Rotten\308.jpg
540.jpg,papaya,unripe,4,0,5.26,papaya\Unripe\540.jpg
433.jpg,papaya,fresh,4,1,1.85,papaya\Fresh\433.jpg
676.jpg,papaya,fresh,4,1,2.07,papaya\Fresh\676.jpg
518.jpg,mango,unripe,2,0,6.7,mango\Unripe\518.jpg
550.jpg,papaya,unripe,4,0,4.61,papaya\Unripe\550.jpg
411.jpg,pineapple,rotten,5,2,0.65,pineapple\Rotten\411.jpg
320.jpg,papaya,rotten,4,2,0.44,papaya\Rotten\320.jpg
1.jpg,papaya,rotten,4,2,0.66,papaya\Rotten\1.jpg
93.jpg,papaya,unripe,4,0,5.09,papaya\Unripe\93.jpg
163.jpg,orange,fresh,3,1,4.83,orange\Fresh\163.jpg
238.jpg,pineapple,rotten,5,2,0.56,pineapple\Rotten\238.jpg
276.jpg,orange,rotten,3,2,0.69,orange\Rotten\276.jpg
555.jpg,banana,unripe,1,0,5.77,banana\Unripe\555.jpg
324.jpg,papaya,fresh,4,1,2.09,papaya\Fresh\324.jpg
51.jpg,mango,rotten,2,2,0.55,mango\Rotten\51.jpg
38.jpg,banana,unripe,1,0,5.78,banana\Unripe\38.jpg
227.jpg,apple,unripe,0,0,10.1,apple\Unripe\227.jpg
4.jpg,papaya,rotten,4,2,0.66,papaya\Rotten\4.jpg
4.jpg,orange,unripe,3,0,8.25,orange\Unripe\4.jpg
463.jpg,apple,fresh,0,1,5.17,apple\Fresh\463.jpg
614.jpg,orange,fresh,3,1,5.18,orange\Fresh\614.jpg
374.jpg,pineapple,rotten,5,2,-1.22,pineapple\Rotten\374.jpg
600.jpg,papaya,fresh,4,1,2.28,papaya\Fresh\600.jpg
501.jpg,banana,fresh,1,1,3.02,banana\Fresh\501.jpg
668.jpg,apple,fresh,0,1,4.72,apple\Fresh\668.jpg
130.jpg,pineapple,fresh,5,1,3.04,pineapple\Fresh\130.jpg
496.jpg,pineapple,fresh,5,1,3.15,pineapple\Fresh\496.jpg
623.jpg,apple,rotten,0,2,0.49,apple\Rotten\623.jpg
470.jpg,pineapple,rotten,5,2,0.79,pineapple\Rotten\470.jpg
224.jpg,orange,fresh,3,1,5.16,orange\Fresh\224.jpg
652.jpg,papaya,rotten,4,2,0.41,papaya\Rotten\652.jpg
6.jpg,banana,fresh,1,1,2.81,banana\Fresh\6.jpg
519.jpg,orange,rotten,3,2,0.01,orange\Rotten\519.jpg
494.jpg,apple,rotten,0,2,-1.06,apple\Rotten\494.jpg
578.jpg,pineapple,unripe,5,0,5.53,pineapple\Unripe\578.jpg
626.jpg,apple,unripe,0,0,9.87,apple\Unripe\626.jpg
165.jpg,mango,fresh,2,1,3.05,mango\Fresh\165.jpg
121.jpg,papaya,unripe,4,0,4.95,papaya\Unripe\121.jpg
22.jpg,papaya,fresh,4,1,1.96,papaya\Fresh\22.jpg
592.jpg,orange,fresh,3,1,5.19,orange\Fresh\592.jpg
496.jpg,mango,rotten,2,2,0.21,mango\Rotten\496.jpg
191.jpg,orange,unripe,3,0,7.75,orange\Unripe\191.jpg
579.jpg,banana,unripe,1,0,6.14,banana\Unripe\579.jpg
378.jpg,papaya,unripe,4,0,4.82,papaya\Unripe\378.jpg
482.jpg,orange,fresh,3,1,5.05,orange\Fresh\482.jpg
584.jpg,pineapple,unripe,5,0,6.42,pineapple\Unripe\584.jpg
559.jpg,orange,unripe,3,0,8.31,orange\Unripe\559.jpg
79.jpg,pineapple,unripe,5,0,5.51,pineapple\Unripe\79.jpg
441.jpg,banana,fresh,1,1,3.1,banana\Fresh\441.jpg
161.jpg,apple,rotten,0,2,-1.95,apple\Rotten\161.jpg
555.jpg,apple,fresh,0,1,5.01,apple\Fresh\555.jpg
496.jpg,orange,rotten,3,2,0.05,orange\Rotten\496.jpg
201.jpg,orange,unripe,3,0,8.46,orange\Unripe\201.jpg
179.jpg,orange,unripe,3,0,8.1,orange\Unripe\179.jpg
394.jpg,pineapple,unripe,5,0,6.35,pineapple\Unripe\394.jpg
168.jpg,pineapple,fresh,5,1,2.71,pineapple\Fresh\168.jpg
601.jpg,apple,rotten,0,2,0.74,apple\Rotten\601.jpg
356.jpg,orange,fresh,3,1,5.16,orange\Fresh\356.jpg
273.jpg,banana,unripe,1,0,6.07,banana\Unripe\273.jpg
602.jpg,apple,fresh,0,1,5.07,apple\Fresh\602.jpg
143.jpg,pineapple,unripe,5,0,6.08,pineapple\Unripe\143.jpg
360.jpg,banana,fresh,1,1,2.96,banana\Fresh\360.jpg
254.jpg,mango,fresh,2,1,3.23,mango\Fresh\254.jpg
19.jpg,pineapple,rotten,5,2,0.49,pineapple\Rotten\19.jpg
650.jpg,orange,unripe,3,0,7.64,orange\Unripe\650.jpg
632.jpg,orange,rotten,3,2,0.59,orange\Rotten\632.jpg
228.jpg,apple,unripe,0,0,10.05,apple\Unripe\228.jpg
247.jpg,banana,rotten,1,2,0.7,banana\Rotten\247.jpg
574.jpg,banana,fresh,1,1,2.97,banana\Fresh\574.jpg
223.jpg,mango,rotten,2,2,0.7,mango\Rotten\223.jpg
657.jpg,orange,rotten,3,2,0.19,orange\Rotten\657.jpg
55.jpg,pineapple,fresh,5,1,3.11,pineapple\Fresh\55.jpg
95.jpg,papaya,fresh,4,1,1.93,papaya\Fresh\95.jpg
213.jpg,pineapple,rotten,5,2,0.07,pineapple\Rotten\213.jpg
597.jpg,orange,fresh,3,1,5.04,orange\Fresh\597.jpg
592.jpg,apple,rotten,0,2,0.4,apple\Rotten\592.jpg
410.jpg,mango,fresh,2,1,3.12,mango\Fresh\410.jpg
148.jpg,banana,fresh,1,1,3.28,banana\Fresh\148.jpg
605.jpg,banana,unripe,1,0,6.17,banana\Unripe\605.jpg
360.jpg,orange,fresh,3,1,5.25,orange\Fresh\360.jpg
235.jpg,pineapple,rotten,5,2,0.66,pineapple\Rotten\235.jpg
104.jpg,apple,rotten,0,2,0.68,apple\Rotten\104.jpg
611.jpg,pineapple,rotten,5,2,0.68,pineapple\Rotten\611.jpg
367.jpg,papaya,fresh,4,1,1.73,papaya\Fresh\367.jpg
679.jpg,banana,fresh,1,1,2.92,banana\Fresh\679.jpg
591.jpg,mango,rotten,2,2,0.19,mango\Rotten\591.jpg
5.jpg,papaya,rotten,4,2,0.35,papaya\Rotten\5.jpg
366.jpg,mango,fresh,2,1,2.83,mango\Fresh\366.jpg
100.jpg,pineapple,unripe,5,0,5.77,pineapple\Unripe\100.jpg
16.jpg,apple,rotten,0,2,0.36,apple\Rotten\16.jpg
272.jpg,apple,fresh,0,1,4.97,apple\Fresh\272.jpg
82.jpg,pineapple,fresh,5,1,2.81,pineapple\Fresh\82.jpg
274.jpg,banana,unripe,1,0,5.99,banana\Unripe\274.jpg
496.jpg,pineapple,rotten,5,2,0.23,pineapple\Rotten\496.jpg
556.jpg,papaya,fresh,4,1,1.8,papaya\Fresh\556.jpg
47.jpg,papaya,unripe,4,0,4.99,papaya\Unripe\47.jpg
409.jpg,orange,rotten,3,2,0.68,orange\Rotten\409.jpg
35.jpg,pineapple,rotten,5,2,0.53,pineapple\Rotten\35.jpg
451.jpg,orange,fresh,3,1,5.23,orange\Fresh\451.jpg
301.jpg,pineapple,unripe,5,0,6.23,pineapple\Unripe\301.jpg
134.jpg,banana,fresh,1,1,2.8,banana\Fresh\134.jpg
167.jpg,apple,unripe,0,0,10.19,apple\Unripe\167.jpg
14.jpg,pineapple,rotten,5,2,0.58,pineapple\Rotten\14.jpg
358.jpg,papaya,fresh,4,1,1.71,papaya\Fresh\358.jpg
110.jpg,orange,rotten,3,2,0.65,orange\Rotten\110.jpg
389.jpg,papaya,unripe,4,0,4.72,papaya\Unripe\389.jpg
406.jpg,apple,unripe,0,0,9.69,apple\Unripe\406.jpg
152.jpg,pineapple,rotten,5,2,0.05,pineapple\Rotten\152.jpg
350.jpg,papaya,fresh,4,1,1.98,papaya\Fresh\350.jpg
180.jpg,papaya,unripe,4,0,5.2,papaya\Unripe\180.jpg
268.jpg,apple,unripe,0,0,10.02,apple\Unripe\268.jpg
453.jpg,papaya,fresh,4,1,2.0,papaya\Fresh\453.jpg
401.jpg,apple,fresh,0,1,4.98,apple\Fresh\401.jpg
322.jpg,apple,rotten,0,2,0.0,apple\Rotten\322.jpg
38.jpg,apple,fresh,0,1,5.08,apple\Fresh\38.jpg
427.jpg,papaya,fresh,4,1,1.78,papaya\Fresh\427.jpg
469.jpg,banana,rotten,1,2,0.59,banana\Rotten\469.jpg
28.jpg,orange,unripe,3,0,7.74,orange\Unripe\28.jpg
133.jpg,papaya,fresh,4,1,1.89,papaya\Fresh\133.jpg
455.jpg,pineapple,rotten,5,2,0.17,pineapple\Rotten\455.jpg
339.jpg,mango,unripe,2,0,6.95,mango\Unripe\339.jpg
260.jpg,orange,unripe,3,0,7.94,orange\Unripe\260.jpg
113.jpg,orange,fresh,3,1,4.91,orange\Fresh\113.jpg
368.jpg,banana,unripe,1,0,6.27,banana\Unripe\368.jpg
222.jpg,papaya,fresh,4,1,1.77,papaya\Fresh\222.jpg
251.jpg,banana,rotten,1,2,-2.09,banana\Rotten\251.jpg
180.jpg,papaya,fresh,4,1,1.71,papaya\Fresh\180.jpg
610.jpg,pineapple,rotten,5,2,0.29,pineapple\Rotten\610.jpg
482.jpg,mango,unripe,2,0,6.69,mango\Unripe\482.jpg
164.jpg,papaya,unripe,4,0,4.9,papaya\Unripe\164.jpg
2.jpg,mango,fresh,2,1,3.0,mango\Fresh\2.jpg
535.jpg,pineapple,fresh,5,1,2.96,pineapple\Fresh\535.jpg
375.jpg,banana,unripe,1,0,5.73,banana\Unripe\375.jpg
132.jpg,papaya,fresh,4,1,2.28,papaya\Fresh\132.jpg
79.jpg,papaya,rotten,4,2,0.51,papaya\Rotten\79.jpg
272.jpg,papaya,unripe,4,0,4.51,papaya\Unripe\272.jpg
688.jpg,papaya,rotten,4,2,-1.44,papaya\Rotten\688.jpg
21.jpg,orange,fresh,3,1,5.1,orange\Fresh\21.jpg
401.jpg,papaya,unripe,4,0,5.24,papaya\Unripe\401.jpg
381.jpg,papaya,unripe,4,0,5.07,papaya\Unripe\381.jpg
289.jpg,mango,unripe,2,0,6.74,mango\Unripe\289.jpg
278.jpg,papaya,rotten,4,2,0.2,papaya\Rotten\278.jpg
285.jpg,orange,unripe,3,0,7.68,orange\Unripe\285.jpg
300.jpg,apple,rotten,0,2,-2.42,apple\Rotten\300.jpg
310.jpg,orange,rotten,3,2,-2.39,orange\Rotten\310.jpg
625.jpg,orange,rotten,3,2,0.43,orange\Rotten\625.jpg
359.jpg,orange,rotten,3,2,-2.02,orange\Rotten\359.jpg
357.jpg,apple,rotten,0,2,0.37,apple\Rotten\357.jpg
565.jpg,papaya,unripe,4,0,5.15,papaya\Unripe\565.jpg
93.jpg,orange,fresh,3,1,4.93,orange\Fresh\93.jpg
449.jpg,pineapple,rotten,5,2,0.35,pineapple\Rotten\449.jpg
672.jpg,pineapple,unripe,5,0,5.59,pineapple\Unripe\672.jpg
182.jpg,orange,fresh,3,1,5.19,orange\Fresh\182.jpg
46.jpg,apple,rotten,0,2,0.5,apple\Rotten\46.jpg
128.jpg,orange,fresh,3,1,5.11,orange\Fresh\128.jpg
665.jpg,pineapple,unripe,5,0,5.99,pineapple\Unripe\665.jpg
88.jpg,apple,unripe,0,0,9.74,apple\Unripe\88.jpg
374.jpg,banana,fresh,1,1,2.73,banana\Fresh\374.jpg
0.jpg,mango,rotten,2,2,0.11,mango\Rotten\0.jpg
313.jpg,orange,rotten,3,2,0.6,orange\Rotten\313.jpg
179.jpg,apple,rotten,0,2,0.51,apple\Rotten\179.jpg
204.jpg,mango,fresh,2,1,3.07,mango\Fresh\204.jpg
414.jpg,banana,unripe,1,0,5.96,banana\Unripe\414.jpg
210.jpg,mango,fresh,2,1,2.72,mango\Fresh\210.jpg
572.jpg,orange,unripe,3,0,7.65,orange\Unripe\572.jpg
77.jpg,pineapple,rotten,5,2,0.22,pineapple\Rotten\77.jpg
161.jpg,orange,unripe,3,0,7.97,orange\Unripe\161.jpg
299.jpg,mango,rotten,2,2,0.14,mango\Rotten\299.jpg
124.jpg,apple,fresh,0,1,4.8,apple\Fresh\124.jpg
328.jpg,apple,fresh,0,1,5.1,apple\Fresh\328.jpg
218.jpg,apple,fresh,0,1,4.83,apple\Fresh\218.jpg
301.jpg,apple,rotten,0,2,0.22,apple\Rotten\301.jpg
202.jpg,pineapple,rotten,5,2,0.74,pineapple\Rotten\202.jpg
610.jpg,apple,rotten,0,2,0.71,apple\Rotten\610.jpg
101.jpg,papaya,fresh,4,1,1.78,papaya\Fresh\101.jpg
340.jpg,papaya,rotten,4,2,-1.5,papaya\Rotten\340.jpg
4.jpg,banana,rotten,1,2,0.09,banana\Rotten\4.jpg
291.jpg,banana,unripe,1,0,6.38,banana\Unripe\291.jpg
42.jpg,orange,fresh,3,1,4.72,orange\Fresh\42.jpg
677.jpg,pineapple,unripe,5,0,5.89,pineapple\Unripe\677.jpg
384.jpg,banana,rotten,1,2,0.32,banana\Rotten\384.jpg
124.jpg,apple,unripe,0,0,10.49,apple\Unripe\124.jpg
210.jpg,apple,rotten,0,2,0.05,apple\Rotten\210.jpg
164.jpg,banana,rotten,1,2,-1.35,banana\Rotten\164.jpg
240.jpg,orange,fresh,3,1,4.75,orange\Fresh\240.jpg
113.jpg,pineapple,rotten,5,2,0.22,pineapple\Rotten\113.jpg
399.jpg,mango,unripe,2,0,7.03,mango\Unripe\399.jpg
368.jpg,banana,rotten,1,2,-1.79,banana\Rotten\368.jpg
613.jpg,apple,unripe,0,0,10.1,apple\Unripe\613.jpg
476.jpg,banana,fresh,1,1,3.25,banana\Fresh\476.jpg
210.jpg,banana,fresh,1,1,3.12,banana\Fresh\210.jpg
34.jpg,pineapple,rotten,5,2,0.4,pineapple\Rotten\34.jpg
172.jpg,pineapple,rotten,5,2,0.05,pineapple\Rotten\172.jpg
100.jpg,apple,rotten,0,2,0.24,apple\Rotten\100.jpg
17.jpg,pineapple,unripe,5,0,5.85,pineapple\Unripe\17.jpg
587.jpg,orange,unripe,3,0,7.98,orange\Unripe\587.jpg
529.jpg,mango,fresh,2,1,3.02,mango\Fresh\529.jpg
236.jpg,orange,rotten,3,2,0.58,orange\Rotten\236.jpg
491.jpg,banana,unripe,1,0,5.54,banana\Unripe\491.jpg
300.jpg,banana,unripe,1,0,5.64,banana\Unripe\300.jpg
347.jpg,mango,rotten,2,2,0.14,mango\Rotten\347.jpg
598.jpg,orange,rotten,3,2,0.37,orange\Rotten\598.jpg
443.jpg,pineapple,fresh,5,1,3.05,pineapple\Fresh\443.jpg
512.jpg,orange,unripe,3,0,8.1,orange\Unripe\512.jpg
416.jpg,pineapple,unripe,5,0,6.37,pineapple\Unripe\416.jpg
685.jpg,pineapple,rotten,5,2,0.14,pineapple\Rotten\685.jpg
205.jpg,banana,fresh,1,1,3.2,banana\Fresh\205.jpg
223.jpg,papaya,fresh,4,1,1.84,papaya\Fresh\223.jpg
447.jpg,pineapple,unripe,5,0,5.83,pineapple\Unripe\447.jpg
557.jpg,orange,rotten,3,2,0.09,orange\Rotten\557.jpg
426.jpg,pineapple,fresh,5,1,3.01,pineapple\Fresh\426.jpg
118.jpg,apple,fresh,0,1,4.9,apple\Fresh\118.jpg
142.jpg,papaya,fresh,4,1,2.3,papaya\Fresh\142.jpg
406.jpg,papaya,fresh,4,1,1.78,papaya\Fresh\406.jpg
255.jpg,apple,unripe,0,0,9.77,apple\Unripe\255.jpg
90.jpg,papaya,rotten,4,2,0.18,papaya\Rotten\90.jpg
121.jpg,apple,fresh,0,1,4.96,apple\Fresh\121.jpg
32.jpg,mango,unripe,2,0,7.18,mango\Unripe\32.jpg
417.jpg,papaya,rotten,4,2,0.16,papaya\Rotten\417.jpg
162.jpg,orange,fresh,3,1,4.79,orange\Fresh\162.jpg
0.jpg,papaya,rotten,4,2,0.14,papaya\Rotten\0.jpg
529.jpg,pineapple,unripe,5,0,6.17,pineapple\Unripe\529.jpg
104.jpg,orange,fresh,3,1,5.17,orange\Fresh\104.jpg
148.jpg,apple,fresh,0,1,5.2,apple\Fresh\148.jpg
122.jpg,pineapple,fresh,5,1,3.23,pineapple\Fresh\122.jpg
653.jpg,orange,fresh,3,1,4.72,orange\Fresh\653.jpg
402.jpg,orange,rotten,3,2,-2.25,orange\Rotten\402.jpg
552.jpg,apple,fresh,0,1,4.7,apple\Fresh\552.jpg
585.jpg,mango,unripe,2,0,7.05,mango\Unripe\585.jpg
497.jpg,banana,fresh,1,1,3.17,banana\Fresh\497.jpg
459.jpg,banana,unripe,1,0,6.47,banana\Unripe\459.jpg
580.jpg,pineapple,rotten,5,2,0.76,pineapple\Rotten\580.jpg
488.jpg,papaya,fresh,4,1,2.0,papaya\Fresh\488.jpg
443.jpg,papaya,unripe,4,0,5.02,papaya\Unripe\443.jpg
522.jpg,apple,fresh,0,1,4.94,apple\Fresh\522.jpg
551.jpg,orange,fresh,3,1,4.83,orange\Fresh\551.jpg
139.jpg,orange,fresh,3,1,5.05,orange\Fresh\139.jpg
71.jpg,banana,unripe,1,0,6.46,banana\Unripe\71.jpg
228.jpg,pineapple,rotten,5,2,0.47,pineapple\Rotten\228.jpg
467.jpg,apple,rotten,0,2,-2.27,apple\Rotten\467.jpg
239.jpg,pineapple,unripe,5,0,6.3,pineapple\Unripe\239.jpg
435.jpg,papaya,rotten,4,2,0.77,papaya\Rotten\435.jpg
231.jpg,mango,fresh,2,1,2.92,mango\Fresh\231.jpg
134.jpg,orange,unripe,3,0,7.95,orange\Unripe\134.jpg
538.jpg,banana,rotten,1,2,0.57,banana\Rotten\538.jpg
581.jpg,banana,rotten,1,2,0.41,banana\Rotten\581.jpg
485.jpg,pineapple,unripe,5,0,6.45,pineapple\Unripe\485.jpg
664.jpg,pineapple,rotten,5,2,0.06,pineapple\Rotten\664.jpg
163.jpg,apple,rotten,0,2,0.12,apple\Rotten\163.jpg
654.jpg,apple,unripe,0,0,10.34,apple\Unripe\654.jpg
353.jpg,banana,fresh,1,1,3.2,banana\Fresh\353.jpg
213.jpg,orange,fresh,3,1,4.85,orange\Fresh\213.jpg
482.jpg,apple,unripe,0,0,9.91,apple\Unripe\482.jpg
262.jpg,pineapple,rotten,5,2,0.7,pineapple\Rotten\262.jpg
522.jpg,apple,rotten,0,2,-1.98,apple\Rotten\522.jpg
578.jpg,papaya,fresh,4,1,1.8,papaya\Fresh\578.jpg
514.jpg,pineapple,rotten,5,2,0.67,pineapple\Rotten\514.jpg
343.jpg,pineapple,fresh,5,1,3.12,pineapple\Fresh\343.jpg
386.jpg,pineapple,unripe,5,0,5.97,pineapple\Unripe\386.jpg
270.jpg,papaya,unripe,4,0,4.58,papaya\Unripe\270.jpg
111.jpg,apple,fresh,0,1,4.88,apple\Fresh\111.jpg
76.jpg,mango,rotten,2,2,0.56,mango\Rotten\76.jpg
204.jpg,orange,unripe,3,0,7.58,orange\Unripe\204.jpg
340.jpg,pineapple,fresh,5,1,2.96,pineapple\Fresh\340.jpg
526.jpg,apple,fresh,0,1,5.08,apple\Fresh\526.jpg
106.jpg,pineapple,fresh,5,1,3.0,pineapple\Fresh\106.jpg
119.jpg,mango,unripe,2,0,7.3,mango\Unripe\119.jpg
567.jpg,papaya,unripe,4,0,4.81,papaya\Unripe\567.jpg
15.jpg,banana,fresh,1,1,2.94,banana\Fresh\15.jpg
622.jpg,pineapple,unripe,5,0,6.33,pineapple\Unripe\622.jpg
73.jpg,orange,unripe,3,0,8.5,orange\Unripe\73.jpg
251.jpg,apple,rotten,0,2,0.64,apple\Rotten\251.jpg
81.jpg,banana,fresh,1,1,2.72,banana\Fresh\81.jpg
247.jpg,orange,rotten,3,2,0.2,orange\Rotten\247.jpg
442.jpg,banana,unripe,1,0,5.7,banana\Unripe\442.jpg
365.jpg,banana,unripe,1,0,5.92,banana\Unripe\365.jpg
220.jpg,pineapple,rotten,5,2,0.56,pineapple\Rotten\220.jpg
548.jpg,apple,unripe,0,0,9.74,apple\Unripe\548.jpg
479.jpg,apple,fresh,0,1,5.15,apple\Fresh\479.jpg
131.jpg,orange,rotten,3,2,0.79,orange\Rotten\131.jpg
663.jpg,pineapple,fresh,5,1,3.27,pineapple\Fresh\663.jpg
471.jpg,papaya,unripe,4,0,5.42,papaya\Unripe\471.jpg
4.jpg,orange,rotten,3,2,0.75,orange\Rotten\4.jpg
164.jpg,apple,fresh,0,1,5.06,apple\Fresh\164.jpg
12.jpg,banana,fresh,1,1,3.14,banana\Fresh\12.jpg
16.jpg,banana,unripe,1,0,6.02,banana\Unripe\16.jpg
517.jpg,orange,fresh,3,1,5.12,orange\Fresh\517.jpg
281.jpg,banana,rotten,1,2,0.06,banana\Rotten\281.jpg
467.jpg,mango,fresh,2,1,2.73,mango\Fresh\467.jpg
255.jpg,orange,fresh,3,1,4.77,orange\Fresh\255.jpg
48.jpg,papaya,rotten,4,2,0.43,papaya\Rotten\48.jpg
39.jpg,banana,rotten,1,2,0.07,banana\Rotten\39.jpg
631.jpg,banana,unripe,1,0,6.33,banana\Unripe\631.jpg
189.jpg,banana,fresh,1,1,2.89,banana\Fresh\189.jpg
119.jpg,apple,unripe,0,0,10.13,apple\Unripe\119.jpg
214.jpg,pineapple,rotten,5,2,0.48,pineapple\Rotten\214.jpg
365.jpg,apple,unripe,0,0,9.96,apple\Unripe\365.jpg
59.jpg,mango,unripe,2,0,7.18,mango\Unripe\59.jpg
586.jpg,banana,fresh,1,1,2.78,banana\Fresh\586.jpg
296.jpg,pineapple,fresh,5,1,3.13,pineapple\Fresh\296.jpg
481.jpg,apple,unripe,0,0,10.03,apple\Unripe\481.jpg
252.jpg,orange,unripe,3,0,8.39,orange\Unripe\252.jpg
471.jpg,pineapple,unripe,5,0,6.16,pineapple\Unripe\471.jpg
59.jpg,banana,fresh,1,1,2.74,banana\Fresh\59.jpg
69.jpg,mango,unripe,2,0,7.32,mango\Unripe\69.jpg
624.jpg,pineapple,unripe,5,0,5.82,pineapple\Unripe\624.jpg
354.jpg,mango,rotten,2,2,0.79,mango\Rotten\354.jpg
561.jpg,papaya,unripe,4,0,4.78,papaya\Unripe\561.jpg
623.jpg,banana,rotten,1,2,0.66,banana\Rotten\623.jpg
299.jpg,papaya,unripe,4,0,5.12,papaya\Unripe\299.jpg
10.jpg,orange,fresh,3,1,5.22,orange\Fresh\10.jpg
680.jpg,orange,rotten,3,2,0.69,orange\Rotten\680.jpg
575.jpg,orange,rotten,3,2,0.46,orange\Rotten\575.jpg
248.jpg,papaya,unripe,4,0,5.17,papaya\Unripe\248.jpg
652.jpg,pineapple,unripe,5,0,6.44,pineapple\Unripe\652.jpg
246.jpg,apple,rotten,0,2,0.19,apple\Rotten\246.jpg
518.jpg,banana,rotten,1,2,0.46,banana\Rotten\518.jpg
499.jpg,mango,unripe,2,0,7.19,mango\Unripe\499.jpg
482.jpg,pineapple,unripe,5,0,6.45,pineapple\Unripe\482.jpg
533.jpg,banana,rotten,1,2,0.6,banana\Rotten\533.jpg
290.jpg,orange,rotten,3,2,0.41,orange\Rotten\290.jpg
183.jpg,apple,rotten,0,2,0.58,apple\Rotten\183.jpg
539.jpg,orange,rotten,3,2,-1.67,orange\Rotten\539.jpg
382.jpg,pineapple,rotten,5,2,0.53,pineapple\Rotten\382.jpg
281.jpg,papaya,fresh,4,1,1.93,papaya\Fresh\281.jpg
625.jpg,mango,rotten,2,2,0.47,mango\Rotten\625.jpg
480.jpg,papaya,unripe,4,0,5.35,papaya\Unripe\480.jpg
666.jpg,pineapple,unripe,5,0,5.64,pineapple\Unripe\666.jpg
501.jpg,mango,unripe,2,0,6.65,mango\Unripe\501.jpg
11.jpg,orange,fresh,3,1,5.08,orange\Fresh\11.jpg
539.jpg,banana,fresh,1,1,2.94,banana\Fresh\539.jpg
172.jpg,papaya,fresh,4,1,2.19,papaya\Fresh\172.jpg
547.jpg,banana,rotten,1,2,-1.41,banana\Rotten\547.jpg
566.jpg,papaya,unripe,4,0,4.65,papaya\Unripe\566.jpg
610.jpg,papaya,unripe,4,0,4.81,papaya\Unripe\610.jpg
534.jpg,papaya,fresh,4,1,1.73,papaya\Fresh\534.jpg
136.jpg,papaya,unripe,4,0,5.01,papaya\Unripe\136.jpg
609.jpg,pineapple,unripe,5,0,5.67,pineapple\Unripe\609.jpg
192.jpg,apple,unripe,0,0,9.82,apple\Unripe\192.jpg
658.jpg,mango,rotten,2,2,0.13,mango\Rotten\658.jpg
509.jpg,papaya,rotten,4,2,0.49,papaya\Rotten\509.jpg
366.jpg,papaya,unripe,4,0,5.22,papaya\Unripe\366.jpg
30.jpg,apple,unripe,0,0,9.9,apple\Unripe\30.jpg
274.jpg,apple,fresh,0,1,4.85,apple\Fresh\274.jpg
570.jpg,orange,fresh,3,1,5.17,orange\Fresh\570.jpg
299.jpg,apple,fresh,0,1,4.93,apple\Fresh\299.jpg
352.jpg,apple,fresh,0,1,4.7,apple\Fresh\352.jpg
92.jpg,apple,unripe,0,0,9.63,apple\Unripe\92.jpg
265.jpg,banana,unripe,1,0,6.08,banana\Unripe\265.jpg
519.jpg,pineapple,rotten,5,2,0.04,pineapple\Rotten\519.jpg
499.jpg,orange,rotten,3,2,0.48,orange\Rotten\499.jpg
350.jpg,apple,rotten,0,2,0.49,apple\Rotten\350.jpg
556.jpg,mango,rotten,2,2,-1.06,mango\Rotten\556.jpg
537.jpg,banana,rotten,1,2,0.54,banana\Rotten\537.jpg
321.jpg,apple,rotten,0,2,-2.4,apple\Rotten\321.jpg
110.jpg,papaya,rotten,4,2,0.21,papaya\Rotten\110.jpg
161.jpg,banana,unripe,1,0,5.56,banana\Unripe\161.jpg
417.jpg,apple,unripe,0,0,10.05,apple\Unripe\417.jpg
397.jpg,orange,rotten,3,2,0.41,orange\Rotten\397.jpg
55.jpg,mango,unripe,2,0,7.4,mango\Unripe\55.jpg
134.jpg,mango,fresh,2,1,3.24,mango\Fresh\134.jpg
117.jpg,papaya,fresh,4,1,2.21,papaya\Fresh\117.jpg
95.jpg,mango,fresh,2,1,3.29,mango\Fresh\95.jpg
159.jpg,banana,fresh,1,1,3.04,banana\Fresh\159.jpg
274.jpg,apple,unripe,0,0,10.37,apple\Unripe\274.jpg
140.jpg,mango,unripe,2,0,6.64,mango\Unripe\140.jpg
332.jpg,banana,unripe,1,0,5.84,banana\Unripe\332.jpg
232.jpg,pineapple,unripe,5,0,6.06,pineapple\Unripe\232.jpg
506.jpg,apple,unripe,0,0,10.34,apple\Unripe\506.jpg
131.jpg,mango,fresh,2,1,2.77,mango\Fresh\131.jpg
159.jpg,pineapple,unripe,5,0,5.92,pineapple\Unripe\159.jpg
546.jpg,orange,unripe,3,0,8.14,orange\Unripe\546.jpg
281.jpg,apple,fresh,0,1,5.15,apple\Fresh\281.jpg
153.jpg,pineapple,rotten,5,2,-1.14,pineapple\Rotten\153.jpg
211.jpg,papaya,rotten,4,2,0.28,papaya\Rotten\211.jpg
249.jpg,pineapple,fresh,5,1,2.76,pineapple\Fresh\249.jpg
69.jpg,orange,unripe,3,0,8.3,orange\Unripe\69.jpg
131.jpg,papaya,fresh,4,1,1.89,papaya\Fresh\131.jpg
104.jpg,papaya,unripe,4,0,4.66,papaya\Unripe\104.jpg
469.jpg,papaya,rotten,4,2,0.34,papaya\Rotten\469.jpg
54.jpg,pineapple,rotten,5,2,0.13,pineapple\Rotten\54.jpg
562.jpg,pineapple,fresh,5,1,2.92,pineapple\Fresh\562.jpg
135.jpg,pineapple,fresh,5,1,3.13,pineapple\Fresh\135.jpg
357.jpg,papaya,fresh,4,1,2.23,papaya\Fresh\357.jpg
524.jpg,pineapple,unripe,5,0,5.83,pineapple\Unripe\524.jpg
520.jpg,mango,fresh,2,1,3.14,mango\Fresh\520.jpg
627.jpg,orange,fresh,3,1,5.25,orange\Fresh\627.jpg
497.jpg,orange,rotten,3,2,0.57,orange\Rotten\497.jpg
671.jpg,pineapple,unripe,5,0,6.04,pineapple\Unripe\671.jpg
13.jpg,papaya,rotten,4,2,0.62,papaya\Rotten\13.jpg
261.jpg,apple,rotten,0,2,0.53,apple\Rotten\261.jpg
110.jpg,orange,fresh,3,1,5.17,orange\Fresh\110.jpg
71.jpg,mango,rotten,2,2,0.24,mango\Rotten\71.jpg
49.jpg,apple,unripe,0,0,10.36,apple\Unripe\49.jpg
46.jpg,banana,fresh,1,1,2.93,banana\Fresh\46.jpg
125.jpg,mango,fresh,2,1,3.16,mango\Fresh\125.jpg
153.jpg,orange,unripe,3,0,8.43,orange\Unripe\153.jpg
128.jpg,papaya,rotten,4,2,0.39,papaya\Rotten\128.jpg
615.jpg,banana,rotten,1,2,0.44,banana\Rotten\615.jpg
561.jpg,orange,rotten,3,2,0.66,orange\Rotten\561.jpg
386.jpg,banana,fresh,1,1,3.19,banana\Fresh\386.jpg
154.jpg,pineapple,rotten,5,2,0.71,pineapple\Rotten\154.jpg
370.jpg,banana,fresh,1,1,3.21,banana\Fresh\370.jpg
42.jpg,pineapple,unripe,5,0,6.02,pineapple\Unripe\42.jpg
223.jpg,apple,rotten,0,2,0.5,apple\Rotten\223.jpg
592.jpg,banana,unripe,1,0,5.62,banana\Unripe\592.jpg
17.jpg,pineapple,rotten,5,2,0.01,pineapple\Rotten\17.jpg
427.jpg,pineapple,unripe,5,0,5.61,pineapple\Unripe\427.jpg
618.jpg,pineapple,rotten,5,2,0.57,pineapple\Rotten\618.jpg
260.jpg,papaya,unripe,4,0,4.9,papaya\Unripe\260.jpg
640.jpg,apple,rotten,0,2,0.05,apple\Rotten\640.jpg
390.jpg,orange,rotten,3,2,-2.41,orange\Rotten\390.jpg
221.jpg,papaya,rotten,4,2,-1.66,papaya\Rotten\221.jpg
43.jpg,pineapple,unripe,5,0,5.87,pineapple\Unripe\43.jpg
221.jpg,papaya,unripe,4,0,4.84,papaya\Unripe\221.jpg
675.jpg,papaya,rotten,4,2,0.57,papaya\Rotten\675.jpg
3.jpg,orange,fresh,3,1,5.23,orange\Fresh\3.jpg
319.jpg,mango,rotten,2,2,0.64,mango\Rotten\319.jpg
299.jpg,orange,fresh,3,1,4.86,orange\Fresh\299.jpg
316.jpg,orange,fresh,3,1,5.18,orange\Fresh\316.jpg
140.jpg,banana,unripe,1,0,5.65,banana\Unripe\140.jpg
619.jpg,pineapple,unripe,5,0,5.56,pineapple\Unripe\619.jpg
641.jpg,orange,unripe,3,0,8.33,orange\Unripe\641.jpg
84.jpg,pineapple,fresh,5,1,3.29,pineapple\Fresh\84.jpg
90.jpg,mango,rotten,2,2,0.2,mango\Rotten\90.jpg
663.jpg,papaya,unripe,4,0,5.25,papaya\Unripe\663.jpg
182.jpg,apple,unripe,0,0,10.31,apple\Unripe\182.jpg
279.jpg,apple,unripe,0,0,9.9,apple\Unripe\279.jpg
249.jpg,apple,unripe,0,0,9.89,apple\Unripe\249.jpg
577.jpg,apple,fresh,0,1,5.08,apple\Fresh\577.jpg
479.jpg,papaya,fresh,4,1,2.04,papaya\Fresh\479.jpg
61.jpg,banana,fresh,1,1,2.92,banana\Fresh\61.jpg
109.jpg,pineapple,unripe,5,0,6.23,pineapple\Unripe\109.jpg
310.jpg,banana,fresh,1,1,3.25,banana\Fresh\310.jpg
23.jpg,banana,rotten,1,2,0.68,banana\Rotten\23.jpg
235.jpg,apple,rotten,0,2,0.55,apple\Rotten\235.jpg
317.jpg,mango,unripe,2,0,6.82,mango\Unripe\317.jpg
377.jpg,mango,unripe,2,0,6.74,mango\Unripe\377.jpg
378.jpg,pineapple,rotten,5,2,0.46,pineapple\Rotten\378.jpg
264.jpg,orange,fresh,3,1,4.93,orange\Fresh\264.jpg
571.jpg,papaya,unripe,4,0,4.74,papaya\Unripe\571.jpg
36.jpg,apple,fresh,0,1,4.76,apple\Fresh\36.jpg
596.jpg,mango,rotten,2,2,-1.64,mango\Rotten\596.jpg
294.jpg,papaya,rotten,4,2,0.29,papaya\Rotten\294.jpg
361.jpg,papaya,fresh,4,1,2.24,papaya\Fresh\361.jpg
478.jpg,papaya,fresh,4,1,2.06,papaya\Fresh\478.jpg
532.jpg,apple,unripe,0,0,10.32,apple\Unripe\532.jpg
80.jpg,banana,unripe,1,0,5.73,banana\Unripe\80.jpg
150.jpg,orange,unripe,3,0,8.06,orange\Unripe\150.jpg
6.jpg,banana,unripe,1,0,5.74,banana\Unripe\6.jpg
206.jpg,mango,fresh,2,1,2.82,mango\Fresh\206.jpg
308.jpg,orange,fresh,3,1,4.96,orange\Fresh\308.jpg
130.jpg,mango,fresh,2,1,3.06,mango\Fresh\130.jpg
387.jpg,apple,unripe,0,0,10.37,apple\Unripe\387.jpg
159.jpg,banana,unripe,1,0,6.46,banana\Unripe\159.jpg
684.jpg,papaya,rotten,4,2,-1.97,papaya\Rotten\684.jpg
167.jpg,orange,rotten,3,2,0.78,orange\Rotten\167.jpg
475.jpg,banana,unripe,1,0,5.83,banana\Unripe\475.jpg
294.jpg,papaya,unripe,4,0,5.12,papaya\Unripe\294.jpg
552.jpg,apple,unripe,0,0,10.17,apple\Unripe\552.jpg
51.jpg,apple,rotten,0,2,0.16,apple\Rotten\51.jpg
1.jpg,papaya,fresh,4,1,1.8,papaya\Fresh\1.jpg
523.jpg,banana,unripe,1,0,5.72,banana\Unripe\523.jpg
224.jpg,apple,rotten,0,2,0.76,apple\Rotten\224.jpg
261.jpg,apple,unripe,0,0,9.62,apple\Unripe\261.jpg
596.jpg,apple,fresh,0,1,5.26,apple\Fresh\596.jpg
650.jpg,pineapple,rotten,5,2,0.3,pineapple\Rotten\650.jpg
191.jpg,banana,rotten,1,2,0.49,banana\Rotten\191.jpg
158.jpg,apple,unripe,0,0,10.27,apple\Unripe\158.jpg
91.jpg,pineapple,fresh,5,1,2.71,pineapple\Fresh\91.jpg
246.jpg,apple,fresh,0,1,4.93,apple\Fresh\246.jpg
100.jpg,orange,fresh,3,1,5.24,orange\Fresh\100.jpg
311.jpg,papaya,unripe,4,0,4.71,papaya\Unripe\311.jpg
35.jpg,apple,fresh,0,1,4.82,apple\Fresh\35.jpg
505.jpg,papaya,unripe,4,0,5.28,papaya\Unripe\505.jpg
463.jpg,banana,rotten,1,2,0.55,banana\Rotten\463.jpg
522.jpg,orange,unripe,3,0,8.03,orange\Unripe\522.jpg
662.jpg,pineapple,unripe,5,0,5.52,pineapple\Unripe\662.jpg
517.jpg,papaya,fresh,4,1,1.96,papaya\Fresh\517.jpg
193.jpg,apple,fresh,0,1,5.29,apple\Fresh\193.jpg
548.jpg,mango,rotten,2,2,0.72,mango\Rotten\548.jpg
60.jpg,pineapple,fresh,5,1,3.25,pineapple\Fresh\60.jpg
134.jpg,apple,fresh,0,1,4.83,apple\Fresh\134.jpg
473.jpg,pineapple,unripe,5,0,6.48,pineapple\Unripe\473.jpg
655.jpg,papaya,rotten,4,2,0.04,papaya\Rotten\655.jpg
520.jpg,pineapple,unripe,5,0,5.91,pineapple\Unripe\520.jpg
41.jpg,apple,unripe,0,0,9.93,apple\Unripe\41.jpg
20.jpg,orange,fresh,3,1,4.86,orange\Fresh\20.jpg
130.jpg,apple,unripe,0,0,10.06,apple\Unripe\130.jpg
89.jpg,banana,fresh,1,1,3.05,banana\Fresh\89.jpg
88.jpg,mango,rotten,2,2,0.36,mango\Rotten\88.jpg
503.jpg,papaya,rotten,4,2,0.43,papaya\Rotten\503.jpg
644.jpg,apple,unripe,0,0,9.97,apple\Unripe\644.jpg
606.jpg,apple,fresh,0,1,5.06,apple\Fresh\606.jpg
546.jpg,mango,unripe,2,0,6.88,mango\Unripe\546.jpg
32.jpg,papaya,fresh,4,1,2.0,papaya\Fresh\32.jpg
69.jpg,apple,unripe,0,0,10.18,apple\Unripe\69.jpg
83.jpg,orange,rotten,3,2,0.01,orange\Rotten\83.jpg
639.jpg,banana,unripe,1,0,6.17,banana\Unripe\639.jpg
55.jpg,apple,rotten,0,2,-1.74,apple\Rotten\55.jpg
322.jpg,pineapple,unripe,5,0,5.56,pineapple\Unripe\322.jpg
292.jpg,apple,fresh,0,1,5.07,apple\Fresh\292.jpg
510.jpg,apple,fresh,0,1,4.7,apple\Fresh\510.jpg
55.jpg,pineapple,unripe,5,0,6.01,pineapple\Unripe\55.jpg
541.jpg,pineapple,fresh,5,1,2.92,pineapple\Fresh\541.jpg
515.jpg,papaya,unripe,4,0,5.05,papaya\Unripe\515.jpg
461.jpg,banana,rotten,1,2,0.03,banana\Rotten\461.jpg
398.jpg,banana,rotten,1,2,0.58,banana\Rotten\398.jpg
197.jpg,banana,unripe,1,0,6.18,banana\Unripe\197.jpg
264.jpg,pineapple,unripe,5,0,6.16,pineapple\Unripe\264.jpg
64.jpg,banana,rotten,1,2,0.6,banana\Rotten\64.jpg
591.jpg,apple,rotten,0,2,0.62,apple\Rotten\591.jpg
177.jpg,pineapple,unripe,5,0,5.74,pineapple\Unripe\177.jpg
24.jpg,papaya,unripe,4,0,4.6,papaya\Unripe\24.jpg
483.jpg,mango,rotten,2,2,0.22,mango\Rotten\483.jpg
612.jpg,apple,unripe,0,0,10.24,apple\Unripe\612.jpg
495.jpg,papaya,unripe,4,0,5.34,papaya\Unripe\495.jpg
291.jpg,pineapple,unripe,5,0,6.46,pineapple\Unripe\291.jpg
85.jpg,papaya,fresh,4,1,1.97,papaya\Fresh\85.jpg
643.jpg,pineapple,unripe,5,0,6.34,pineapple\Unripe\643.jpg
549.jpg,papaya,unripe,4,0,5.42,papaya\Unripe\549.jpg
362.jpg,orange,rotten,3,2,0.4,orange\Rotten\362.jpg
406.jpg,banana,unripe,1,0,5.63,banana\Unripe\406.jpg
201.jpg,banana,fresh,1,1,2.89,banana\Fresh\201.jpg
85.jpg,mango,unripe,2,0,7.07,mango\Unripe\85.jpg
64.jpg,apple,unripe,0,0,9.64,apple\Unripe\64.jpg
287.jpg,papaya,rotten,4,2,0.06,papaya\Rotten\287.jpg
323.jpg,papaya,unripe,4,0,5.0,papaya\Unripe\323.jpg
461.jpg,apple,rotten,0,2,0.48,apple\Rotten\461.jpg
282.jpg,mango,rotten,2,2,0.63,mango\Rotten\282.jpg
81.jpg,pineapple,fresh,5,1,3.17,pineapple\Fresh\81.jpg
323.jpg,pineapple,rotten,5,2,0.46,pineapple\Rotten\323.jpg
436.jpg,apple,unripe,0,0,10.39,apple\Unripe\436.jpg
515.jpg,pineapple,unripe,5,0,5.55,pineapple\Unripe\515.jpg
385.jpg,pineapple,unripe,5,0,5.75,pineapple\Unripe\385.jpg
559.jpg,orange,rotten,3,2,0.21,orange\Rotten\559.jpg
63.jpg,pineapple,unripe,5,0,6.23,pineapple\Unripe\63.jpg
658.jpg,orange,rotten,3,2,0.67,orange\Rotten\658.jpg
218.jpg,mango,rotten,2,2,0.67,mango\Rotten\218.jpg
370.jpg,papaya,rotten,4,2,-1.67,papaya\Rotten\370.jpg
115.jpg,pineapple,unripe,5,0,5.72,pineapple\Unripe\115.jpg
445.jpg,banana,rotten,1,2,-1.25,banana\Rotten\445.jpg
366.jpg,papaya,rotten,4,2,-2.05,papaya\Rotten\366.jpg
539.jpg,apple,rotten,0,2,-2.17,apple\Rotten\539.jpg
607.jpg,papaya,rotten,4,2,0.73,papaya\Rotten\607.jpg
482.jpg,papaya,rotten,4,2,0.32,papaya\Rotten\482.jpg
205.jpg,apple,fresh,0,1,5.0,apple\Fresh\205.jpg
358.jpg,apple,rotten,0,2,0.79,apple\Rotten\358.jpg
45.jpg,pineapple,fresh,5,1,3.29,pineapple\Fresh\45.jpg
96.jpg,pineapple,rotten,5,2,0.18,pineapple\Rotten\96.jpg
18.jpg,pineapple,rotten,5,2,-1.49,pineapple\Rotten\18.jpg
183.jpg,mango,unripe,2,0,7.43,mango\Unripe\183.jpg
171.jpg,pineapple,fresh,5,1,2.97,pineapple\Fresh\171.jpg
449.jpg,banana,unripe,1,0,6.36,banana\Unripe\449.jpg
81.jpg,banana,rotten,1,2,0.48,banana\Rotten\81.jpg
123.jpg,papaya,unripe,4,0,5.17,papaya\Unripe\123.jpg
175.jpg,orange,unripe,3,0,8.18,orange\Unripe\175.jpg
343.jpg,papaya,unripe,4,0,4.8,papaya\Unripe\343.jpg
194.jpg,mango,fresh,2,1,2.72,mango\Fresh\194.jpg
109.jpg,papaya,unripe,4,0,4.7,papaya\Unripe\109.jpg
294.jpg,orange,fresh,3,1,4.84,orange\Fresh\294.jpg
395.jpg,papaya,unripe,4,0,5.05,papaya\Unripe\395.jpg
248.jpg,banana,unripe,1,0,6.41,banana\Unripe\248.jpg
628.jpg,pineapple,fresh,5,1,2.94,pineapple\Fresh\628.jpg
3.jpg,pineapple,rotten,5,2,0.02,pineapple\Rotten\3.jpg
266.jpg,orange,unripe,3,0,7.82,orange\Unripe\266.jpg
75.jpg,papaya,fresh,4,1,2.08,papaya\Fresh\75.jpg
185.jpg,papaya,rotten,4,2,0.02,papaya\Rotten\185.jpg
207.jpg,papaya,unripe,4,0,5.47,papaya\Unripe\207.jpg
194.jpg,apple,rotten,0,2,0.35,apple\Rotten\194.jpg
30.jpg,mango,fresh,2,1,2.73,mango\Fresh\30.jpg
635.jpg,banana,fresh,1,1,2.99,banana\Fresh\635.jpg
22.jpg,apple,fresh,0,1,5.06,apple\Fresh\22.jpg
486.jpg,orange,unripe,3,0,7.87,orange\Unripe\486.jpg
613.jpg,banana,unripe,1,0,5.65,banana\Unripe\613.jpg
162.jpg,apple,fresh,0,1,4.78,apple\Fresh\162.jpg
40.jpg,papaya,fresh,4,1,1.86,papaya\Fresh\40.jpg
80.jpg,papaya,rotten,4,2,0.66,papaya\Rotten\80.jpg
607.jpg,pineapple,fresh,5,1,2.89,pineapple\Fresh\607.jpg
548.jpg,mango,fresh,2,1,2.8,mango\Fresh\548.jpg
120.jpg,orange,fresh,3,1,4.83,orange\Fresh\120.jpg
70.jpg,orange,unripe,3,0,7.61,orange\Unripe\70.jpg
149.jpg,banana,unripe,1,0,6.13,banana\Unripe\149.jpg
585.jpg,papaya,unripe,4,0,4.59,papaya\Unripe\585.jpg
122.jpg,papaya,rotten,4,2,0.67,papaya\Rotten\122.jpg
33.jpg,orange,rotten,3,2,0.22,orange\Rotten\33.jpg
512.jpg,banana,rotten,1,2,-1.51,banana\Rotten\512.jpg
570.jpg,pineapple,fresh,5,1,3.12,pineapple\Fresh\570.jpg
603.jpg,mango,rotten,2,2,0.31,mango\Rotten\603.jpg
95.jpg,mango,rotten,2,2,0.66,mango\Rotten\95.jpg
106.jpg,apple,fresh,0,1,5.16,apple\Fresh\106.jpg
599.jpg,mango,rotten,2,2,0.17,mango\Rotten\599.jpg
371.jpg,papaya,fresh,4,1,2.05,papaya\Fresh\371.jpg
622.jpg,banana,rotten,1,2,0.57,banana\Rotten\622.jpg
405.jpg,apple,fresh,0,1,4.99,apple\Fresh\405.jpg
269.jpg,apple,fresh,0,1,4.86,apple\Fresh\269.jpg
227.jpg,apple,rotten,0,2,0.79,apple\Rotten\227.jpg
628.jpg,banana,rotten,1,2,0.39,banana\Rotten\628.jpg
682.jpg,orange,rotten,3,2,0.7,orange\Rotten\682.jpg
504.jpg,mango,fresh,2,1,2.79,mango\Fresh\504.jpg
342.jpg,apple,fresh,0,1,5.06,apple\Fresh\342.jpg
546.jpg,orange,fresh,3,1,5.14,orange\Fresh\546.jpg
203.jpg,pineapple,rotten,5,2,0.18,pineapple\Rotten\203.jpg
84.jpg,orange,rotten,3,2,-1.63,orange\Rotten\84.jpg
378.jpg,orange,unripe,3,0,8.31,orange\Unripe\378.jpg
475.jpg,papaya,rotten,4,2,0.56,papaya\Rotten\475.jpg
431.jpg,orange,fresh,3,1,4.87,orange\Fresh\431.jpg
117.jpg,orange,fresh,3,1,5.11,orange\Fresh\117.jpg
168.jpg,papaya,unripe,4,0,4.83,papaya\Unripe\168.jpg
253.jpg,papaya,fresh,4,1,2.19,papaya\Fresh\253.jpg
608.jpg,pineapple,rotten,5,2,0.02,pineapple\Rotten\608.jpg
399.jpg,banana,unripe,1,0,6.23,banana\Unripe\399.jpg
352.jpg,banana,unripe,1,0,5.93,banana\Unripe\352.jpg
306.jpg,banana,fresh,1,1,3.28,banana\Fresh\306.jpg
591.jpg,orange,rotten,3,2,0.39,orange\Rotten\591.jpg
339.jpg,banana,rotten,1,2,-2.43,banana\Rotten\339.jpg
43.jpg,papaya,rotten,4,2,0.38,papaya\Rotten\43.jpg
484.jpg,apple,rotten,0,2,0.38,apple\Rotten\484.jpg
485.jpg,apple,unripe,0,0,10.2,apple\Unripe\485.jpg
601.jpg,apple,fresh,0,1,5.22,apple\Fresh\601.jpg
456.jpg,orange,unripe,3,0,8.09,orange\Unripe\456.jpg
361.jpg,pineapple,fresh,5,1,3.05,pineapple\Fresh\361.jpg
478.jpg,banana,rotten,1,2,0.42,banana\Rotten\478.jpg
205.jpg,mango,unripe,2,0,7.37,mango\Unripe\205.jpg
480.jpg,mango,rotten,2,2,0.42,mango\Rotten\480.jpg
623.jpg,orange,rotten,3,2,0.54,orange\Rotten\623.jpg
227.jpg,mango,fresh,2,1,3.03,mango\Fresh\227.jpg
74.jpg,papaya,fresh,4,1,2.3,papaya\Fresh\74.jpg
657.jpg,apple,rotten,0,2,-1.09,apple\Rotten\657.jpg
399.jpg,apple,fresh,0,1,5.29,apple\Fresh\399.jpg
336.jpg,papaya,rotten,4,2,0.25,papaya\Rotten\336.jpg
146.jpg,pineapple,fresh,5,1,2.95,pineapple\Fresh\146.jpg
397.jpg,papaya,unripe,4,0,4.83,papaya\Unripe\397.jpg
226.jpg,mango,fresh,2,1,3.0,mango\Fresh\226.jpg
109.jpg,apple,unripe,0,0,10.47,apple\Unripe\109.jpg
588.jpg,mango,rotten,2,2,0.11,mango\Rotten\588.jpg
14.jpg,apple,unripe,0,0,10.01,apple\Unripe\14.jpg
492.jpg,papaya,fresh,4,1,1.9,papaya\Fresh\492.jpg
295.jpg,apple,rotten,0,2,-1.66,apple\Rotten\295.jpg
238.jpg,apple,unripe,0,0,9.78,apple\Unripe\238.jpg
385.jpg,orange,rotten,3,2,0.54,orange\Rotten\385.jpg
407.jpg,mango,fresh,2,1,2.75,mango\Fresh\407.jpg
1.jpg,orange,rotten,3,2,0.58,orange\Rotten\1.jpg
60.jpg,banana,fresh,1,1,2.89,banana\Fresh\60.jpg
497.jpg,apple,rotten,0,2,0.7,apple\Rotten\497.jpg
557.jpg,mango,fresh,2,1,3.14,mango\Fresh\557.jpg
222.jpg,pineapple,rotten,5,2,0.42,pineapple\Rotten\222.jpg
78.jpg,pineapple,rotten,5,2,0.46,pineapple\Rotten\78.jpg
55.jpg,banana,rotten,1,2,0.11,banana\Rotten\55.jpg
143.jpg,apple,unripe,0,0,10.04,apple\Unripe\143.jpg
506.jpg,mango,unripe,2,0,6.6,mango\Unripe\506.jpg
442.jpg,pineapple,unripe,5,0,5.95,pineapple\Unripe\442.jpg
118.jpg,mango,fresh,2,1,3.19,mango\Fresh\118.jpg
30.jpg,papaya,rotten,4,2,-1.2,papaya\Rotten\30.jpg
365.jpg,pineapple,unripe,5,0,6.08,pineapple\Unripe\365.jpg
128.jpg,mango,fresh,2,1,2.98,mango\Fresh\128.jpg
10.jpg,orange,rotten,3,2,0.28,orange\Rotten\10.jpg
224.jpg,pineapple,fresh,5,1,3.17,pineapple\Fresh\224.jpg
590.jpg,mango,unripe,2,0,6.85,mango\Unripe\590.jpg
662.jpg,mango,rotten,2,2,0.79,mango\Rotten\662.jpg
409.jpg,pineapple,unripe,5,0,6.28,pineapple\Unripe\409.jpg
515.jpg,apple,unripe,0,0,9.51,apple\Unripe\515.jpg
669.jpg,papaya,rotten,4,2,0.3,papaya\Rotten\669.jpg
271.jpg,papaya,rotten,4,2,0.31,papaya\Rotten\271.jpg
355.jpg,apple,rotten,0,2,0.66,apple\Rotten\355.jpg
540.jpg,banana,rotten,1,2,0.59,banana\Rotten\540.jpg
633.jpg,papaya,rotten,4,2,-1.78,papaya\Rotten\633.jpg
496.jpg,orange,unripe,3,0,8.19,orange\Unripe\496.jpg
379.jpg,pineapple,rotten,5,2,0.12,pineapple\Rotten\379.jpg
354.jpg,apple,rotten,0,2,-1.8,apple\Rotten\354.jpg
27.jpg,banana,unripe,1,0,6.1,banana\Unripe\27.jpg
146.jpg,banana,fresh,1,1,3.04,banana\Fresh\146.jpg
518.jpg,mango,fresh,2,1,2.74,mango\Fresh\518.jpg
511.jpg,pineapple,unripe,5,0,6.45,pineapple\Unripe\511.jpg
535.jpg,mango,fresh,2,1,3.0,mango\Fresh\535.jpg
262.jpg,banana,unripe,1,0,5.73,banana\Unripe\262.jpg
466.jpg,banana,fresh,1,1,3.01,banana\Fresh\466.jpg
665.jpg,pineapple,rotten,5,2,0.3,pineapple\Rotten\665.jpg
646.jpg,orange,unripe,3,0,7.59,orange\Unripe\646.jpg
608.jpg,orange,rotten,3,2,0.52,orange\Rotten\608.jpg
559.jpg,pineapple,fresh,5,1,2.89,pineapple\Fresh\559.jpg
87.jpg,apple,fresh,0,1,4.92,apple\Fresh\87.jpg
628.jpg,papaya,fresh,4,1,2.11,papaya\Fresh\628.jpg
128.jpg,orange,rotten,3,2,0.57,orange\Rotten\128.jpg
585.jpg,orange,unripe,3,0,7.77,orange\Unripe\585.jpg
440.jpg,papaya,rotten,4,2,0.22,papaya\Rotten\440.jpg
590.jpg,banana,rotten,1,2,0.09,banana\Rotten\590.jpg
178.jpg,apple,rotten,0,2,0.72,apple\Rotten\178.jpg
302.jpg,banana,unripe,1,0,5.79,banana\Unripe\302.jpg
30.jpg,papaya,unripe,4,0,5.42,papaya\Unripe\30.jpg
387.jpg,banana,rotten,1,2,0.16,banana\Rotten\387.jpg
585.jpg,pineapple,unripe,5,0,6.41,pineapple\Unripe\585.jpg
88.jpg,apple,rotten,0,2,-1.87,apple\Rotten\88.jpg
223.jpg,mango,fresh,2,1,2.94,mango\Fresh\223.jpg
415.jpg,banana,unripe,1,0,5.98,banana\Unripe\415.jpg
347.jpg,banana,fresh,1,1,2.95,banana\Fresh\347.jpg
326.jpg,mango,rotten,2,2,0.61,mango\Rotten\326.jpg
179.jpg,banana,rotten,1,2,0.37,banana\Rotten\179.jpg
179.jpg,pineapple,fresh,5,1,3.04,pineapple\Fresh\179.jpg
528.jpg,apple,rotten,0,2,0.39,apple\Rotten\528.jpg
305.jpg,mango,fresh,2,1,3.21,mango\Fresh\305.jpg
541.jpg,papaya,fresh,4,1,1.7,papaya\Fresh\541.jpg
506.jpg,papaya,rotten,4,2,-1.52,papaya\Rotten\506.jpg
15.jpg,mango,fresh,2,1,2.98,mango\Fresh\15.jpg
89.jpg,papaya,unripe,4,0,4.54,papaya\Unripe\89.jpg
375.jpg,orange,rotten,3,2,0.3,orange\Rotten\375.jpg
68.jpg,orange,rotten,3,2,0.66,orange\Rotten\68.jpg
466.jpg,banana,rotten,1,2,0.32,banana\Rotten\466.jpg
334.jpg,mango,rotten,2,2,-2.32,mango\Rotten\334.jpg
336.jpg,papaya,fresh,4,1,1.99,papaya\Fresh\336.jpg
615.jpg,banana,unripe,1,0,5.99,banana\Unripe\615.jpg
409.jpg,mango,fresh,2,1,3.26,mango\Fresh\409.jpg
355.jpg,orange,fresh,3,1,5.06,orange\Fresh\355.jpg
507.jpg,papaya,rotten,4,2,0.14,papaya\Rotten\507.jpg
129.jpg,banana,fresh,1,1,2.73,banana\Fresh\129.jpg
146.jpg,orange,fresh,3,1,4.97,orange\Fresh\146.jpg
607.jpg,banana,fresh,1,1,2.92,banana\Fresh\607.jpg
606.jpg,orange,unripe,3,0,8.49,orange\Unripe\606.jpg
301.jpg,mango,fresh,2,1,3.14,mango\Fresh\301.jpg
234.jpg,papaya,rotten,4,2,0.31,papaya\Rotten\234.jpg
230.jpg,orange,unripe,3,0,7.73,orange\Unripe\230.jpg
496.jpg,pineapple,unripe,5,0,6.28,pineapple\Unripe\496.jpg
34.jpg,mango,unripe,2,0,6.58,mango\Unripe\34.jpg
45.jpg,pineapple,rotten,5,2,0.77,pineapple\Rotten\45.jpg
115.jpg,orange,unripe,3,0,8.38,orange\Unripe\115.jpg
324.jpg,pineapple,fresh,5,1,2.78,pineapple\Fresh\324.jpg
505.jpg,mango,fresh,2,1,3.17,mango\Fresh\505.jpg
582.jpg,mango,rotten,2,2,0.54,mango\Rotten\582.jpg
178.jpg,banana,fresh,1,1,3.07,banana\Fresh\178.jpg
564.jpg,banana,rotten,1,2,0.08,banana\Rotten\564.jpg
548.jpg,orange,rotten,3,2,0.8,orange\Rotten\548.jpg
135.jpg,orange,unripe,3,0,8.36,orange\Unripe\135.jpg
641.jpg,mango,rotten,2,2,-1.45,mango\Rotten\641.jpg
433.jpg,orange,rotten,3,2,0.68,orange\Rotten\433.jpg
505.jpg,papaya,rotten,4,2,0.31,papaya\Rotten\505.jpg
88.jpg,papaya,rotten,4,2,0.02,papaya\Rotten\88.jpg
9.jpg,orange,rotten,3,2,0.53,orange\Rotten\9.jpg
289.jpg,papaya,unripe,4,0,4.55,papaya\Unripe\289.jpg
340.jpg,apple,rotten,0,2,0.54,apple\Rotten\340.jpg
432.jpg,papaya,unripe,4,0,4.84,papaya\Unripe\432.jpg
521.jpg,apple,rotten,0,2,0.54,apple\Rotten\521.jpg
310.jpg,papaya,fresh,4,1,2.26,papaya\Fresh\310.jpg
199.jpg,apple,fresh,0,1,5.26,apple\Fresh\199.jpg
104.jpg,mango,fresh,2,1,2.9,mango\Fresh\104.jpg
518.jpg,orange,unripe,3,0,8.45,orange\Unripe\518.jpg
223.jpg,orange,rotten,3,2,0.19,orange\Rotten\223.jpg
142.jpg,banana,unripe,1,0,5.86,banana\Unripe\142.jpg
508.jpg,pineapple,rotten,5,2,-1.56,pineapple\Rotten\508.jpg
580.jpg,banana,rotten,1,2,0.6,banana\Rotten\580.jpg
355.jpg,banana,fresh,1,1,2.84,banana\Fresh\355.jpg
39.jpg,pineapple,unripe,5,0,6.41,pineapple\Unripe\39.jpg
577.jpg,apple,rotten,0,2,0.22,apple\Rotten\577.jpg
465.jpg,mango,rotten,2,2,0.65,mango\Rotten\465.jpg
514.jpg,banana,unripe,1,0,6.09,banana\Unripe\514.jpg
461.jpg,apple,fresh,0,1,5.12,apple\Fresh\461.jpg
570.jpg,pineapple,rotten,5,2,-1.24,pineapple\Rotten\570.jpg
101.jpg,apple,unripe,0,0,10.37,apple\Unripe\101.jpg
26.jpg,banana,rotten,1,2,-2.09,banana\Rotten\26.jpg
526.jpg,papaya,rotten,4,2,0.12,papaya\Rotten\526.jpg
491.jpg,pineapple,fresh,5,1,2.74,pineapple\Fresh\491.jpg
337.jpg,papaya,fresh,4,1,1.72,papaya\Fresh\337.jpg
218.jpg,papaya,unripe,4,0,5.1,papaya\Unripe\218.jpg
345.jpg,apple,rotten,0,2,0.63,apple\Rotten\345.jpg
295.jpg,pineapple,fresh,5,1,2.88,pineapple\Fresh\295.jpg
30.jpg,banana,fresh,1,1,3.26,banana\Fresh\30.jpg
462.jpg,apple,unripe,0,0,9.96,apple\Unripe\462.jpg
136.jpg,apple,rotten,0,2,0.5,apple\Rotten\136.jpg
273.jpg,orange,unripe,3,0,8.45,orange\Unripe\273.jpg
22.jpg,orange,fresh,3,1,5.05,orange\Fresh\22.jpg
22.jpg,pineapple,rotten,5,2,0.55,pineapple\Rotten\22.jpg
529.jpg,orange,fresh,3,1,5.04,orange\Fresh\529.jpg
612.jpg,pineapple,unripe,5,0,6.47,pineapple\Unripe\612.jpg
527.jpg,apple,unripe,0,0,9.58,apple\Unripe\527.jpg
357.jpg,pineapple,rotten,5,2,0.38,pineapple\Rotten\357.jpg
99.jpg,mango,fresh,2,1,3.3,mango\Fresh\99.jpg
62.jpg,papaya,unripe,4,0,4.72,papaya\Unripe\62.jpg
166.jpg,mango,unripe,2,0,6.87,mango\Unripe\166.jpg
421.jpg,orange,unripe,3,0,7.79,orange\Unripe\421.jpg
96.jpg,apple,unripe,0,0,10.02,apple\Unripe\96.jpg
572.jpg,mango,rotten,2,2,-1.65,mango\Rotten\572.jpg
11.jpg,mango,fresh,2,1,2.75,mango\Fresh\11.jpg
383.jpg,banana,rotten,1,2,0.69,banana\Rotten\383.jpg
212.jpg,orange,unripe,3,0,8.04,orange\Unripe\212.jpg
400.jpg,mango,unripe,2,0,7.29,mango\Unripe\400.jpg
129.jpg,orange,unripe,3,0,7.52,orange\Unripe\129.jpg
234.jpg,banana,rotten,1,2,-1.17,banana\Rotten\234.jpg
474.jpg,banana,rotten,1,2,0.06,banana\Rotten\474.jpg
65.jpg,mango,rotten,2,2,0.48,mango\Rotten\65.jpg
131.jpg,pineapple,fresh,5,1,2.95,pineapple\Fresh\131.jpg
326.jpg,apple,fresh,0,1,4.99,apple\Fresh\326.jpg
459.jpg,pineapple,rotten,5,2,0.48,pineapple\Rotten\459.jpg
625.jpg,apple,rotten,0,2,0.46,apple\Rotten\625.jpg
563.jpg,mango,unripe,2,0,6.52,mango\Unripe\563.jpg
376.jpg,papaya,fresh,4,1,1.78,papaya\Fresh\376.jpg
157.jpg,papaya,unripe,4,0,5.1,papaya\Unripe\157.jpg
113.jpg,mango,rotten,2,2,-1.58,mango\Rotten\113.jpg
12.jpg,banana,rotten,1,2,-1.1,banana\Rotten\12.jpg
318.jpg,mango,unripe,2,0,6.92,mango\Unripe\318.jpg
56.jpg,orange,fresh,3,1,4.94,orange\Fresh\56.jpg
659.jpg,banana,unripe,1,0,5.83,banana\Unripe\659.jpg
336.jpg,banana,rotten,1,2,0.06,banana\Rotten\336.jpg
172.jpg,mango,fresh,2,1,3.2,mango\Fresh\172.jpg
631.jpg,pineapple,rotten,5,2,0.08,pineapple\Rotten\631.jpg
441.jpg,apple,unripe,0,0,9.59,apple\Unripe\441.jpg
643.jpg,apple,rotten,0,2,0.06,apple\Rotten\643.jpg
228.jpg,pineapple,unripe,5,0,6.24,pineapple\Unripe\228.jpg
215.jpg,mango,unripe,2,0,6.52,mango\Unripe\215.jpg
121.jpg,orange,unripe,3,0,8.0,orange\Unripe\121.jpg
112.jpg,papaya,unripe,4,0,5.24,papaya\Unripe\112.jpg
12.jpg,pineapple,rotten,5,2,0.71,pineapple\Rotten\12.jpg
417.jpg,papaya,fresh,4,1,2.06,papaya\Fresh\417.jpg
603.jpg,pineapple,fresh,5,1,2.76,pineapple\Fresh\603.jpg
175.jpg,banana,unripe,1,0,5.76,banana\Unripe\175.jpg
505.jpg,mango,unripe,2,0,6.65,mango\Unripe\505.jpg
374.jpg,orange,fresh,3,1,5.29,orange\Fresh\374.jpg
456.jpg,orange,fresh,3,1,4.87,orange\Fresh\456.jpg
141.jpg,papaya,unripe,4,0,4.89,papaya\Unripe\141.jpg
477.jpg,apple,fresh,0,1,5.16,apple\Fresh\477.jpg
273.jpg,banana,rotten,1,2,0.6,banana\Rotten\273.jpg
644.jpg,banana,rotten,1,2,-1.33,banana\Rotten\644.jpg
455.jpg,apple,fresh,0,1,5.19,apple\Fresh\455.jpg
582.jpg,pineapple,fresh,5,1,3.02,pineapple\Fresh\582.jpg
134.jpg,orange,rotten,3,2,0.62,orange\Rotten\134.jpg
628.jpg,pineapple,rotten,5,2,0.29,pineapple\Rotten\628.jpg
105.jpg,pineapple,unripe,5,0,6.13,pineapple\Unripe\105.jpg
124.jpg,banana,rotten,1,2,0.55,banana\Rotten\124.jpg
316.jpg,banana,rotten,1,2,0.07,banana\Rotten\316.jpg
137.jpg,pineapple,unripe,5,0,5.87,pineapple\Unripe\137.jpg
253.jpg,banana,rotten,1,2,0.57,banana\Rotten\253.jpg
240.jpg,apple,fresh,0,1,4.94,apple\Fresh\240.jpg
601.jpg,orange,fresh,3,1,5.2,orange\Fresh\601.jpg
395.jpg,apple,rotten,0,2,-1.0,apple\Rotten\395.jpg
18.jpg,banana,rotten,1,2,0.7,banana\Rotten\18.jpg
395.jpg,banana,rotten,1,2,0.22,banana\Rotten\395.jpg
220.jpg,banana,fresh,1,1,2.77,banana\Fresh\220.jpg
419.jpg,orange,unripe,3,0,7.69,orange\Unripe\419.jpg
12.jpg,mango,rotten,2,2,-2.39,mango\Rotten\12.jpg
550.jpg,banana,fresh,1,1,3.3,banana\Fresh\550.jpg
61.jpg,orange,fresh,3,1,4.85,orange\Fresh\61.jpg
275.jpg,apple,rotten,0,2,-2.27,apple\Rotten\275.jpg
299.jpg,apple,rotten,0,2,0.55,apple\Rotten\299.jpg
394.jpg,pineapple,rotten,5,2,0.3,pineapple\Rotten\394.jpg
611.jpg,papaya,fresh,4,1,2.16,papaya\Fresh\611.jpg
440.jpg,mango,fresh,2,1,2.99,mango\Fresh\440.jpg
402.jpg,apple,fresh,0,1,5.26,apple\Fresh\402.jpg
174.jpg,apple,rotten,0,2,0.04,apple\Rotten\174.jpg
487.jpg,banana,rotten,1,2,0.6,banana\Rotten\487.jpg
286.jpg,pineapple,rotten,5,2,0.24,pineapple\Rotten\286.jpg
366.jpg,orange,fresh,3,1,4.91,orange\Fresh\366.jpg
87.jpg,orange,fresh,3,1,4.83,orange\Fresh\87.jpg
575.jpg,papaya,fresh,4,1,2.04,papaya\Fresh\575.jpg
586.jpg,banana,unripe,1,0,6.1,banana\Unripe\586.jpg
13.jpg,apple,unripe,0,0,10.41,apple\Unripe\13.jpg
524.jpg,pineapple,fresh,5,1,3.17,pineapple\Fresh\524.jpg
448.jpg,pineapple,unripe,5,0,6.07,pineapple\Unripe\448.jpg
636.jpg,papaya,unripe,4,0,5.13,papaya\Unripe\636.jpg
229.jpg,papaya,fresh,4,1,1.89,papaya\Fresh\229.jpg
413.jpg,mango,unripe,2,0,6.64,mango\Unripe\413.jpg
623.jpg,mango,rotten,2,2,-1.43,mango\Rotten\623.jpg
458.jpg,apple,fresh,0,1,5.04,apple\Fresh\458.jpg
457.jpg,apple,rotten,0,2,0.34,apple\Rotten\457.jpg
186.jpg,papaya,fresh,4,1,2.24,papaya\Fresh\186.jpg
43.jpg,mango,rotten,2,2,0.71,mango\Rotten\43.jpg
117.jpg,orange,rotten,3,2,0.75,orange\Rotten\117.jpg
375.jpg,pineapple,fresh,5,1,3.18,pineapple\Fresh\375.jpg
491.jpg,banana,rotten,1,2,0.72,banana\Rotten\491.jpg
397.jpg,apple,rotten,0,2,0.79,apple\Rotten\397.jpg
201.jpg,apple,unripe,0,0,9.72,apple\Unripe\201.jpg
444.jpg,pineapple,rotten,5,2,0.39,pineapple\Rotten\444.jpg
508.jpg,mango,unripe,2,0,7.49,mango\Unripe\508.jpg
418.jpg,orange,unripe,3,0,7.79,orange\Unripe\418.jpg
255.jpg,banana,unripe,1,0,6.38,banana\Unripe\255.jpg
313.jpg,pineapple,unripe,5,0,6.36,pineapple\Unripe\313.jpg
201.jpg,apple,fresh,0,1,4.99,apple\Fresh\201.jpg
301.jpg,papaya,rotten,4,2,0.72,papaya\Rotten\301.jpg
3.jpg,pineapple,unripe,5,0,6.37,pineapple\Unripe\3.jpg
439.jpg,pineapple,unripe,5,0,6.35,pineapple\Unripe\439.jpg
306.jpg,orange,fresh,3,1,4.83,orange\Fresh\306.jpg
517.jpg,mango,unripe,2,0,7.4,mango\Unripe\517.jpg
344.jpg,mango,unripe,2,0,7.02,mango\Unripe\344.jpg
232.jpg,orange,rotten,3,2,0.07,orange\Rotten\232.jpg
415.jpg,orange,fresh,3,1,5.26,orange\Fresh\415.jpg
138.jpg,banana,unripe,1,0,5.62,banana\Unripe\138.jpg
122.jpg,apple,fresh,0,1,4.74,apple\Fresh\122.jpg
534.jpg,mango,fresh,2,1,3.07,mango\Fresh\534.jpg
14.jpg,papaya,unripe,4,0,4.64,papaya\Unripe\14.jpg
305.jpg,apple,rotten,0,2,0.18,apple\Rotten\305.jpg
245.jpg,banana,unripe,1,0,5.89,banana\Unripe\245.jpg
493.jpg,mango,fresh,2,1,3.1,mango\Fresh\493.jpg
121.jpg,pineapple,fresh,5,1,2.88,pineapple\Fresh\121.jpg
92.jpg,banana,unripe,1,0,6.06,banana\Unripe\92.jpg
165.jpg,apple,rotten,0,2,-1.89,apple\Rotten\165.jpg
60.jpg,apple,fresh,0,1,5.06,apple\Fresh\60.jpg
190.jpg,banana,fresh,1,1,3.21,banana\Fresh\190.jpg
645.jpg,pineapple,unripe,5,0,5.96,pineapple\Unripe\645.jpg
110.jpg,pineapple,rotten,5,2,-1.33,pineapple\Rotten\110.jpg
149.jpg,apple,rotten,0,2,-1.47,apple\Rotten\149.jpg
2.jpg,papaya,unripe,4,0,5.43,papaya\Unripe\2.jpg
446.jpg,mango,unripe,2,0,7.48,mango\Unripe\446.jpg
231.jpg,mango,unripe,2,0,7.21,mango\Unripe\231.jpg
339.jpg,orange,rotten,3,2,-2.15,orange\Rotten\339.jpg
618.jpg,banana,unripe,1,0,5.96,banana\Unripe\618.jpg
625.jpg,papaya,unripe,4,0,4.84,papaya\Unripe\625.jpg
229.jpg,papaya,rotten,4,2,0.6,papaya\Rotten\229.jpg
591.jpg,papaya,unripe,4,0,4.6,papaya\Unripe\591.jpg
294.jpg,pineapple,unripe,5,0,5.92,pineapple\Unripe\294.jpg
319.jpg,apple,rotten,0,2,0.42,apple\Rotten\319.jpg
249.jpg,orange,fresh,3,1,4.8,orange\Fresh\249.jpg
488.jpg,pineapple,unripe,5,0,6.39,pineapple\Unripe\488.jpg
630.jpg,banana,unripe,1,0,5.6,banana\Unripe\630.jpg
515.jpg,pineapple,rotten,5,2,0.8,pineapple\Rotten\515.jpg
504.jpg,papaya,rotten,4,2,0.09,papaya\Rotten\504.jpg
273.jpg,papaya,unripe,4,0,5.34,papaya\Unripe\273.jpg
507.jpg,mango,unripe,2,0,7.33,mango\Unripe\507.jpg
439.jpg,apple,fresh,0,1,5.17,apple\Fresh\439.jpg
530.jpg,pineapple,unripe,5,0,5.53,pineapple\Unripe\530.jpg
581.jpg,pineapple,unripe,5,0,6.38,pineapple\Unripe\581.jpg
443.jpg,banana,unripe,1,0,6.16,banana\Unripe\443.jpg
536.jpg,orange,unripe,3,0,8.01,orange\Unripe\536.jpg
76.jpg,pineapple,unripe,5,0,6.03,pineapple\Unripe\76.jpg
181.jpg,banana,unripe,1,0,6.14,banana\Unripe\181.jpg
591.jpg,apple,fresh,0,1,5.12,apple\Fresh\591.jpg
477.jpg,mango,unripe,2,0,6.75,mango\Unripe\477.jpg
279.jpg,mango,fresh,2,1,3.2,mango\Fresh\279.jpg
204.jpg,apple,unripe,0,0,10.15,apple\Unripe\204.jpg
434.jpg,papaya,fresh,4,1,2.12,papaya\Fresh\434.jpg
449.jpg,pineapple,unripe,5,0,5.96,pineapple\Unripe\449.jpg
116.jpg,mango,fresh,2,1,3.12,mango\Fresh\116.jpg
462.jpg,pineapple,rotten,5,2,0.74,pineapple\Rotten\462.jpg
314.jpg,banana,fresh,1,1,3.24,banana\Fresh\314.jpg
436.jpg,apple,rotten,0,2,-1.72,apple\Rotten\436.jpg
113.jpg,papaya,fresh,4,1,2.21,papaya\Fresh\113.jpg
16.jpg,apple,fresh,0,1,4.71,apple\Fresh\16.jpg
417.jpg,orange,rotten,3,2,-1.41,orange\Rotten\417.jpg
506.jpg,mango,rotten,2,2,0.61,mango\Rotten\506.jpg
377.jpg,mango,rotten,2,2,0.43,mango\Rotten\377.jpg
231.jpg,orange,unripe,3,0,8.29,orange\Unripe\231.jpg
239.jpg,orange,rotten,3,2,0.48,orange\Rotten\239.jpg
382.jpg,banana,fresh,1,1,3.19,banana\Fresh\382.jpg
359.jpg,pineapple,fresh,5,1,3.02,pineapple\Fresh\359.jpg
577.jpg,banana,unripe,1,0,5.76,banana\Unripe\577.jpg
562.jpg,orange,rotten,3,2,0.64,orange\Rotten\562.jpg
447.jpg,banana,unripe,1,0,5.81,banana\Unripe\447.jpg
334.jpg,papaya,fresh,4,1,2.05,papaya\Fresh\334.jpg
129.jpg,pineapple,unripe,5,0,6.47,pineapple\Unripe\129.jpg
599.jpg,apple,fresh,0,1,5.13,apple\Fresh\599.jpg
450.jpg,papaya,fresh,4,1,2.2,papaya\Fresh\450.jpg
661.jpg,apple,rotten,0,2,0.79,apple\Rotten\661.jpg
267.jpg,papaya,unripe,4,0,5.43,papaya\Unripe\267.jpg
141.jpg,orange,fresh,3,1,4.89,orange\Fresh\141.jpg
26.jpg,papaya,fresh,4,1,2.15,papaya\Fresh\26.jpg
220.jpg,pineapple,fresh,5,1,2.73,pineapple\Fresh\220.jpg
664.jpg,pineapple,unripe,5,0,6.33,pineapple\Unripe\664.jpg
233.jpg,mango,unripe,2,0,7.24,mango\Unripe\233.jpg
377.jpg,orange,unripe,3,0,8.35,orange\Unripe\377.jpg
241.jpg,pineapple,unripe,5,0,5.56,pineapple\Unripe\241.jpg
617.jpg,banana,unripe,1,0,6.46,banana\Unripe\617.jpg
380.jpg,mango,unripe,2,0,6.77,mango\Unripe\380.jpg
614.jpg,pineapple,rotten,5,2,0.25,pineapple\Rotten\614.jpg
50.jpg,orange,fresh,3,1,4.73,orange\Fresh\50.jpg
385.jpg,banana,unripe,1,0,5.72,banana\Unripe\385.jpg
597.jpg,pineapple,fresh,5,1,3.21,pineapple\Fresh\597.jpg
64.jpg,orange,fresh,3,1,4.76,orange\Fresh\64.jpg
165.jpg,orange,unripe,3,0,7.73,orange\Unripe\165.jpg
216.jpg,orange,fresh,3,1,5.02,orange\Fresh\216.jpg
441.jpg,papaya,rotten,4,2,0.42,papaya\Rotten\441.jpg
497.jpg,papaya,rotten,4,2,-1.07,papaya\Rotten\497.jpg
229.jpg,banana,rotten,1,2,0.21,banana\Rotten\229.jpg
594.jpg,mango,unripe,2,0,7.34,mango\Unripe\594.jpg
480.jpg,orange,unripe,3,0,7.95,orange\Unripe\480.jpg
519.jpg,orange,unripe,3,0,7.67,orange\Unripe\519.jpg
468.jpg,mango,fresh,2,1,3.09,mango\Fresh\468.jpg
321.jpg,mango,rotten,2,2,0.58,mango\Rotten\321.jpg
65.jpg,mango,fresh,2,1,2.88,mango\Fresh\65.jpg
469.jpg,banana,fresh,1,1,2.86,banana\Fresh\469.jpg
315.jpg,mango,rotten,2,2,0.02,mango\Rotten\315.jpg
419.jpg,papaya,rotten,4,2,0.06,papaya\Rotten\419.jpg
398.jpg,banana,fresh,1,1,3.01,banana\Fresh\398.jpg
469.jpg,pineapple,rotten,5,2,0.07,pineapple\Rotten\469.jpg
366.jpg,banana,rotten,1,2,-1.05,banana\Rotten\366.jpg
625.jpg,papaya,rotten,4,2,0.12,papaya\Rotten\625.jpg
82.jpg,mango,fresh,2,1,2.78,mango\Fresh\82.jpg
423.jpg,orange,rotten,3,2,0.02,orange\Rotten\423.jpg
154.jpg,pineapple,unripe,5,0,6.35,pineapple\Unripe\154.jpg
308.jpg,papaya,unripe,4,0,5.1,papaya\Unripe\308.jpg
325.jpg,pineapple,rotten,5,2,0.34,pineapple\Rotten\325.jpg
202.jpg,mango,fresh,2,1,3.05,mango\Fresh\202.jpg
476.jpg,orange,fresh,3,1,4.92,orange\Fresh\476.jpg
25.jpg,banana,fresh,1,1,2.73,banana\Fresh\25.jpg
127.jpg,banana,rotten,1,2,0.35,banana\Rotten\127.jpg
254.jpg,apple,unripe,0,0,10.1,apple\Unripe\254.jpg
186.jpg,apple,rotten,0,2,0.17,apple\Rotten\186.jpg
599.jpg,banana,unripe,1,0,5.64,banana\Unripe\599.jpg
96.jpg,orange,fresh,3,1,4.85,orange\Fresh\96.jpg
568.jpg,banana,rotten,1,2,0.54,banana\Rotten\568.jpg
659.jpg,banana,rotten,1,2,0.69,banana\Rotten\659.jpg
387.jpg,pineapple,fresh,5,1,2.74,pineapple\Fresh\387.jpg
668.jpg,papaya,rotten,4,2,0.16,papaya\Rotten\668.jpg
36.jpg,papaya,rotten,4,2,0.23,papaya\Rotten\36.jpg
29.jpg,pineapple,unripe,5,0,6.42,pineapple\Unripe\29.jpg
152.jpg,orange,fresh,3,1,4.92,orange\Fresh\152.jpg
338.jpg,banana,fresh,1,1,3.2,banana\Fresh\338.jpg
651.jpg,apple,rotten,0,2,0.34,apple\Rotten\651.jpg
492.jpg,orange,fresh,3,1,4.71,orange\Fresh\492.jpg
489.jpg,papaya,unripe,4,0,4.81,papaya\Unripe\489.jpg
436.jpg,papaya,fresh,4,1,2.22,papaya\Fresh\436.jpg
109.jpg,apple,fresh,0,1,5.16,apple\Fresh\109.jpg
598.jpg,banana,rotten,1,2,0.37,banana\Rotten\598.jpg
536.jpg,pineapple,fresh,5,1,3.03,pineapple\Fresh\536.jpg
522.jpg,orange,rotten,3,2,0.08,orange\Rotten\522.jpg
103.jpg,banana,rotten,1,2,0.5,banana\Rotten\103.jpg
398.jpg,papaya,fresh,4,1,2.17,papaya\Fresh\398.jpg
693.jpg,orange,rotten,3,2,0.49,orange\Rotten\693.jpg
19.jpg,banana,rotten,1,2,-1.36,banana\Rotten\19.jpg
330.jpg,apple,fresh,0,1,4.71,apple\Fresh\330.jpg
462.jpg,banana,fresh,1,1,2.79,banana\Fresh\462.jpg
74.jpg,pineapple,rotten,5,2,-2.24,pineapple\Rotten\74.jpg
575.jpg,banana,rotten,1,2,0.36,banana\Rotten\575.jpg
74.jpg,apple,rotten,0,2,0.66,apple\Rotten\74.jpg
402.jpg,pineapple,unripe,5,0,6.4,pineapple\Unripe\402.jpg
48.jpg,apple,rotten,0,2,0.11,apple\Rotten\48.jpg
276.jpg,mango,unripe,2,0,6.6,mango\Unripe\276.jpg
27.jpg,banana,fresh,1,1,3.22,banana\Fresh\27.jpg
601.jpg,orange,rotten,3,2,0.58,orange\Rotten\601.jpg
83.jpg,apple,rotten,0,2,0.74,apple\Rotten\83.jpg
590.jpg,banana,unripe,1,0,5.56,banana\Unripe\590.jpg
549.jpg,pineapple,fresh,5,1,3.19,pineapple\Fresh\549.jpg
166.jpg,papaya,rotten,4,2,-1.78,papaya\Rotten\166.jpg
333.jpg,papaya,rotten,4,2,0.4,papaya\Rotten\333.jpg
160.jpg,papaya,fresh,4,1,1.75,papaya\Fresh\160.jpg
573.jpg,pineapple,rotten,5,2,0.42,pineapple\Rotten\573.jpg
285.jpg,banana,fresh,1,1,3.17,banana\Fresh\285.jpg
148.jpg,mango,unripe,2,0,7.28,mango\Unripe\148.jpg
530.jpg,banana,rotten,1,2,-2.46,banana\Rotten\530.jpg
636.jpg,orange,rotten,3,2,0.07,orange\Rotten\636.jpg
367.jpg,apple,fresh,0,1,4.88,apple\Fresh\367.jpg
56.jpg,pineapple,fresh,5,1,2.9,pineapple\Fresh\56.jpg
224.jpg,pineapple,unripe,5,0,6.05,pineapple\Unripe\224.jpg
605.jpg,pineapple,unripe,5,0,5.98,pineapple\Unripe\605.jpg
422.jpg,pineapple,fresh,5,1,2.74,pineapple\Fresh\422.jpg
38.jpg,orange,unripe,3,0,7.82,orange\Unripe\38.jpg
333.jpg,apple,rotten,0,2,-2.48,apple\Rotten\333.jpg
227.jpg,banana,unripe,1,0,5.7,banana\Unripe\227.jpg
125.jpg,apple,unripe,0,0,10.2,apple\Unripe\125.jpg
115.jpg,papaya,fresh,4,1,2.01,papaya\Fresh\115.jpg
153.jpg,pineapple,fresh,5,1,2.94,pineapple\Fresh\153.jpg
313.jpg,banana,rotten,1,2,0.37,banana\Rotten\313.jpg
14.jpg,mango,unripe,2,0,7.27,mango\Unripe\14.jpg
133.jpg,apple,fresh,0,1,5.27,apple\Fresh\133.jpg
91.jpg,orange,fresh,3,1,4.95,orange\Fresh\91.jpg
606.jpg,papaya,rotten,4,2,-1.76,papaya\Rotten\606.jpg
304.jpg,apple,rotten,0,2,0.34,apple\Rotten\304.jpg
21.jpg,mango,unripe,2,0,6.64,mango\Unripe\21.jpg
44.jpg,apple,fresh,0,1,4.87,apple\Fresh\44.jpg
91.jpg,mango,fresh,2,1,3.0,mango\Fresh\91.jpg
429.jpg,orange,fresh,3,1,5.07,orange\Fresh\429.jpg
565.jpg,orange,rotten,3,2,0.51,orange\Rotten\565.jpg
164.jpg,papaya,rotten,4,2,0.43,papaya\Rotten\164.jpg
203.jpg,apple,rotten,0,2,0.29,apple\Rotten\203.jpg
418.jpg,apple,rotten,0,2,-2.1,apple\Rotten\418.jpg
242.jpg,banana,rotten,1,2,0.35,banana\Rotten\242.jpg
519.jpg,apple,rotten,0,2,0.05,apple\Rotten\519.jpg
593.jpg,papaya,rotten,4,2,-1.95,papaya\Rotten\593.jpg
153.jpg,apple,fresh,0,1,5.09,apple\Fresh\153.jpg
187.jpg,orange,fresh,3,1,4.93,orange\Fresh\187.jpg
437.jpg,papaya,rotten,4,2,0.32,papaya\Rotten\437.jpg
409.jpg,mango,unripe,2,0,7.44,mango\Unripe\409.jpg
170.jpg,papaya,fresh,4,1,2.04,papaya\Fresh\170.jpg
203.jpg,apple,fresh,0,1,5.19,apple\Fresh\203.jpg
499.jpg,orange,unripe,3,0,7.5,orange\Unripe\499.jpg
194.jpg,banana,unripe,1,0,5.67,banana\Unripe\194.jpg
10.jpg,banana,rotten,1,2,0.39,banana\Rotten\10.jpg
98.jpg,pineapple,fresh,5,1,2.99,pineapple\Fresh\98.jpg
274.jpg,papaya,rotten,4,2,0.5,papaya\Rotten\274.jpg
327.jpg,apple,fresh,0,1,4.73,apple\Fresh\327.jpg
89.jpg,mango,unripe,2,0,6.99,mango\Unripe\89.jpg
199.jpg,banana,fresh,1,1,2.86,banana\Fresh\199.jpg
47.jpg,orange,fresh,3,1,5.24,orange\Fresh\47.jpg
667.jpg,mango,rotten,2,2,0.07,mango\Rotten\667.jpg
312.jpg,apple,rotten,0,2,0.03,apple\Rotten\312.jpg
160.jpg,orange,rotten,3,2,-2.17,orange\Rotten\160.jpg
156.jpg,orange,fresh,3,1,4.91,orange\Fresh\156.jpg
185.jpg,banana,rotten,1,2,0.44,banana\Rotten\185.jpg
65.jpg,orange,fresh,3,1,5.16,orange\Fresh\65.jpg
600.jpg,apple,fresh,0,1,5.13,apple\Fresh\600.jpg
151.jpg,pineapple,fresh,5,1,3.21,pineapple\Fresh\151.jpg
574.jpg,mango,fresh,2,1,3.03,mango\Fresh\574.jpg
196.jpg,banana,unripe,1,0,5.94,banana\Unripe\196.jpg
100.jpg,orange,unripe,3,0,7.6,orange\Unripe\100.jpg
346.jpg,papaya,fresh,4,1,2.28,papaya\Fresh\346.jpg
545.jpg,banana,rotten,1,2,-2.15,banana\Rotten\545.jpg
238.jpg,orange,rotten,3,2,0.7,orange\Rotten\238.jpg
321.jpg,mango,unripe,2,0,7.42,mango\Unripe\321.jpg
242.jpg,mango,unripe,2,0,7.47,mango\Unripe\242.jpg
298.jpg,papaya,rotten,4,2,-1.84,papaya\Rotten\298.jpg
237.jpg,orange,rotten,3,2,0.01,orange\Rotten\237.jpg
8.jpg,banana,fresh,1,1,3.19,banana\Fresh\8.jpg
534.jpg,mango,unripe,2,0,7.36,mango\Unripe\534.jpg
331.jpg,pineapple,fresh,5,1,3.2,pineapple\Fresh\331.jpg
412.jpg,orange,fresh,3,1,5.11,orange\Fresh\412.jpg
82.jpg,apple,rotten,0,2,0.18,apple\Rotten\82.jpg
18.jpg,orange,rotten,3,2,0.16,orange\Rotten\18.jpg
20.jpg,papaya,unripe,4,0,4.99,papaya\Unripe\20.jpg
479.jpg,orange,unripe,3,0,8.29,orange\Unripe\479.jpg
114.jpg,pineapple,unripe,5,0,6.02,pineapple\Unripe\114.jpg
373.jpg,banana,fresh,1,1,3.14,banana\Fresh\373.jpg
353.jpg,banana,rotten,1,2,0.7,banana\Rotten\353.jpg
404.jpg,banana,fresh,1,1,2.91,banana\Fresh\404.jpg
161.jpg,pineapple,fresh,5,1,2.76,pineapple\Fresh\161.jpg
97.jpg,mango,unripe,2,0,6.57,mango\Unripe\97.jpg
564.jpg,papaya,fresh,4,1,2.3,papaya\Fresh\564.jpg
108.jpg,apple,unripe,0,0,9.79,apple\Unripe\108.jpg
271.jpg,banana,rotten,1,2,0.58,banana\Rotten\271.jpg
58.jpg,apple,rotten,0,2,0.24,apple\Rotten\58.jpg
99.jpg,pineapple,unripe,5,0,5.64,pineapple\Unripe\99.jpg
282.jpg,apple,rotten,0,2,0.76,apple\Rotten\282.jpg
457.jpg,pineapple,rotten,5,2,-1.98,pineapple\Rotten\457.jpg
17.jpg,apple,rotten,0,2,0.77,apple\Rotten\17.jpg
314.jpg,apple,fresh,0,1,5.11,apple\Fresh\314.jpg
10.jpg,pineapple,unripe,5,0,6.27,pineapple\Unripe\10.jpg
405.jpg,papaya,fresh,4,1,1.91,papaya\Fresh\405.jpg
659.jpg,papaya,rotten,4,2,-1.56,papaya\Rotten\659.jpg
396.jpg,papaya,fresh,4,1,1.82,papaya\Fresh\396.jpg
563.jpg,apple,rotten,0,2,0.62,apple\Rotten\563.jpg
111.jpg,banana,unripe,1,0,5.67,banana\Unripe\111.jpg
128.jpg,banana,unripe,1,0,5.56,banana\Unripe\128.jpg
49.jpg,mango,rotten,2,2,0.55,mango\Rotten\49.jpg
592.jpg,mango,rotten,2,2,0.36,mango\Rotten\592.jpg
272.jpg,banana,rotten,1,2,0.56,banana\Rotten\272.jpg
162.jpg,pineapple,rotten,5,2,0.44,pineapple\Rotten\162.jpg
200.jpg,orange,rotten,3,2,0.2,orange\Rotten\200.jpg
119.jpg,papaya,rotten,4,2,-1.87,papaya\Rotten\119.jpg
345.jpg,mango,rotten,2,2,-2.2,mango\Rotten\345.jpg
51.jpg,banana,rotten,1,2,0.06,banana\Rotten\51.jpg
460.jpg,pineapple,rotten,5,2,0.01,pineapple\Rotten\460.jpg
142.jpg,mango,unripe,2,0,7.39,mango\Unripe\142.jpg
217.jpg,apple,unripe,0,0,10.36,apple\Unripe\217.jpg
582.jpg,orange,fresh,3,1,5.27,orange\Fresh\582.jpg
207.jpg,orange,fresh,3,1,5.25,orange\Fresh\207.jpg
407.jpg,orange,unripe,3,0,8.05,orange\Unripe\407.jpg
297.jpg,pineapple,rotten,5,2,0.14,pineapple\Rotten\297.jpg
107.jpg,pineapple,rotten,5,2,0.15,pineapple\Rotten\107.jpg
273.jpg,orange,fresh,3,1,4.76,orange\Fresh\273.jpg
498.jpg,banana,unripe,1,0,5.77,banana\Unripe\498.jpg
351.jpg,orange,rotten,3,2,0.3,orange\Rotten\351.jpg
183.jpg,pineapple,rotten,5,2,0.32,pineapple\Rotten\183.jpg
468.jpg,banana,unripe,1,0,6.37,banana\Unripe\468.jpg
690.jpg,papaya,rotten,4,2,-1.46,papaya\Rotten\690.jpg
557.jpg,banana,rotten,1,2,0.69,banana\Rotten\557.jpg
454.jpg,apple,rotten,0,2,0.22,apple\Rotten\454.jpg
193.jpg,banana,unripe,1,0,5.95,banana\Unripe\193.jpg
292.jpg,orange,fresh,3,1,5.24,orange\Fresh\292.jpg
182.jpg,banana,unripe,1,0,6.25,banana\Unripe\182.jpg
143.jpg,banana,fresh,1,1,2.85,banana\Fresh\143.jpg
430.jpg,pineapple,unripe,5,0,6.11,pineapple\Unripe\430.jpg
592.jpg,orange,rotten,3,2,0.26,orange\Rotten\592.jpg
244.jpg,orange,fresh,3,1,4.87,orange\Fresh\244.jpg
280.jpg,apple,unripe,0,0,10.49,apple\Unripe\280.jpg
423.jpg,papaya,fresh,4,1,2.12,papaya\Fresh\423.jpg
409.jpg,banana,fresh,1,1,2.86,banana\Fresh\409.jpg
366.jpg,pineapple,rotten,5,2,0.76,pineapple\Rotten\366.jpg
499.jpg,mango,fresh,2,1,2.89,mango\Fresh\499.jpg
580.jpg,orange,unripe,3,0,7.63,orange\Unripe\580.jpg
107.jpg,orange,fresh,3,1,4.99,orange\Fresh\107.jpg
205.jpg,orange,rotten,3,2,0.17,orange\Rotten\205.jpg
627.jpg,mango,unripe,2,0,7.41,mango\Unripe\627.jpg
16.jpg,orange,rotten,3,2,0.65,orange\Rotten\16.jpg
421.jpg,papaya,unripe,4,0,4.88,papaya\Unripe\421.jpg
289.jpg,papaya,fresh,4,1,1.85,papaya\Fresh\289.jpg
421.jpg,mango,unripe,2,0,6.63,mango\Unripe\421.jpg
110.jpg,orange,unripe,3,0,7.69,orange\Unripe\110.jpg
103.jpg,papaya,unripe,4,0,5.49,papaya\Unripe\103.jpg
557.jpg,orange,unripe,3,0,7.69,orange\Unripe\557.jpg
109.jpg,orange,fresh,3,1,4.92,orange\Fresh\109.jpg
630.jpg,papaya,unripe,4,0,4.74,papaya\Unripe\630.jpg
102.jpg,papaya,unripe,4,0,4.7,papaya\Unripe\102.jpg
442.jpg,papaya,rotten,4,2,0.56,papaya\Rotten\442.jpg
666.jpg,mango,rotten,2,2,0.55,mango\Rotten\666.jpg
604.jpg,banana,fresh,1,1,2.75,banana\Fresh\604.jpg
288.jpg,apple,rotten,0,2,0.8,apple\Rotten\288.jpg
528.jpg,mango,rotten,2,2,0.67,mango\Rotten\528.jpg
158.jpg,pineapple,fresh,5,1,2.78,pineapple\Fresh\158.jpg
376.jpg,banana,fresh,1,1,2.74,banana\Fresh\376.jpg
498.jpg,papaya,rotten,4,2,0.2,papaya\Rotten\498.jpg
239.jpg,orange,fresh,3,1,4.89,orange\Fresh\239.jpg
344.jpg,pineapple,fresh,5,1,3.11,pineapple\Fresh\344.jpg
484.jpg,orange,unripe,3,0,7.61,orange\Unripe\484.jpg
10.jpg,mango,rotten,2,2,0.17,mango\Rotten\10.jpg
369.jpg,papaya,fresh,4,1,2.26,papaya\Fresh\369.jpg
564.jpg,orange,rotten,3,2,0.34,orange\Rotten\564.jpg
477.jpg,papaya,fresh,4,1,2.13,papaya\Fresh\477.jpg
424.jpg,papaya,rotten,4,2,0.02,papaya\Rotten\424.jpg
309.jpg,papaya,unripe,4,0,5.1,papaya\Unripe\309.jpg
322.jpg,papaya,fresh,4,1,2.26,papaya\Fresh\322.jpg
556.jpg,apple,fresh,0,1,4.91,apple\Fresh\556.jpg
109.jpg,mango,fresh,2,1,2.81,mango\Fresh\109.jpg
59.jpg,orange,fresh,3,1,4.96,orange\Fresh\59.jpg
115.jpg,pineapple,fresh,5,1,2.77,pineapple\Fresh\115.jpg
105.jpg,orange,rotten,3,2,0.11,orange\Rotten\105.jpg
392.jpg,banana,rotten,1,2,0.53,banana\Rotten\392.jpg
549.jpg,orange,unripe,3,0,7.9,orange\Unripe\549.jpg
376.jpg,apple,fresh,0,1,5.01,apple\Fresh\376.jpg
329.jpg,apple,fresh,0,1,5.27,apple\Fresh\329.jpg
545.jpg,orange,fresh,3,1,4.86,orange\Fresh\545.jpg
307.jpg,mango,fresh,2,1,2.71,mango\Fresh\307.jpg
523.jpg,apple,unripe,0,0,10.2,apple\Unripe\523.jpg
569.jpg,pineapple,unripe,5,0,5.57,pineapple\Unripe\569.jpg
436.jpg,orange,rotten,3,2,0.73,orange\Rotten\436.jpg
554.jpg,pineapple,rotten,5,2,0.02,pineapple\Rotten\554.jpg
278.jpg,mango,fresh,2,1,2.82,mango\Fresh\278.jpg
425.jpg,apple,rotten,0,2,0.33,apple\Rotten\425.jpg
197.jpg,apple,unripe,0,0,10.14,apple\Unripe\197.jpg
179.jpg,mango,fresh,2,1,3.0,mango\Fresh\179.jpg
323.jpg,apple,rotten,0,2,0.77,apple\Rotten\323.jpg
390.jpg,papaya,unripe,4,0,5.32,papaya\Unripe\390.jpg
118.jpg,pineapple,rotten,5,2,-2.19,pineapple\Rotten\118.jpg
228.jpg,papaya,fresh,4,1,1.82,papaya\Fresh\228.jpg
303.jpg,pineapple,fresh,5,1,2.82,pineapple\Fresh\303.jpg
529.jpg,mango,unripe,2,0,7.47,mango\Unripe\529.jpg
474.jpg,papaya,fresh,4,1,1.87,papaya\Fresh\474.jpg
535.jpg,orange,rotten,3,2,0.06,orange\Rotten\535.jpg
316.jpg,banana,unripe,1,0,6.08,banana\Unripe\316.jpg
93.jpg,orange,unripe,3,0,8.45,orange\Unripe\93.jpg
66.jpg,pineapple,fresh,5,1,2.78,pineapple\Fresh\66.jpg
295.jpg,orange,rotten,3,2,-1.32,orange\Rotten\295.jpg
68.jpg,banana,unripe,1,0,6.31,banana\Unripe\68.jpg
112.jpg,papaya,rotten,4,2,0.17,papaya\Rotten\112.jpg
491.jpg,mango,fresh,2,1,3.05,mango\Fresh\491.jpg
514.jpg,banana,fresh,1,1,2.71,banana\Fresh\514.jpg
189.jpg,orange,unripe,3,0,8.09,orange\Unripe\189.jpg
144.jpg,pineapple,fresh,5,1,3.03,pineapple\Fresh\144.jpg
98.jpg,orange,rotten,3,2,0.26,orange\Rotten\98.jpg
653.jpg,banana,rotten,1,2,0.12,banana\Rotten\653.jpg
434.jpg,orange,fresh,3,1,5.22,orange\Fresh\434.jpg
481.jpg,banana,unripe,1,0,5.72,banana\Unripe\481.jpg
214.jpg,banana,fresh,1,1,3.06,banana\Fresh\214.jpg
77.jpg,mango,rotten,2,2,-1.06,mango\Rotten\77.jpg
30.jpg,apple,fresh,0,1,4.8,apple\Fresh\30.jpg
182.jpg,apple,fresh,0,1,5.06,apple\Fresh\182.jpg
568.jpg,pineapple,fresh,5,1,3.09,pineapple\Fresh\568.jpg
93.jpg,mango,unripe,2,0,6.55,mango\Unripe\93.jpg
432.jpg,papaya,fresh,4,1,2.12,papaya\Fresh\432.jpg
429.jpg,papaya,unripe,4,0,4.69,papaya\Unripe\429.jpg
541.jpg,banana,fresh,1,1,2.83,banana\Fresh\541.jpg
82.jpg,banana,fresh,1,1,3.04,banana\Fresh\82.jpg
31.jpg,papaya,rotten,4,2,0.49,papaya\Rotten\31.jpg
9.jpg,pineapple,unripe,5,0,5.64,pineapple\Unripe\9.jpg
12.jpg,pineapple,fresh,5,1,3.06,pineapple\Fresh\12.jpg
184.jpg,orange,fresh,3,1,5.14,orange\Fresh\184.jpg
135.jpg,apple,unripe,0,0,9.87,apple\Unripe\135.jpg
151.jpg,pineapple,rotten,5,2,0.29,pineapple\Rotten\151.jpg
173.jpg,papaya,unripe,4,0,4.64,papaya\Unripe\173.jpg
252.jpg,pineapple,fresh,5,1,3.13,pineapple\Fresh\252.jpg
1.jpg,banana,fresh,1,1,2.93,banana\Fresh\1.jpg
197.jpg,orange,fresh,3,1,4.71,orange\Fresh\197.jpg
252.jpg,pineapple,unripe,5,0,5.92,pineapple\Unripe\252.jpg
284.jpg,banana,unripe,1,0,5.6,banana\Unripe\284.jpg
467.jpg,apple,fresh,0,1,5.06,apple\Fresh\467.jpg
627.jpg,orange,rotten,3,2,-2.12,orange\Rotten\627.jpg
83.jpg,banana,fresh,1,1,3.28,banana\Fresh\83.jpg
276.jpg,apple,unripe,0,0,10.05,apple\Unripe\276.jpg
475.jpg,pineapple,rotten,5,2,0.04,pineapple\Rotten\475.jpg
318.jpg,apple,fresh,0,1,4.98,apple\Fresh\318.jpg
629.jpg,pineapple,rotten,5,2,0.06,pineapple\Rotten\629.jpg
619.jpg,papaya,rotten,4,2,-2.43,papaya\Rotten\619.jpg
205.jpg,orange,unripe,3,0,7.69,orange\Unripe\205.jpg
132.jpg,orange,rotten,3,2,0.18,orange\Rotten\132.jpg
194.jpg,apple,fresh,0,1,5.26,apple\Fresh\194.jpg
66.jpg,apple,fresh,0,1,5.01,apple\Fresh\66.jpg
416.jpg,mango,unripe,2,0,6.92,mango\Unripe\416.jpg
223.jpg,papaya,unripe,4,0,5.08,papaya\Unripe\223.jpg
243.jpg,papaya,unripe,4,0,4.84,papaya\Unripe\243.jpg
45.jpg,orange,fresh,3,1,4.8,orange\Fresh\45.jpg
367.jpg,banana,rotten,1,2,0.53,banana\Rotten\367.jpg
416.jpg,orange,rotten,3,2,0.18,orange\Rotten\416.jpg
433.jpg,pineapple,fresh,5,1,3.08,pineapple\Fresh\433.jpg
16.jpg,orange,fresh,3,1,4.81,orange\Fresh\16.jpg
474.jpg,orange,unripe,3,0,8.48,orange\Unripe\474.jpg
6.jpg,papaya,fresh,4,1,1.99,papaya\Fresh\6.jpg
470.jpg,apple,fresh,0,1,5.25,apple\Fresh\470.jpg
245.jpg,papaya,unripe,4,0,5.14,papaya\Unripe\245.jpg
653.jpg,papaya,rotten,4,2,0.68,papaya\Rotten\653.jpg
310.jpg,apple,rotten,0,2,0.15,apple\Rotten\310.jpg
511.jpg,papaya,fresh,4,1,2.1,papaya\Fresh\511.jpg
246.jpg,orange,rotten,3,2,0.53,orange\Rotten\246.jpg
166.jpg,papaya,unripe,4,0,5.05,papaya\Unripe\166.jpg
5.jpg,apple,fresh,0,1,4.85,apple\Fresh\5.jpg
292.jpg,banana,fresh,1,1,3.0,banana\Fresh\292.jpg
623.jpg,pineapple,rotten,5,2,-1.37,pineapple\Rotten\623.jpg
527.jpg,banana,rotten,1,2,0.78,banana\Rotten\527.jpg
26.jpg,pineapple,rotten,5,2,0.28,pineapple\Rotten\26.jpg
541.jpg,orange,fresh,3,1,4.74,orange\Fresh\541.jpg
175.jpg,orange,fresh,3,1,5.28,orange\Fresh\175.jpg
377.jpg,banana,rotten,1,2,0.5,banana\Rotten\377.jpg
179.jpg,apple,unripe,0,0,9.58,apple\Unripe\179.jpg
327.jpg,orange,fresh,3,1,4.96,orange\Fresh\327.jpg
480.jpg,banana,rotten,1,2,0.13,banana\Rotten\480.jpg
380.jpg,apple,unripe,0,0,9.71,apple\Unripe\380.jpg
303.jpg,orange,rotten,3,2,-2.02,orange\Rotten\303.jpg
161.jpg,mango,unripe,2,0,6.55,mango\Unripe\161.jpg
481.jpg,papaya,fresh,4,1,2.28,papaya\Fresh\481.jpg
235.jpg,orange,unripe,3,0,7.99,orange\Unripe\235.jpg
374.jpg,mango,fresh,2,1,3.26,mango\Fresh\374.jpg
24.jpg,banana,unripe,1,0,5.66,banana\Unripe\24.jpg
104.jpg,apple,unripe,0,0,10.28,apple\Unripe\104.jpg
463.jpg,papaya,unripe,4,0,5.13,papaya\Unripe\463.jpg
567.jpg,orange,rotten,3,2,0.44,orange\Rotten\567.jpg
76.jpg,papaya,rotten,4,2,0.03,papaya\Rotten\76.jpg
31.jpg,banana,fresh,1,1,3.03,banana\Fresh\31.jpg
186.jpg,pineapple,rotten,5,2,0.0,pineapple\Rotten\186.jpg
302.jpg,papaya,rotten,4,2,-2.02,papaya\Rotten\302.jpg
1.jpg,apple,rotten,0,2,0.36,apple\Rotten\1.jpg
153.jpg,orange,rotten,3,2,0.03,orange\Rotten\153.jpg
98.jpg,papaya,rotten,4,2,0.32,papaya\Rotten\98.jpg
370.jpg,apple,rotten,0,2,0.49,apple\Rotten\370.jpg
218.jpg,orange,fresh,3,1,4.79,orange\Fresh\218.jpg
504.jpg,mango,unripe,2,0,6.56,mango\Unripe\504.jpg
78.jpg,pineapple,unripe,5,0,6.46,pineapple\Unripe\78.jpg
174.jpg,apple,unripe,0,0,10.06,apple\Unripe\174.jpg
404.jpg,mango,unripe,2,0,6.79,mango\Unripe\404.jpg
235.jpg,papaya,unripe,4,0,5.05,papaya\Unripe\235.jpg
155.jpg,banana,unripe,1,0,6.1,banana\Unripe\155.jpg
387.jpg,orange,unripe,3,0,8.41,orange\Unripe\387.jpg
507.jpg,apple,fresh,0,1,5.2,apple\Fresh\507.jpg
42.jpg,papaya,fresh,4,1,2.17,papaya\Fresh\42.jpg
60.jpg,pineapple,rotten,5,2,0.47,pineapple\Rotten\60.jpg
519.jpg,banana,unripe,1,0,6.18,banana\Unripe\519.jpg
405.jpg,papaya,unripe,4,0,5.12,papaya\Unripe\405.jpg
118.jpg,papaya,unripe,4,0,5.23,papaya\Unripe\118.jpg
287.jpg,papaya,unripe,4,0,4.73,papaya\Unripe\287.jpg
309.jpg,apple,unripe,0,0,9.85,apple\Unripe\309.jpg
105.jpg,mango,unripe,2,0,6.93,mango\Unripe\105.jpg
315.jpg,mango,unripe,2,0,7.16,mango\Unripe\315.jpg
488.jpg,banana,fresh,1,1,3.3,banana\Fresh\488.jpg
402.jpg,papaya,fresh,4,1,1.99,papaya\Fresh\402.jpg
318.jpg,pineapple,unripe,5,0,5.78,pineapple\Unripe\318.jpg
7.jpg,mango,fresh,2,1,3.13,mango\Fresh\7.jpg
349.jpg,papaya,fresh,4,1,1.78,papaya\Fresh\349.jpg
420.jpg,mango,fresh,2,1,2.87,mango\Fresh\420.jpg
137.jpg,orange,fresh,3,1,4.71,orange\Fresh\137.jpg
324.jpg,mango,rotten,2,2,-2.47,mango\Rotten\324.jpg
202.jpg,papaya,rotten,4,2,0.21,papaya\Rotten\202.jpg
406.jpg,papaya,rotten,4,2,-1.06,papaya\Rotten\406.jpg
237.jpg,banana,rotten,1,2,0.18,banana\Rotten\237.jpg
321.jpg,orange,fresh,3,1,5.22,orange\Fresh\321.jpg
86.jpg,apple,rotten,0,2,0.47,apple\Rotten\86.jpg
344.jpg,papaya,fresh,4,1,2.22,papaya\Fresh\344.jpg
41.jpg,pineapple,rotten,5,2,0.55,pineapple\Rotten\41.jpg
236.jpg,papaya,unripe,4,0,4.73,papaya\Unripe\236.jpg
358.jpg,mango,fresh,2,1,2.93,mango\Fresh\358.jpg
183.jpg,pineapple,fresh,5,1,3.21,pineapple\Fresh\183.jpg
277.jpg,papaya,fresh,4,1,1.73,papaya\Fresh\277.jpg
255.jpg,apple,rotten,0,2,0.39,apple\Rotten\255.jpg
316.jpg,apple,rotten,0,2,-1.54,apple\Rotten\316.jpg
287.jpg,mango,rotten,2,2,0.69,mango\Rotten\287.jpg
88.jpg,apple,fresh,0,1,5.05,apple\Fresh\88.jpg
350.jpg,mango,fresh,2,1,2.87,mango\Fresh\350.jpg
511.jpg,apple,rotten,0,2,0.19,apple\Rotten\511.jpg
346.jpg,orange,fresh,3,1,4.97,orange\Fresh\346.jpg
345.jpg,banana,rotten,1,2,0.71,banana\Rotten\345.jpg
230.jpg,apple,unripe,0,0,10.43,apple\Unripe\230.jpg
114.jpg,orange,fresh,3,1,4.84,orange\Fresh\114.jpg
89.jpg,pineapple,rotten,5,2,0.57,pineapple\Rotten\89.jpg
311.jpg,papaya,rotten,4,2,-1.88,papaya\Rotten\311.jpg
422.jpg,pineapple,rotten,5,2,0.56,pineapple\Rotten\422.jpg
473.jpg,banana,rotten,1,2,-1.37,banana\Rotten\473.jpg
16.jpg,banana,fresh,1,1,3.09,banana\Fresh\16.jpg
563.jpg,apple,unripe,0,0,9.65,apple\Unripe\563.jpg
143.jpg,papaya,unripe,4,0,5.31,papaya\Unripe\143.jpg
453.jpg,pineapple,fresh,5,1,2.88,pineapple\Fresh\453.jpg
303.jpg,papaya,fresh,4,1,1.96,papaya\Fresh\303.jpg
659.jpg,mango,rotten,2,2,0.32,mango\Rotten\659.jpg
434.jpg,pineapple,fresh,5,1,2.72,pineapple\Fresh\434.jpg
385.jpg,banana,fresh,1,1,3.24,banana\Fresh\385.jpg
602.jpg,papaya,fresh,4,1,2.21,papaya\Fresh\602.jpg
81.jpg,orange,fresh,3,1,5.15,orange\Fresh\81.jpg
449.jpg,banana,rotten,1,2,0.41,banana\Rotten\449.jpg
511.jpg,papaya,unripe,4,0,4.69,papaya\Unripe\511.jpg
493.jpg,papaya,rotten,4,2,0.24,papaya\Rotten\493.jpg
95.jpg,apple,rotten,0,2,0.56,apple\Rotten\95.jpg
292.jpg,apple,rotten,0,2,0.7,apple\Rotten\292.jpg
538.jpg,orange,rotten,3,2,0.59,orange\Rotten\538.jpg
93.jpg,banana,unripe,1,0,5.76,banana\Unripe\93.jpg
373.jpg,mango,fresh,2,1,3.13,mango\Fresh\373.jpg
431.jpg,banana,unripe,1,0,5.82,banana\Unripe\431.jpg
623.jpg,papaya,fresh,4,1,2.24,papaya\Fresh\623.jpg
490.jpg,papaya,fresh,4,1,1.78,papaya\Fresh\490.jpg
58.jpg,papaya,fresh,4,1,1.85,papaya\Fresh\58.jpg
636.jpg,orange,fresh,3,1,4.85,orange\Fresh\636.jpg
45.jpg,orange,unripe,3,0,7.73,orange\Unripe\45.jpg
266.jpg,pineapple,rotten,5,2,0.55,pineapple\Rotten\266.jpg
25.jpg,papaya,unripe,4,0,4.65,papaya\Unripe\25.jpg
354.jpg,apple,fresh,0,1,5.26,apple\Fresh\354.jpg
645.jpg,pineapple,rotten,5,2,-2.11,pineapple\Rotten\645.jpg
73.jpg,apple,unripe,0,0,9.8,apple\Unripe\73.jpg
610.jpg,pineapple,fresh,5,1,3.13,pineapple\Fresh\610.jpg
533.jpg,orange,rotten,3,2,0.73,orange\Rotten\533.jpg
141.jpg,papaya,fresh,4,1,2.09,papaya\Fresh\141.jpg
647.jpg,mango,rotten,2,2,-2.47,mango\Rotten\647.jpg
620.jpg,apple,rotten,0,2,0.49,apple\Rotten\620.jpg
304.jpg,papaya,unripe,4,0,5.47,papaya\Unripe\304.jpg
190.jpg,orange,fresh,3,1,5.21,orange\Fresh\190.jpg
293.jpg,banana,unripe,1,0,5.81,banana\Unripe\293.jpg
597.jpg,mango,unripe,2,0,7.09,mango\Unripe\597.jpg
197.jpg,banana,rotten,1,2,0.37,banana\Rotten\197.jpg
171.jpg,apple,fresh,0,1,4.87,apple\Fresh\171.jpg
206.jpg,orange,rotten,3,2,-2.26,orange\Rotten\206.jpg
652.jpg,orange,rotten,3,2,0.07,orange\Rotten\652.jpg
147.jpg,pineapple,unripe,5,0,5.55,pineapple\Unripe\147.jpg
168.jpg,mango,fresh,2,1,3.21,mango\Fresh\168.jpg
455.jpg,papaya,rotten,4,2,-1.99,papaya\Rotten\455.jpg
10.jpg,mango,unripe,2,0,7.46,mango\Unripe\10.jpg
292.jpg,mango,fresh,2,1,3.14,mango\Fresh\292.jpg
570.jpg,pineapple,unripe,5,0,5.75,pineapple\Unripe\570.jpg
37.jpg,papaya,unripe,4,0,5.47,papaya\Unripe\37.jpg
306.jpg,mango,rotten,2,2,-1.24,mango\Rotten\306.jpg
655.jpg,banana,rotten,1,2,0.26,banana\Rotten\655.jpg
221.jpg,orange,rotten,3,2,0.3,orange\Rotten\221.jpg
518.jpg,orange,fresh,3,1,5.03,orange\Fresh\518.jpg
443.jpg,papaya,fresh,4,1,2.22,papaya\Fresh\443.jpg
507.jpg,mango,fresh,2,1,2.95,mango\Fresh\507.jpg
319.jpg,banana,unripe,1,0,6.09,banana\Unripe\319.jpg
493.jpg,papaya,unripe,4,0,5.32,papaya\Unripe\493.jpg
636.jpg,apple,rotten,0,2,0.05,apple\Rotten\636.jpg
255.jpg,papaya,rotten,4,2,0.29,papaya\Rotten\255.jpg
593.jpg,pineapple,unripe,5,0,6.47,pineapple\Unripe\593.jpg
210.jpg,orange,rotten,3,2,0.45,orange\Rotten\210.jpg
324.jpg,orange,fresh,3,1,5.16,orange\Fresh\324.jpg
302.jpg,banana,rotten,1,2,0.47,banana\Rotten\302.jpg
541.jpg,mango,fresh,2,1,2.84,mango\Fresh\541.jpg
417.jpg,apple,rotten,0,2,-1.3,apple\Rotten\417.jpg
54.jpg,orange,unripe,3,0,8.13,orange\Unripe\54.jpg
123.jpg,pineapple,unripe,5,0,5.91,pineapple\Unripe\123.jpg
100.jpg,papaya,unripe,4,0,5.15,papaya\Unripe\100.jpg
102.jpg,banana,rotten,1,2,-1.27,banana\Rotten\102.jpg
155.jpg,banana,fresh,1,1,2.93,banana\Fresh\155.jpg
402.jpg,apple,unripe,0,0,9.7,apple\Unripe\402.jpg
65.jpg,apple,fresh,0,1,4.94,apple\Fresh\65.jpg
488.jpg,apple,rotten,0,2,0.74,apple\Rotten\488.jpg
568.jpg,apple,rotten,0,2,0.22,apple\Rotten\568.jpg
549.jpg,banana,rotten,1,2,-1.14,banana\Rotten\549.jpg
286.jpg,orange,fresh,3,1,5.25,orange\Fresh\286.jpg
276.jpg,papaya,unripe,4,0,5.28,papaya\Unripe\276.jpg
591.jpg,banana,fresh,1,1,3.09,banana\Fresh\591.jpg
384.jpg,orange,rotten,3,2,0.17,orange\Rotten\384.jpg
176.jpg,banana,unripe,1,0,6.15,banana\Unripe\176.jpg
53.jpg,papaya,fresh,4,1,1.83,papaya\Fresh\53.jpg
386.jpg,orange,unripe,3,0,7.79,orange\Unripe\386.jpg
589.jpg,orange,unripe,3,0,8.06,orange\Unripe\589.jpg
40.jpg,mango,fresh,2,1,2.72,mango\Fresh\40.jpg
73.jpg,banana,unripe,1,0,5.87,banana\Unripe\73.jpg
387.jpg,banana,fresh,1,1,2.85,banana\Fresh\387.jpg
346.jpg,papaya,unripe,4,0,4.65,papaya\Unripe\346.jpg
145.jpg,orange,unripe,3,0,8.3,orange\Unripe\145.jpg
309.jpg,mango,fresh,2,1,3.25,mango\Fresh\309.jpg
38.jpg,papaya,fresh,4,1,2.07,papaya\Fresh\38.jpg
353.jpg,apple,fresh,0,1,5.23,apple\Fresh\353.jpg
662.jpg,papaya,unripe,4,0,4.53,papaya\Unripe\662.jpg
189.jpg,banana,unripe,1,0,6.47,banana\Unripe\189.jpg
348.jpg,mango,unripe,2,0,7.28,mango\Unripe\348.jpg
142.jpg,apple,rotten,0,2,0.37,apple\Rotten\142.jpg
28.jpg,orange,rotten,3,2,0.07,orange\Rotten\28.jpg
436.jpg,pineapple,fresh,5,1,2.81,pineapple\Fresh\436.jpg
17.jpg,mango,unripe,2,0,6.96,mango\Unripe\17.jpg
428.jpg,apple,unripe,0,0,9.92,apple\Unripe\428.jpg
220.jpg,pineapple,unripe,5,0,5.9,pineapple\Unripe\220.jpg
137.jpg,orange,rotten,3,2,0.18,orange\Rotten\137.jpg
256.jpg,pineapple,rotten,5,2,0.16,pineapple\Rotten\256.jpg
550.jpg,apple,unripe,0,0,10.13,apple\Unripe\550.jpg
248.jpg,pineapple,fresh,5,1,3.2,pineapple\Fresh\248.jpg
340.jpg,mango,unripe,2,0,6.62,mango\Unripe\340.jpg
197.jpg,pineapple,unripe,5,0,5.88,pineapple\Unripe\197.jpg
599.jpg,orange,fresh,3,1,5.29,orange\Fresh\599.jpg
359.jpg,apple,fresh,0,1,5.3,apple\Fresh\359.jpg
242.jpg,apple,unripe,0,0,10.21,apple\Unripe\242.jpg
401.jpg,mango,unripe,2,0,7.08,mango\Unripe\401.jpg
263.jpg,orange,rotten,3,2,0.1,orange\Rotten\263.jpg
577.jpg,orange,rotten,3,2,0.62,orange\Rotten\577.jpg
190.jpg,papaya,unripe,4,0,5.4,papaya\Unripe\190.jpg
568.jpg,papaya,unripe,4,0,5.02,papaya\Unripe\568.jpg
379.jpg,pineapple,fresh,5,1,2.77,pineapple\Fresh\379.jpg
33.jpg,apple,unripe,0,0,9.72,apple\Unripe\33.jpg
68.jpg,orange,fresh,3,1,5.29,orange\Fresh\68.jpg
96.jpg,orange,rotten,3,2,0.1,orange\Rotten\96.jpg
156.jpg,apple,fresh,0,1,4.95,apple\Fresh\156.jpg
25.jpg,orange,unripe,3,0,7.98,orange\Unripe\25.jpg
0.jpg,pineapple,rotten,5,2,0.23,pineapple\Rotten\0.jpg
262.jpg,apple,rotten,0,2,0.4,apple\Rotten\262.jpg
251.jpg,orange,unripe,3,0,7.61,orange\Unripe\251.jpg
343.jpg,papaya,fresh,4,1,1.77,papaya\Fresh\343.jpg
543.jpg,orange,unripe,3,0,8.18,orange\Unripe\543.jpg
528.jpg,apple,unripe,0,0,9.86,apple\Unripe\528.jpg
52.jpg,orange,fresh,3,1,5.16,orange\Fresh\52.jpg
447.jpg,papaya,rotten,4,2,0.51,papaya\Rotten\447.jpg
41.jpg,mango,unripe,2,0,7.17,mango\Unripe\41.jpg
13.jpg,mango,unripe,2,0,7.39,mango\Unripe\13.jpg
356.jpg,banana,rotten,1,2,0.05,banana\Rotten\356.jpg
306.jpg,orange,rotten,3,2,0.6,orange\Rotten\306.jpg
67.jpg,apple,rotten,0,2,0.04,apple\Rotten\67.jpg
518.jpg,papaya,rotten,4,2,-1.16,papaya\Rotten\518.jpg
51.jpg,papaya,rotten,4,2,-2.5,papaya\Rotten\51.jpg
511.jpg,banana,fresh,1,1,3.07,banana\Fresh\511.jpg
420.jpg,apple,unripe,0,0,10.21,apple\Unripe\420.jpg
128.jpg,pineapple,unripe,5,0,5.58,pineapple\Unripe\128.jpg
174.jpg,pineapple,fresh,5,1,2.85,pineapple\Fresh\174.jpg
325.jpg,apple,rotten,0,2,0.04,apple\Rotten\325.jpg
272.jpg,papaya,rotten,4,2,0.45,papaya\Rotten\272.jpg
664.jpg,papaya,rotten,4,2,0.32,papaya\Rotten\664.jpg
53.jpg,pineapple,unripe,5,0,6.13,pineapple\Unripe\53.jpg
163.jpg,apple,unripe,0,0,9.6,apple\Unripe\163.jpg
204.jpg,pineapple,fresh,5,1,3.1,pineapple\Fresh\204.jpg
499.jpg,papaya,fresh,4,1,2.17,papaya\Fresh\499.jpg
468.jpg,mango,unripe,2,0,6.61,mango\Unripe\468.jpg
574.jpg,apple,fresh,0,1,4.98,apple\Fresh\574.jpg
46.jpg,banana,rotten,1,2,0.26,banana\Rotten\46.jpg
261.jpg,mango,unripe,2,0,7.18,mango\Unripe\261.jpg
410.jpg,papaya,unripe,4,0,4.54,papaya\Unripe\410.jpg
32.jpg,orange,rotten,3,2,0.48,orange\Rotten\32.jpg
271.jpg,mango,fresh,2,1,3.05,mango\Fresh\271.jpg
418.jpg,apple,unripe,0,0,10.4,apple\Unripe\418.jpg
500.jpg,papaya,fresh,4,1,1.96,papaya\Fresh\500.jpg
137.jpg,mango,unripe,2,0,6.73,mango\Unripe\137.jpg
542.jpg,apple,rotten,0,2,0.02,apple\Rotten\542.jpg
280.jpg,pineapple,unripe,5,0,5.76,pineapple\Unripe\280.jpg
208.jpg,orange,rotten,3,2,0.03,orange\Rotten\208.jpg
123.jpg,papaya,fresh,4,1,1.96,papaya\Fresh\123.jpg
283.jpg,papaya,rotten,4,2,0.76,papaya\Rotten\283.jpg
92.jpg,orange,unripe,3,0,8.19,orange\Unripe\92.jpg
448.jpg,papaya,rotten,4,2,-1.54,papaya\Rotten\448.jpg
164.jpg,mango,fresh,2,1,3.14,mango\Fresh\164.jpg
501.jpg,orange,fresh,3,1,5.29,orange\Fresh\501.jpg
555.jpg,apple,unripe,0,0,10.4,apple\Unripe\555.jpg
189.jpg,apple,unripe,0,0,9.67,apple\Unripe\189.jpg
558.jpg,apple,unripe,0,0,9.79,apple\Unripe\558.jpg
50.jpg,pineapple,rotten,5,2,0.76,pineapple\Rotten\50.jpg
583.jpg,papaya,unripe,4,0,5.29,papaya\Unripe\583.jpg
562.jpg,orange,unripe,3,0,7.7,orange\Unripe\562.jpg
519.jpg,pineapple,unripe,5,0,5.96,pineapple\Unripe\519.jpg
518.jpg,banana,fresh,1,1,2.95,banana\Fresh\518.jpg
687.jpg,pineapple,rotten,5,2,0.17,pineapple\Rotten\687.jpg
525.jpg,pineapple,unripe,5,0,5.78,pineapple\Unripe\525.jpg
87.jpg,mango,fresh,2,1,3.16,mango\Fresh\87.jpg
605.jpg,orange,fresh,3,1,4.72,orange\Fresh\605.jpg
337.jpg,papaya,rotten,4,2,0.18,papaya\Rotten\337.jpg
98.jpg,papaya,fresh,4,1,2.14,papaya\Fresh\98.jpg
7.jpg,mango,rotten,2,2,-2.08,mango\Rotten\7.jpg
77.jpg,orange,fresh,3,1,4.7,orange\Fresh\77.jpg
243.jpg,papaya,rotten,4,2,0.46,papaya\Rotten\243.jpg
267.jpg,mango,fresh,2,1,3.29,mango\Fresh\267.jpg
160.jpg,pineapple,fresh,5,1,3.01,pineapple\Fresh\160.jpg
258.jpg,orange,rotten,3,2,0.44,orange\Rotten\258.jpg
200.jpg,apple,rotten,0,2,0.2,apple\Rotten\200.jpg
622.jpg,pineapple,fresh,5,1,2.72,pineapple\Fresh\622.jpg
449.jpg,orange,fresh,3,1,4.8,orange\Fresh\449.jpg
48.jpg,orange,fresh,3,1,5.29,orange\Fresh\48.jpg
190.jpg,mango,rotten,2,2,0.25,mango\Rotten\190.jpg
388.jpg,apple,unripe,0,0,10.15,apple\Unripe\388.jpg
242.jpg,mango,fresh,2,1,2.97,mango\Fresh\242.jpg
580.jpg,apple,rotten,0,2,0.37,apple\Rotten\580.jpg
251.jpg,papaya,unripe,4,0,4.91,papaya\Unripe\251.jpg
550.jpg,mango,fresh,2,1,3.21,mango\Fresh\550.jpg
81.jpg,pineapple,rotten,5,2,0.42,pineapple\Rotten\81.jpg
123.jpg,mango,fresh,2,1,3.25,mango\Fresh\123.jpg
194.jpg,banana,fresh,1,1,3.14,banana\Fresh\194.jpg
63.jpg,papaya,fresh,4,1,1.78,papaya\Fresh\63.jpg
271.jpg,pineapple,rotten,5,2,0.76,pineapple\Rotten\271.jpg
185.jpg,apple,rotten,0,2,-2.36,apple\Rotten\185.jpg
572.jpg,pineapple,rotten,5,2,0.5,pineapple\Rotten\572.jpg
352.jpg,orange,fresh,3,1,5.3,orange\Fresh\352.jpg
57.jpg,pineapple,rotten,5,2,0.13,pineapple\Rotten\57.jpg
604.jpg,mango,rotten,2,2,0.41,mango\Rotten\604.jpg
141.jpg,papaya,rotten,4,2,0.62,papaya\Rotten\141.jpg
507.jpg,orange,rotten,3,2,0.61,orange\Rotten\507.jpg
255.jpg,mango,unripe,2,0,7.44,mango\Unripe\255.jpg
80.jpg,banana,fresh,1,1,3.0,banana\Fresh\80.jpg
386.jpg,pineapple,rotten,5,2,0.65,pineapple\Rotten\386.jpg
590.jpg,papaya,fresh,4,1,2.16,papaya\Fresh\590.jpg
90.jpg,papaya,fresh,4,1,1.92,papaya\Fresh\90.jpg
89.jpg,mango,fresh,2,1,3.27,mango\Fresh\89.jpg
157.jpg,pineapple,unripe,5,0,5.95,pineapple\Unripe\157.jpg
479.jpg,apple,rotten,0,2,0.56,apple\Rotten\479.jpg
113.jpg,orange,rotten,3,2,0.61,orange\Rotten\113.jpg
305.jpg,mango,unripe,2,0,6.94,mango\Unripe\305.jpg
71.jpg,pineapple,unripe,5,0,5.6,pineapple\Unripe\71.jpg
402.jpg,mango,unripe,2,0,7.13,mango\Unripe\402.jpg
35.jpg,apple,rotten,0,2,-2.16,apple\Rotten\35.jpg
44.jpg,pineapple,fresh,5,1,3.03,pineapple\Fresh\44.jpg
632.jpg,pineapple,unripe,5,0,6.33,pineapple\Unripe\632.jpg
582.jpg,apple,unripe,0,0,9.79,apple\Unripe\582.jpg
631.jpg,mango,unripe,2,0,7.45,mango\Unripe\631.jpg
195.jpg,papaya,rotten,4,2,0.37,papaya\Rotten\195.jpg
486.jpg,apple,fresh,0,1,4.94,apple\Fresh\486.jpg
145.jpg,banana,unripe,1,0,6.22,banana\Unripe\145.jpg
187.jpg,banana,unripe,1,0,5.88,banana\Unripe\187.jpg
64.jpg,mango,fresh,2,1,3.29,mango\Fresh\64.jpg
531.jpg,apple,rotten,0,2,0.11,apple\Rotten\531.jpg
94.jpg,apple,fresh,0,1,4.7,apple\Fresh\94.jpg
665.jpg,orange,rotten,3,2,-1.38,orange\Rotten\665.jpg
118.jpg,banana,fresh,1,1,3.13,banana\Fresh\118.jpg
310.jpg,banana,unripe,1,0,5.52,banana\Unripe\310.jpg
439.jpg,apple,rotten,0,2,0.74,apple\Rotten\439.jpg
458.jpg,orange,unripe,3,0,7.6,orange\Unripe\458.jpg
314.jpg,banana,rotten,1,2,0.71,banana\Rotten\314.jpg
121.jpg,mango,unripe,2,0,7.15,mango\Unripe\121.jpg
219.jpg,orange,rotten,3,2,0.49,orange\Rotten\219.jpg
619.jpg,orange,rotten,3,2,0.77,orange\Rotten\619.jpg
57.jpg,banana,rotten,1,2,-1.45,banana\Rotten\57.jpg
606.jpg,apple,unripe,0,0,10.39,apple\Unripe\606.jpg
52.jpg,banana,unripe,1,0,5.87,banana\Unripe\52.jpg
638.jpg,papaya,rotten,4,2,-2.27,papaya\Rotten\638.jpg
169.jpg,orange,fresh,3,1,4.75,orange\Fresh\169.jpg
8.jpg,apple,unripe,0,0,10.48,apple\Unripe\8.jpg
642.jpg,apple,rotten,0,2,0.31,apple\Rotten\642.jpg
256.jpg,pineapple,unripe,5,0,6.44,pineapple\Unripe\256.jpg
19.jpg,mango,rotten,2,2,0.22,mango\Rotten\19.jpg
418.jpg,papaya,unripe,4,0,4.85,papaya\Unripe\418.jpg
576.jpg,mango,fresh,2,1,2.95,mango\Fresh\576.jpg
592.jpg,apple,fresh,0,1,5.16,apple\Fresh\592.jpg
120.jpg,papaya,fresh,4,1,2.15,papaya\Fresh\120.jpg
111.jpg,banana,rotten,1,2,0.38,banana\Rotten\111.jpg
45.jpg,banana,fresh,1,1,3.07,banana\Fresh\45.jpg
75.jpg,banana,unripe,1,0,6.02,banana\Unripe\75.jpg
46.jpg,orange,unripe,3,0,8.49,orange\Unripe\46.jpg
222.jpg,orange,fresh,3,1,5.07,orange\Fresh\222.jpg
585.jpg,mango,rotten,2,2,0.3,mango\Rotten\585.jpg
383.jpg,papaya,unripe,4,0,5.48,papaya\Unripe\383.jpg
39.jpg,pineapple,rotten,5,2,0.15,pineapple\Rotten\39.jpg
183.jpg,mango,fresh,2,1,2.91,mango\Fresh\183.jpg
198.jpg,apple,rotten,0,2,0.19,apple\Rotten\198.jpg
63.jpg,orange,fresh,3,1,4.81,orange\Fresh\63.jpg
646.jpg,orange,rotten,3,2,-2.24,orange\Rotten\646.jpg
57.jpg,apple,rotten,0,2,0.26,apple\Rotten\57.jpg
247.jpg,mango,unripe,2,0,7.07,mango\Unripe\247.jpg
630.jpg,orange,rotten,3,2,0.16,orange\Rotten\630.jpg
529.jpg,papaya,unripe,4,0,4.79,papaya\Unripe\529.jpg
503.jpg,banana,unripe,1,0,5.52,banana\Unripe\503.jpg
629.jpg,banana,unripe,1,0,5.51,banana\Unripe\629.jpg
141.jpg,apple,unripe,0,0,9.52,apple\Unripe\141.jpg
411.jpg,apple,unripe,0,0,10.48,apple\Unripe\411.jpg
109.jpg,banana,unripe,1,0,6.43,banana\Unripe\109.jpg
505.jpg,apple,unripe,0,0,10.2,apple\Unripe\505.jpg
667.jpg,pineapple,unripe,5,0,5.74,pineapple\Unripe\667.jpg
465.jpg,pineapple,unripe,5,0,6.42,pineapple\Unripe\465.jpg
487.jpg,mango,rotten,2,2,0.15,mango\Rotten\487.jpg
643.jpg,orange,rotten,3,2,0.13,orange\Rotten\643.jpg
225.jpg,orange,rotten,3,2,0.66,orange\Rotten\225.jpg
377.jpg,apple,unripe,0,0,10.06,apple\Unripe\377.jpg
10.jpg,apple,fresh,0,1,4.82,apple\Fresh\10.jpg
260.jpg,orange,fresh,3,1,5.12,orange\Fresh\260.jpg
274.jpg,orange,rotten,3,2,-2.3,orange\Rotten\274.jpg
384.jpg,banana,fresh,1,1,3.15,banana\Fresh\384.jpg
65.jpg,orange,rotten,3,2,0.28,orange\Rotten\65.jpg
39.jpg,orange,fresh,3,1,4.87,orange\Fresh\39.jpg
605.jpg,apple,rotten,0,2,-1.51,apple\Rotten\605.jpg
29.jpg,apple,rotten,0,2,0.49,apple\Rotten\29.jpg
399.jpg,pineapple,rotten,5,2,0.2,pineapple\Rotten\399.jpg
318.jpg,orange,rotten,3,2,0.17,orange\Rotten\318.jpg
91.jpg,papaya,fresh,4,1,2.3,papaya\Fresh\91.jpg
395.jpg,mango,unripe,2,0,7.16,mango\Unripe\395.jpg
293.jpg,apple,rotten,0,2,-1.79,apple\Rotten\293.jpg
254.jpg,pineapple,rotten,5,2,0.37,pineapple\Rotten\254.jpg
443.jpg,pineapple,unripe,5,0,5.9,pineapple\Unripe\443.jpg
51.jpg,orange,fresh,3,1,4.9,orange\Fresh\51.jpg
196.jpg,papaya,fresh,4,1,2.08,papaya\Fresh\196.jpg
491.jpg,papaya,unripe,4,0,5.36,papaya\Unripe\491.jpg
465.jpg,pineapple,rotten,5,2,-1.67,pineapple\Rotten\465.jpg
632.jpg,papaya,fresh,4,1,2.18,papaya\Fresh\632.jpg
131.jpg,apple,unripe,0,0,9.9,apple\Unripe\131.jpg
493.jpg,pineapple,unripe,5,0,5.6,pineapple\Unripe\493.jpg
147.jpg,orange,unripe,3,0,7.83,orange\Unripe\147.jpg
557.jpg,papaya,fresh,4,1,2.11,papaya\Fresh\557.jpg
450.jpg,orange,fresh,3,1,4.93,orange\Fresh\450.jpg
279.jpg,papaya,rotten,4,2,0.15,papaya\Rotten\279.jpg
82.jpg,papaya,fresh,4,1,2.06,papaya\Fresh\82.jpg
71.jpg,mango,unripe,2,0,7.04,mango\Unripe\71.jpg
581.jpg,apple,unripe,0,0,9.54,apple\Unripe\581.jpg
461.jpg,papaya,fresh,4,1,2.05,papaya\Fresh\461.jpg
516.jpg,pineapple,unripe,5,0,6.46,pineapple\Unripe\516.jpg
156.jpg,banana,unripe,1,0,6.26,banana\Unripe\156.jpg
668.jpg,mango,fresh,2,1,2.92,mango\Fresh\668.jpg
597.jpg,banana,fresh,1,1,2.93,banana\Fresh\597.jpg
204.jpg,orange,fresh,3,1,5.29,orange\Fresh\204.jpg
295.jpg,banana,unripe,1,0,5.69,banana\Unripe\295.jpg
505.jpg,mango,rotten,2,2,0.74,mango\Rotten\505.jpg
434.jpg,mango,rotten,2,2,0.18,mango\Rotten\434.jpg
309.jpg,papaya,rotten,4,2,0.74,papaya\Rotten\309.jpg
279.jpg,mango,rotten,2,2,-1.83,mango\Rotten\279.jpg
123.jpg,orange,rotten,3,2,-1.55,orange\Rotten\123.jpg
271.jpg,orange,rotten,3,2,0.53,orange\Rotten\271.jpg
443.jpg,banana,rotten,1,2,0.21,banana\Rotten\443.jpg
628.jpg,banana,unripe,1,0,5.68,banana\Unripe\628.jpg
672.jpg,papaya,rotten,4,2,0.16,papaya\Rotten\672.jpg
190.jpg,orange,unripe,3,0,8.38,orange\Unripe\190.jpg
285.jpg,apple,fresh,0,1,4.72,apple\Fresh\285.jpg
439.jpg,papaya,fresh,4,1,1.94,papaya\Fresh\439.jpg
679.jpg,apple,fresh,0,1,5.06,apple\Fresh\679.jpg
78.jpg,mango,rotten,2,2,0.15,mango\Rotten\78.jpg
265.jpg,mango,fresh,2,1,2.77,mango\Fresh\265.jpg
428.jpg,papaya,unripe,4,0,4.66,papaya\Unripe\428.jpg
13.jpg,mango,rotten,2,2,-1.48,mango\Rotten\13.jpg
640.jpg,mango,rotten,2,2,0.54,mango\Rotten\640.jpg
607.jpg,pineapple,rotten,5,2,0.38,pineapple\Rotten\607.jpg
5.jpg,papaya,unripe,4,0,4.75,papaya\Unripe\5.jpg
431.jpg,pineapple,rotten,5,2,-1.38,pineapple\Rotten\431.jpg
259.jpg,papaya,rotten,4,2,0.35,papaya\Rotten\259.jpg
543.jpg,mango,unripe,2,0,6.86,mango\Unripe\543.jpg
281.jpg,papaya,unripe,4,0,4.61,papaya\Unripe\281.jpg
651.jpg,apple,unripe,0,0,10.33,apple\Unripe\651.jpg
491.jpg,papaya,rotten,4,2,0.32,papaya\Rotten\491.jpg
630.jpg,mango,rotten,2,2,0.45,mango\Rotten\630.jpg
393.jpg,banana,rotten,1,2,0.25,banana\Rotten\393.jpg
152.jpg,mango,unripe,2,0,7.06,mango\Unripe\152.jpg
187.jpg,banana,rotten,1,2,0.77,banana\Rotten\187.jpg
615.jpg,pineapple,rotten,5,2,0.34,pineapple\Rotten\615.jpg
75.jpg,mango,unripe,2,0,6.96,mango\Unripe\75.jpg
387.jpg,mango,unripe,2,0,7.38,mango\Unripe\387.jpg
519.jpg,papaya,unripe,4,0,4.83,papaya\Unripe\519.jpg
398.jpg,orange,fresh,3,1,4.87,orange\Fresh\398.jpg
85.jpg,papaya,rotten,4,2,0.02,papaya\Rotten\85.jpg
282.jpg,orange,fresh,3,1,5.24,orange\Fresh\282.jpg
250.jpg,banana,unripe,1,0,5.6,banana\Unripe\250.jpg
95.jpg,papaya,rotten,4,2,0.43,papaya\Rotten\95.jpg
631.jpg,mango,rotten,2,2,0.19,mango\Rotten\631.jpg
326.jpg,mango,fresh,2,1,2.83,mango\Fresh\326.jpg
178.jpg,orange,fresh,3,1,5.0,orange\Fresh\178.jpg
567.jpg,pineapple,fresh,5,1,2.78,pineapple\Fresh\567.jpg
42.jpg,mango,unripe,2,0,7.26,mango\Unripe\42.jpg
149.jpg,banana,rotten,1,2,0.37,banana\Rotten\149.jpg
219.jpg,banana,unripe,1,0,5.81,banana\Unripe\219.jpg
479.jpg,orange,fresh,3,1,4.86,orange\Fresh\479.jpg
648.jpg,banana,rotten,1,2,0.43,banana\Rotten\648.jpg
49.jpg,orange,fresh,3,1,5.29,orange\Fresh\49.jpg
571.jpg,papaya,rotten,4,2,0.09,papaya\Rotten\571.jpg
540.jpg,banana,fresh,1,1,3.08,banana\Fresh\540.jpg
364.jpg,mango,rotten,2,2,0.31,mango\Rotten\364.jpg
609.jpg,orange,fresh,3,1,4.96,orange\Fresh\609.jpg
287.jpg,banana,unripe,1,0,6.31,banana\Unripe\287.jpg
342.jpg,pineapple,fresh,5,1,3.04,pineapple\Fresh\342.jpg
545.jpg,orange,rotten,3,2,0.64,orange\Rotten\545.jpg
339.jpg,apple,fresh,0,1,5.26,apple\Fresh\339.jpg
57.jpg,papaya,fresh,4,1,1.99,papaya\Fresh\57.jpg
162.jpg,pineapple,fresh,5,1,3.02,pineapple\Fresh\162.jpg
551.jpg,papaya,fresh,4,1,1.77,papaya\Fresh\551.jpg
40.jpg,orange,fresh,3,1,4.72,orange\Fresh\40.jpg
435.jpg,apple,unripe,0,0,10.3,apple\Unripe\435.jpg
509.jpg,pineapple,unripe,5,0,6.44,pineapple\Unripe\509.jpg
42.jpg,apple,unripe,0,0,10.2,apple\Unripe\42.jpg
204.jpg,mango,rotten,2,2,-1.95,mango\Rotten\204.jpg
190.jpg,pineapple,unripe,5,0,5.62,pineapple\Unripe\190.jpg
341.jpg,banana,fresh,1,1,3.04,banana\Fresh\341.jpg
132.jpg,papaya,unripe,4,0,5.24,papaya\Unripe\132.jpg
158.jpg,orange,unripe,3,0,7.56,orange\Unripe\158.jpg
436.jpg,orange,fresh,3,1,5.28,orange\Fresh\436.jpg
119.jpg,papaya,unripe,4,0,4.71,papaya\Unripe\119.jpg
110.jpg,apple,rotten,0,2,0.72,apple\Rotten\110.jpg
648.jpg,mango,unripe,2,0,7.02,mango\Unripe\648.jpg
368.jpg,mango,unripe,2,0,6.83,mango\Unripe\368.jpg
183.jpg,papaya,rotten,4,2,0.26,papaya\Rotten\183.jpg
605.jpg,mango,fresh,2,1,3.24,mango\Fresh\605.jpg
47.jpg,pineapple,fresh,5,1,2.96,pineapple\Fresh\47.jpg
376.jpg,orange,unripe,3,0,8.07,orange\Unripe\376.jpg
321.jpg,papaya,unripe,4,0,5.45,papaya\Unripe\321.jpg
637.jpg,pineapple,unripe,5,0,5.88,pineapple\Unripe\637.jpg
259.jpg,apple,unripe,0,0,10.21,apple\Unripe\259.jpg
438.jpg,banana,unripe,1,0,5.85,banana\Unripe\438.jpg
185.jpg,orange,unripe,3,0,8.22,orange\Unripe\185.jpg
17.jpg,apple,unripe,0,0,9.85,apple\Unripe\17.jpg
96.jpg,mango,fresh,2,1,2.79,mango\Fresh\96.jpg
230.jpg,apple,rotten,0,2,0.41,apple\Rotten\230.jpg
359.jpg,mango,fresh,2,1,2.78,mango\Fresh\359.jpg
97.jpg,pineapple,fresh,5,1,3.26,pineapple\Fresh\97.jpg
213.jpg,papaya,rotten,4,2,0.47,papaya\Rotten\213.jpg
480.jpg,papaya,rotten,4,2,-2.06,papaya\Rotten\480.jpg
19.jpg,pineapple,unripe,5,0,6.14,pineapple\Unripe\19.jpg
399.jpg,papaya,rotten,4,2,0.13,papaya\Rotten\399.jpg
551.jpg,apple,unripe,0,0,9.6,apple\Unripe\551.jpg
71.jpg,pineapple,rotten,5,2,0.1,pineapple\Rotten\71.jpg
63.jpg,apple,fresh,0,1,4.84,apple\Fresh\63.jpg
113.jpg,mango,fresh,2,1,3.09,mango\Fresh\113.jpg
78.jpg,papaya,rotten,4,2,0.14,papaya\Rotten\78.jpg
594.jpg,banana,unripe,1,0,5.98,banana\Unripe\594.jpg
181.jpg,pineapple,rotten,5,2,-1.75,pineapple\Rotten\181.jpg
601.jpg,orange,unripe,3,0,7.93,orange\Unripe\601.jpg
25.jpg,banana,unripe,1,0,5.68,banana\Unripe\25.jpg
551.jpg,apple,rotten,0,2,-2.0,apple\Rotten\551.jpg
234.jpg,banana,unripe,1,0,5.61,banana\Unripe\234.jpg
256.jpg,pineapple,fresh,5,1,3.13,pineapple\Fresh\256.jpg
468.jpg,pineapple,unripe,5,0,6.34,pineapple\Unripe\468.jpg
67.jpg,banana,unripe,1,0,5.69,banana\Unripe\67.jpg
240.jpg,apple,rotten,0,2,0.61,apple\Rotten\240.jpg
354.jpg,papaya,unripe,4,0,4.79,papaya\Unripe\354.jpg
613.jpg,banana,rotten,1,2,0.07,banana\Rotten\613.jpg
639.jpg,orange,unripe,3,0,8.1,orange\Unripe\639.jpg
197.jpg,apple,rotten,0,2,0.07,apple\Rotten\197.jpg
502.jpg,mango,fresh,2,1,2.87,mango\Fresh\502.jpg
490.jpg,papaya,rotten,4,2,0.52,papaya\Rotten\490.jpg
125.jpg,apple,fresh,0,1,4.73,apple\Fresh\125.jpg
557.jpg,apple,fresh,0,1,5.24,apple\Fresh\557.jpg
530.jpg,orange,unripe,3,0,7.54,orange\Unripe\530.jpg
385.jpg,papaya,unripe,4,0,5.04,papaya\Unripe\385.jpg
215.jpg,mango,fresh,2,1,3.0,mango\Fresh\215.jpg
93.jpg,papaya,fresh,4,1,1.9,papaya\Fresh\93.jpg
326.jpg,mango,unripe,2,0,6.83,mango\Unripe\326.jpg
494.jpg,pineapple,rotten,5,2,0.53,pineapple\Rotten\494.jpg
674.jpg,orange,rotten,3,2,-1.52,orange\Rotten\674.jpg
102.jpg,banana,fresh,1,1,3.13,banana\Fresh\102.jpg
119.jpg,banana,fresh,1,1,3.24,banana\Fresh\119.jpg
363.jpg,papaya,fresh,4,1,2.04,papaya\Fresh\363.jpg
434.jpg,mango,unripe,2,0,6.7,mango\Unripe\434.jpg
579.jpg,papaya,unripe,4,0,5.4,papaya\Unripe\579.jpg
304.jpg,pineapple,rotten,5,2,0.23,pineapple\Rotten\304.jpg
72.jpg,papaya,fresh,4,1,2.19,papaya\Fresh\72.jpg
620.jpg,mango,fresh,2,1,2.83,mango\Fresh\620.jpg
537.jpg,mango,unripe,2,0,6.87,mango\Unripe\537.jpg
34.jpg,banana,fresh,1,1,3.24,banana\Fresh\34.jpg
462.jpg,banana,unripe,1,0,6.34,banana\Unripe\462.jpg
359.jpg,banana,unripe,1,0,5.82,banana\Unripe\359.jpg
147.jpg,apple,fresh,0,1,5.29,apple\Fresh\147.jpg
307.jpg,pineapple,fresh,5,1,2.94,pineapple\Fresh\307.jpg
93.jpg,apple,rotten,0,2,0.01,apple\Rotten\93.jpg
413.jpg,banana,fresh,1,1,3.28,banana\Fresh\413.jpg
388.jpg,banana,rotten,1,2,0.07,banana\Rotten\388.jpg
394.jpg,papaya,unripe,4,0,4.77,papaya\Unripe\394.jpg
237.jpg,pineapple,rotten,5,2,0.16,pineapple\Rotten\237.jpg
509.jpg,pineapple,rotten,5,2,0.17,pineapple\Rotten\509.jpg
227.jpg,orange,rotten,3,2,0.5,orange\Rotten\227.jpg
482.jpg,papaya,unripe,4,0,5.12,papaya\Unripe\482.jpg
251.jpg,banana,unripe,1,0,6.4,banana\Unripe\251.jpg
328.jpg,papaya,unripe,4,0,5.4,papaya\Unripe\328.jpg
298.jpg,banana,rotten,1,2,0.24,banana\Rotten\298.jpg
493.jpg,apple,unripe,0,0,9.9,apple\Unripe\493.jpg
641.jpg,papaya,unripe,4,0,5.49,papaya\Unripe\641.jpg
96.jpg,mango,unripe,2,0,7.14,mango\Unripe\96.jpg
521.jpg,pineapple,unripe,5,0,6.07,pineapple\Unripe\521.jpg
496.jpg,apple,fresh,0,1,5.17,apple\Fresh\496.jpg
666.jpg,orange,rotten,3,2,-2.45,orange\Rotten\666.jpg
21.jpg,mango,fresh,2,1,2.92,mango\Fresh\21.jpg
317.jpg,orange,rotten,3,2,0.6,orange\Rotten\317.jpg
274.jpg,mango,unripe,2,0,7.25,mango\Unripe\274.jpg
127.jpg,mango,unripe,2,0,7.37,mango\Unripe\127.jpg
267.jpg,banana,unripe,1,0,5.56,banana\Unripe\267.jpg
163.jpg,pineapple,rotten,5,2,-2.17,pineapple\Rotten\163.jpg
230.jpg,banana,rotten,1,2,0.74,banana\Rotten\230.jpg
390.jpg,mango,unripe,2,0,7.11,mango\Unripe\390.jpg
370.jpg,orange,rotten,3,2,-1.45,orange\Rotten\370.jpg
641.jpg,banana,rotten,1,2,0.71,banana\Rotten\641.jpg
646.jpg,pineapple,rotten,5,2,0.17,pineapple\Rotten\646.jpg
5.jpg,pineapple,rotten,5,2,0.02,pineapple\Rotten\5.jpg
49.jpg,papaya,fresh,4,1,2.06,papaya\Fresh\49.jpg
132.jpg,apple,rotten,0,2,0.01,apple\Rotten\132.jpg
114.jpg,apple,unripe,0,0,10.11,apple\Unripe\114.jpg
74.jpg,orange,unripe,3,0,7.59,orange\Unripe\74.jpg
283.jpg,papaya,fresh,4,1,2.22,papaya\Fresh\283.jpg
510.jpg,pineapple,fresh,5,1,3.07,pineapple\Fresh\510.jpg
384.jpg,apple,rotten,0,2,0.2,apple\Rotten\384.jpg
603.jpg,banana,unripe,1,0,5.8,banana\Unripe\603.jpg
442.jpg,orange,unripe,3,0,7.77,orange\Unripe\442.jpg
604.jpg,mango,unripe,2,0,6.84,mango\Unripe\604.jpg
425.jpg,apple,unripe,0,0,10.17,apple\Unripe\425.jpg
403.jpg,banana,rotten,1,2,0.26,banana\Rotten\403.jpg
457.jpg,banana,unripe,1,0,6.08,banana\Unripe\457.jpg
389.jpg,pineapple,rotten,5,2,0.36,pineapple\Rotten\389.jpg
455.jpg,mango,fresh,2,1,2.99,mango\Fresh\455.jpg
154.jpg,pineapple,fresh,5,1,3.11,pineapple\Fresh\154.jpg
280.jpg,papaya,fresh,4,1,1.77,papaya\Fresh\280.jpg
150.jpg,papaya,rotten,4,2,0.35,papaya\Rotten\150.jpg
94.jpg,mango,fresh,2,1,3.03,mango\Fresh\94.jpg
290.jpg,mango,unripe,2,0,7.48,mango\Unripe\290.jpg
457.jpg,pineapple,unripe,5,0,6.29,pineapple\Unripe\457.jpg
569.jpg,orange,unripe,3,0,8.28,orange\Unripe\569.jpg
454.jpg,apple,unripe,0,0,9.93,apple\Unripe\454.jpg
478.jpg,mango,rotten,2,2,0.73,mango\Rotten\478.jpg
451.jpg,pineapple,unripe,5,0,5.71,pineapple\Unripe\451.jpg
43.jpg,apple,fresh,0,1,5.06,apple\Fresh\43.jpg
146.jpg,apple,fresh,0,1,5.22,apple\Fresh\146.jpg
624.jpg,apple,unripe,0,0,10.06,apple\Unripe\624.jpg
476.jpg,papaya,unripe,4,0,4.63,papaya\Unripe\476.jpg
342.jpg,mango,rotten,2,2,-1.71,mango\Rotten\342.jpg
341.jpg,mango,fresh,2,1,2.96,mango\Fresh\341.jpg
286.jpg,pineapple,unripe,5,0,6.13,pineapple\Unripe\286.jpg
557.jpg,orange,fresh,3,1,5.27,orange\Fresh\557.jpg
312.jpg,pineapple,fresh,5,1,3.11,pineapple\Fresh\312.jpg
134.jpg,pineapple,fresh,5,1,2.96,pineapple\Fresh\134.jpg
453.jpg,pineapple,unripe,5,0,5.97,pineapple\Unripe\453.jpg
38.jpg,orange,rotten,3,2,0.06,orange\Rotten\38.jpg
290.jpg,apple,unripe,0,0,10.36,apple\Unripe\290.jpg
488.jpg,banana,rotten,1,2,0.58,banana\Rotten\488.jpg
535.jpg,banana,fresh,1,1,3.28,banana\Fresh\535.jpg
467.jpg,orange,rotten,3,2,0.54,orange\Rotten\467.jpg
334.jpg,mango,unripe,2,0,7.31,mango\Unripe\334.jpg
71.jpg,apple,unripe,0,0,10.4,apple\Unripe\71.jpg
517.jpg,pineapple,rotten,5,2,0.55,pineapple\Rotten\517.jpg
584.jpg,apple,rotten,0,2,0.13,apple\Rotten\584.jpg
257.jpg,orange,unripe,3,0,7.56,orange\Unripe\257.jpg
282.jpg,mango,unripe,2,0,7.39,mango\Unripe\282.jpg
94.jpg,orange,unripe,3,0,8.06,orange\Unripe\94.jpg
679.jpg,pineapple,rotten,5,2,0.48,pineapple\Rotten\679.jpg
143.jpg,pineapple,fresh,5,1,3.17,pineapple\Fresh\143.jpg
94.jpg,apple,rotten,0,2,0.2,apple\Rotten\94.jpg
145.jpg,orange,rotten,3,2,0.51,orange\Rotten\145.jpg
570.jpg,mango,fresh,2,1,3.04,mango\Fresh\570.jpg
523.jpg,orange,unripe,3,0,7.55,orange\Unripe\523.jpg
361.jpg,apple,rotten,0,2,0.47,apple\Rotten\361.jpg
614.jpg,banana,rotten,1,2,-2.17,banana\Rotten\614.jpg
510.jpg,apple,rotten,0,2,0.09,apple\Rotten\510.jpg
632.jpg,papaya,unripe,4,0,5.25,papaya\Unripe\632.jpg
242.jpg,papaya,rotten,4,2,-1.11,papaya\Rotten\242.jpg
227.jpg,pineapple,fresh,5,1,2.97,pineapple\Fresh\227.jpg
188.jpg,banana,fresh,1,1,3.3,banana\Fresh\188.jpg
332.jpg,pineapple,fresh,5,1,3.24,pineapple\Fresh\332.jpg
559.jpg,banana,rotten,1,2,-2.46,banana\Rotten\559.jpg
327.jpg,orange,rotten,3,2,0.79,orange\Rotten\327.jpg
615.jpg,papaya,fresh,4,1,1.83,papaya\Fresh\615.jpg
600.jpg,pineapple,rotten,5,2,0.53,pineapple\Rotten\600.jpg
537.jpg,orange,fresh,3,1,4.78,orange\Fresh\537.jpg
393.jpg,papaya,fresh,4,1,1.85,papaya\Fresh\393.jpg
230.jpg,orange,rotten,3,2,-1.18,orange\Rotten\230.jpg
334.jpg,apple,rotten,0,2,0.37,apple\Rotten\334.jpg
216.jpg,apple,unripe,0,0,9.83,apple\Unripe\216.jpg
611.jpg,apple,unripe,0,0,9.85,apple\Unripe\611.jpg
462.jpg,papaya,unripe,4,0,5.07,papaya\Unripe\462.jpg
11.jpg,mango,unripe,2,0,7.33,mango\Unripe\11.jpg
19.jpg,apple,unripe,0,0,10.23,apple\Unripe\19.jpg
48.jpg,apple,unripe,0,0,10.35,apple\Unripe\48.jpg
612.jpg,orange,unripe,3,0,7.5,orange\Unripe\612.jpg
506.jpg,mango,fresh,2,1,2.88,mango\Fresh\506.jpg
91.jpg,banana,unripe,1,0,5.97,banana\Unripe\91.jpg
372.jpg,apple,rotten,0,2,0.36,apple\Rotten\372.jpg
475.jpg,mango,fresh,2,1,2.89,mango\Fresh\475.jpg
363.jpg,orange,fresh,3,1,4.79,orange\Fresh\363.jpg
61.jpg,pineapple,rotten,5,2,0.08,pineapple\Rotten\61.jpg
350.jpg,banana,fresh,1,1,3.28,banana\Fresh\350.jpg
92.jpg,mango,fresh,2,1,2.87,mango\Fresh\92.jpg
324.jpg,pineapple,rotten,5,2,0.13,pineapple\Rotten\324.jpg
363.jpg,banana,rotten,1,2,-1.07,banana\Rotten\363.jpg
243.jpg,apple,rotten,0,2,-2.11,apple\Rotten\243.jpg
176.jpg,pineapple,unripe,5,0,5.86,pineapple\Unripe\176.jpg
597.jpg,papaya,rotten,4,2,0.65,papaya\Rotten\597.jpg
239.jpg,papaya,unripe,4,0,4.62,papaya\Unripe\239.jpg
665.jpg,papaya,unripe,4,0,4.52,papaya\Unripe\665.jpg
91.jpg,papaya,rotten,4,2,0.44,papaya\Rotten\91.jpg
42.jpg,pineapple,rotten,5,2,-2.09,pineapple\Rotten\42.jpg
283.jpg,banana,unripe,1,0,5.78,banana\Unripe\283.jpg
302.jpg,apple,unripe,0,0,9.88,apple\Unripe\302.jpg
591.jpg,banana,rotten,1,2,0.33,banana\Rotten\591.jpg
83.jpg,pineapple,fresh,5,1,3.01,pineapple\Fresh\83.jpg
231.jpg,orange,rotten,3,2,0.12,orange\Rotten\231.jpg
374.jpg,mango,rotten,2,2,0.73,mango\Rotten\374.jpg
385.jpg,banana,rotten,1,2,0.69,banana\Rotten\385.jpg
635.jpg,orange,rotten,3,2,-2.02,orange\Rotten\635.jpg
539.jpg,pineapple,fresh,5,1,2.99,pineapple\Fresh\539.jpg
621.jpg,banana,rotten,1,2,0.11,banana\Rotten\621.jpg
326.jpg,orange,fresh,3,1,4.77,orange\Fresh\326.jpg
124.jpg,banana,fresh,1,1,3.13,banana\Fresh\124.jpg
43.jpg,apple,rotten,0,2,0.45,apple\Rotten\43.jpg
117.jpg,banana,rotten,1,2,0.06,banana\Rotten\117.jpg
58.jpg,apple,unripe,0,0,10.3,apple\Unripe\58.jpg
321.jpg,banana,fresh,1,1,3.17,banana\Fresh\321.jpg
596.jpg,banana,unripe,1,0,5.78,banana\Unripe\596.jpg
389.jpg,banana,rotten,1,2,0.54,banana\Rotten\389.jpg
507.jpg,pineapple,unripe,5,0,6.49,pineapple\Unripe\507.jpg
298.jpg,mango,fresh,2,1,2.78,mango\Fresh\298.jpg
437.jpg,pineapple,unripe,5,0,5.95,pineapple\Unripe\437.jpg
565.jpg,pineapple,fresh,5,1,2.79,pineapple\Fresh\565.jpg
522.jpg,mango,unripe,2,0,6.65,mango\Unripe\522.jpg
486.jpg,mango,fresh,2,1,2.72,mango\Fresh\486.jpg
216.jpg,papaya,unripe,4,0,4.89,papaya\Unripe\216.jpg
97.jpg,orange,unripe,3,0,7.85,orange\Unripe\97.jpg
285.jpg,mango,fresh,2,1,3.05,mango\Fresh\285.jpg
302.jpg,orange,fresh,3,1,4.91,orange\Fresh\302.jpg
554.jpg,orange,rotten,3,2,-1.01,orange\Rotten\554.jpg
609.jpg,banana,rotten,1,2,0.54,banana\Rotten\609.jpg
71.jpg,banana,rotten,1,2,-1.41,banana\Rotten\71.jpg
268.jpg,pineapple,fresh,5,1,2.78,pineapple\Fresh\268.jpg
642.jpg,banana,rotten,1,2,0.27,banana\Rotten\642.jpg
475.jpg,banana,rotten,1,2,0.29,banana\Rotten\475.jpg
235.jpg,mango,unripe,2,0,6.73,mango\Unripe\235.jpg
10.jpg,apple,rotten,0,2,0.49,apple\Rotten\10.jpg
115.jpg,pineapple,rotten,5,2,0.15,pineapple\Rotten\115.jpg
425.jpg,banana,unripe,1,0,5.51,banana\Unripe\425.jpg
514.jpg,apple,fresh,0,1,4.89,apple\Fresh\514.jpg
310.jpg,banana,rotten,1,2,0.62,banana\Rotten\310.jpg
304.jpg,banana,unripe,1,0,6.27,banana\Unripe\304.jpg
505.jpg,orange,rotten,3,2,-1.43,orange\Rotten\505.jpg
16.jpg,pineapple,unripe,5,0,5.97,pineapple\Unripe\16.jpg
77.jpg,papaya,unripe,4,0,4.8,papaya\Unripe\77.jpg
363.jpg,banana,fresh,1,1,2.93,banana\Fresh\363.jpg
517.jpg,apple,fresh,0,1,4.78,apple\Fresh\517.jpg
4.jpg,papaya,fresh,4,1,1.84,papaya\Fresh\4.jpg
450.jpg,pineapple,unripe,5,0,6.16,pineapple\Unripe\450.jpg
22.jpg,orange,rotten,3,2,0.61,orange\Rotten\22.jpg
337.jpg,mango,fresh,2,1,2.95,mango\Fresh\337.jpg
83.jpg,papaya,rotten,4,2,0.68,papaya\Rotten\83.jpg
578.jpg,orange,rotten,3,2,0.34,orange\Rotten\578.jpg
76.jpg,pineapple,fresh,5,1,3.08,pineapple\Fresh\76.jpg
393.jpg,banana,unripe,1,0,5.66,banana\Unripe\393.jpg
499.jpg,papaya,unripe,4,0,4.58,papaya\Unripe\499.jpg
420.jpg,apple,rotten,0,2,0.68,apple\Rotten\420.jpg
476.jpg,mango,fresh,2,1,2.82,mango\Fresh\476.jpg
373.jpg,pineapple,rotten,5,2,0.13,pineapple\Rotten\373.jpg
624.jpg,orange,unripe,3,0,8.25,orange\Unripe\624.jpg
231.jpg,banana,fresh,1,1,2.9,banana\Fresh\231.jpg
138.jpg,pineapple,unripe,5,0,6.1,pineapple\Unripe\138.jpg
277.jpg,papaya,rotten,4,2,-1.88,papaya\Rotten\277.jpg
158.jpg,banana,fresh,1,1,3.28,banana\Fresh\158.jpg
615.jpg,pineapple,fresh,5,1,2.8,pineapple\Fresh\615.jpg
416.jpg,papaya,unripe,4,0,5.12,papaya\Unripe\416.jpg
553.jpg,banana,rotten,1,2,0.57,banana\Rotten\553.jpg
359.jpg,banana,rotten,1,2,0.53,banana\Rotten\359.jpg
654.jpg,orange,fresh,3,1,5.16,orange\Fresh\654.jpg
471.jpg,banana,unripe,1,0,6.1,banana\Unripe\471.jpg
203.jpg,banana,fresh,1,1,3.0,banana\Fresh\203.jpg
30.jpg,papaya,fresh,4,1,2.02,papaya\Fresh\30.jpg
81.jpg,pineapple,unripe,5,0,6.19,pineapple\Unripe\81.jpg
379.jpg,mango,unripe,2,0,6.9,mango\Unripe\379.jpg
510.jpg,pineapple,rotten,5,2,0.04,pineapple\Rotten\510.jpg
555.jpg,banana,rotten,1,2,0.67,banana\Rotten\555.jpg
514.jpg,mango,fresh,2,1,3.29,mango\Fresh\514.jpg
29.jpg,pineapple,fresh,5,1,2.79,pineapple\Fresh\29.jpg
355.jpg,banana,unripe,1,0,6.07,banana\Unripe\355.jpg
448.jpg,orange,unripe,3,0,8.3,orange\Unripe\448.jpg
154.jpg,papaya,unripe,4,0,4.89,papaya\Unripe\154.jpg
258.jpg,apple,rotten,0,2,-1.01,apple\Rotten\258.jpg
25.jpg,mango,fresh,2,1,3.01,mango\Fresh\25.jpg
44.jpg,banana,fresh,1,1,2.72,banana\Fresh\44.jpg
613.jpg,papaya,unripe,4,0,4.99,papaya\Unripe\613.jpg
609.jpg,banana,unripe,1,0,5.53,banana\Unripe\609.jpg
561.jpg,mango,unripe,2,0,6.75,mango\Unripe\561.jpg
281.jpg,pineapple,unripe,5,0,6.25,pineapple\Unripe\281.jpg
531.jpg,orange,rotten,3,2,0.27,orange\Rotten\531.jpg
139.jpg,apple,fresh,0,1,4.97,apple\Fresh\139.jpg
187.jpg,banana,fresh,1,1,3.2,banana\Fresh\187.jpg
501.jpg,mango,fresh,2,1,3.12,mango\Fresh\501.jpg
437.jpg,apple,unripe,0,0,10.07,apple\Unripe\437.jpg
177.jpg,pineapple,fresh,5,1,3.21,pineapple\Fresh\177.jpg
483.jpg,apple,rotten,0,2,0.01,apple\Rotten\483.jpg
315.jpg,pineapple,rotten,5,2,0.68,pineapple\Rotten\315.jpg
259.jpg,papaya,unripe,4,0,5.47,papaya\Unripe\259.jpg
621.jpg,papaya,rotten,4,2,0.43,papaya\Rotten\621.jpg
58.jpg,banana,rotten,1,2,0.6,banana\Rotten\58.jpg
500.jpg,mango,fresh,2,1,3.19,mango\Fresh\500.jpg
20.jpg,papaya,fresh,4,1,1.97,papaya\Fresh\20.jpg
144.jpg,mango,fresh,2,1,3.12,mango\Fresh\144.jpg
230.jpg,pineapple,unripe,5,0,5.62,pineapple\Unripe\230.jpg
515.jpg,pineapple,fresh,5,1,3.03,pineapple\Fresh\515.jpg
390.jpg,papaya,rotten,4,2,-1.42,papaya\Rotten\390.jpg
232.jpg,papaya,rotten,4,2,0.36,papaya\Rotten\232.jpg
609.jpg,mango,fresh,2,1,2.9,mango\Fresh\609.jpg
381.jpg,orange,rotten,3,2,-1.62,orange\Rotten\381.jpg
50.jpg,apple,fresh,0,1,4.82,apple\Fresh\50.jpg
356.jpg,banana,fresh,1,1,2.71,banana\Fresh\356.jpg
281.jpg,papaya,rotten,4,2,0.28,papaya\Rotten\281.jpg
634.jpg,orange,unripe,3,0,7.63,orange\Unripe\634.jpg
159.jpg,mango,unripe,2,0,6.86,mango\Unripe\159.jpg
196.jpg,apple,rotten,0,2,0.27,apple\Rotten\196.jpg
341.jpg,banana,unripe,1,0,6.24,banana\Unripe\341.jpg
480.jpg,apple,unripe,0,0,9.75,apple\Unripe\480.jpg
339.jpg,mango,fresh,2,1,3.27,mango\Fresh\339.jpg
329.jpg,banana,fresh,1,1,2.78,banana\Fresh\329.jpg
567.jpg,mango,fresh,2,1,2.83,mango\Fresh\567.jpg
317.jpg,pineapple,fresh,5,1,2.79,pineapple\Fresh\317.jpg
